sample_index,X_motifs,X_discords,Y_motifs,Y_discords,Z_motifs,Z_discords,enmo_motifs,enmo_discords,anglez_motifs,anglez_discords,light_motifs,light_discords
0,"[112, 61, 110]","[180, 55, 179]","[180, 34, 179]","[8, 148, 11]","[75, 52, 77]","[37, 38, 36]","[47, 148, 67]","[81, 31, 32]","[73, 46, 75]","[39, 115, 109]","[142, 6, 141]","[78, 77, 79]"
1,"[167, 53, 166]","[70, 170, 69]","[137, 43, 131]","[68, 62, 61]","[50, 123, 79]","[88, 64, 180]","[101, 130, 129]","[19, 26, 21]","[79, 120, 78]","[26, 22, 27]","[21, 27, 22]","[126, 127, 129]"
2,"[133, 67, 136]","[25, 47, 29]","[88, 134, 95]","[157, 51, 50]","[120, 28, 128]","[167, 166, 57]","[111, 24, 110]","[43, 1, 8]","[28, 120, 168]","[1, 2, 0]","[2, 23, 1]","[129, 171, 64]"
3,"[24, 124, 25]","[34, 175, 94]","[87, 23, 172]","[117, 118, 128]","[141, 167, 142]","[75, 74, 49]","[85, 166, 82]","[95, 94, 98]","[1, 53, 87]","[125, 124, 126]","[3, 18, 19]","[114, 109, 93]"
4,"[3, 11, 4]","[36, 37, 38]","[74, 7, 72]","[166, 110, 105]","[90, 23, 165]","[97, 99, 96]","[42, 61, 41]","[170, 171, 152]","[170, 49, 161]","[63, 62, 138]","[0, 22, 23]","[56, 57, 146]"
5,"[0, 112, 51]","[19, 21, 22]","[177, 162, 179]","[22, 24, 18]","[29, 10, 28]","[67, 68, 176]","[27, 5, 26]","[155, 156, 157]","[144, 137, 102]","[69, 68, 172]","[0, 25, 10]","[47, 103, 49]"
6,"[93, 174, 92]","[80, 150, 125]","[128, 92, 127]","[151, 170, 136]","[140, 9, 11]","[125, 123, 124]","[56, 75, 141]","[33, 164, 32]","[141, 11, 142]","[128, 125, 126]","[0, 7, 6]","[40, 105, 129]"
7,"[39, 77, 79]","[85, 53, 61]","[106, 34, 180]","[142, 141, 138]","[45, 6, 44]","[69, 75, 76]","[98, 70, 110]","[139, 138, 18]","[84, 51, 110]","[34, 32, 101]","[4, 34, 35]","[125, 46, 47]"
8,"[79, 11, 75]","[123, 168, 170]","[179, 16, 92]","[73, 80, 69]","[116, 166, 5]","[67, 68, 62]","[18, 126, 22]","[100, 101, 156]","[136, 94, 137]","[142, 0, 144]","[27, 21, 20]","[92, 100, 147]"
9,"[33, 157, 155]","[103, 104, 172]","[0, 36, 89]","[140, 139, 141]","[25, 19, 17]","[177, 178, 55]","[151, 159, 166]","[113, 107, 112]","[180, 31, 33]","[148, 162, 149]","[180, 174, 179]","[104, 105, 106]"
10,"[53, 145, 178]","[43, 38, 35]","[38, 155, 153]","[85, 177, 108]","[0, 20, 21]","[76, 77, 74]","[65, 158, 157]","[3, 1, 2]","[0, 20, 151]","[114, 117, 118]","[1, 10, 9]","[51, 48, 49]"
11,"[169, 16, 168]","[144, 151, 145]","[55, 168, 169]","[148, 150, 147]","[177, 18, 17]","[11, 7, 10]","[172, 59, 171]","[16, 17, 78]","[19, 57, 18]","[7, 73, 8]","[0, 14, 13]","[125, 71, 126]"
12,"[88, 163, 73]","[64, 62, 65]","[88, 143, 89]","[25, 26, 24]","[115, 8, 76]","[105, 104, 94]","[0, 14, 158]","[174, 176, 173]","[163, 84, 124]","[82, 70, 83]","[2, 8, 1]","[150, 151, 92]"
13,"[2, 147, 46]","[84, 33, 58]","[169, 129, 168]","[161, 164, 163]","[178, 83, 138]","[154, 155, 12]","[36, 165, 167]","[114, 115, 116]","[180, 85, 84]","[12, 4, 5]","[60, 66, 59]","[68, 168, 111]"
14,"[156, 175, 176]","[34, 18, 59]","[127, 167, 130]","[76, 140, 108]","[33, 129, 30]","[88, 136, 77]","[6, 16, 12]","[147, 43, 155]","[50, 145, 52]","[165, 90, 85]","[4, 14, 13]","[54, 162, 51]"
15,"[29, 173, 1]","[48, 106, 46]","[140, 9, 15]","[131, 79, 80]","[27, 14, 26]","[107, 104, 99]","[19, 139, 138]","[55, 95, 106]","[174, 49, 173]","[100, 103, 104]","[174, 168, 172]","[43, 42, 124]"
16,"[29, 156, 26]","[77, 76, 44]","[20, 164, 19]","[65, 66, 67]","[122, 148, 130]","[168, 169, 51]","[141, 168, 139]","[105, 106, 107]","[142, 109, 150]","[35, 2, 36]","[4, 41, 40]","[106, 104, 73]"
17,"[44, 124, 39]","[161, 160, 108]","[4, 87, 0]","[47, 46, 45]","[151, 17, 123]","[40, 42, 39]","[73, 100, 52]","[133, 37, 5]","[2, 58, 0]","[138, 52, 137]","[0, 9, 10]","[155, 156, 158]"
18,"[180, 11, 10]","[112, 111, 113]","[159, 4, 160]","[94, 96, 92]","[164, 114, 163]","[78, 80, 79]","[152, 8, 154]","[142, 143, 97]","[127, 52, 53]","[80, 138, 79]","[161, 168, 167]","[85, 71, 69]"
19,"[153, 57, 152]","[102, 101, 103]","[25, 9, 107]","[75, 142, 140]","[125, 91, 93]","[141, 180, 142]","[156, 163, 154]","[78, 76, 79]","[124, 19, 123]","[108, 107, 109]","[37, 31, 29]","[96, 95, 123]"
20,"[43, 83, 84]","[93, 91, 174]","[39, 32, 40]","[152, 158, 100]","[57, 119, 58]","[106, 105, 110]","[173, 109, 174]","[149, 47, 0]","[180, 126, 179]","[141, 107, 83]","[128, 122, 127]","[37, 36, 35]"
21,"[8, 24, 23]","[46, 47, 45]","[162, 16, 15]","[126, 58, 57]","[159, 177, 178]","[75, 162, 137]","[135, 103, 136]","[48, 8, 50]","[39, 16, 37]","[139, 140, 80]","[9, 35, 10]","[160, 164, 161]"
22,"[16, 25, 122]","[150, 106, 148]","[49, 66, 69]","[142, 149, 150]","[178, 29, 3]","[40, 90, 36]","[26, 176, 177]","[172, 171, 60]","[179, 24, 23]","[40, 143, 70]","[113, 160, 159]","[64, 65, 61]"
23,"[37, 66, 67]","[138, 179, 174]","[180, 5, 46]","[170, 103, 101]","[46, 15, 61]","[127, 120, 115]","[179, 55, 180]","[100, 143, 7]","[52, 170, 14]","[115, 114, 125]","[3, 14, 13]","[100, 99, 97]"
24,"[134, 79, 80]","[28, 37, 43]","[132, 12, 133]","[155, 156, 154]","[81, 132, 83]","[23, 12, 22]","[177, 155, 178]","[82, 85, 83]","[83, 133, 132]","[114, 113, 23]","[0, 8, 7]","[65, 64, 67]"
25,"[72, 5, 6]","[154, 155, 40]","[103, 135, 174]","[98, 97, 92]","[106, 148, 105]","[92, 156, 93]","[17, 33, 29]","[155, 156, 157]","[106, 148, 147]","[23, 46, 24]","[4, 17, 16]","[100, 101, 164]"
26,"[34, 82, 146]","[76, 74, 75]","[19, 136, 134]","[60, 57, 33]","[151, 7, 8]","[38, 149, 113]","[110, 17, 178]","[174, 73, 58]","[138, 103, 28]","[38, 114, 37]","[176, 170, 178]","[158, 52, 157]"
27,"[25, 101, 26]","[76, 79, 75]","[5, 80, 4]","[108, 109, 28]","[120, 3, 2]","[138, 97, 173]","[115, 11, 3]","[47, 171, 48]","[1, 75, 3]","[144, 98, 146]","[116, 98, 118]","[29, 28, 27]"
28,"[60, 144, 146]","[172, 107, 171]","[18, 144, 19]","[49, 115, 118]","[32, 105, 31]","[180, 2, 179]","[82, 146, 89]","[59, 55, 9]","[104, 31, 105]","[66, 64, 67]","[65, 98, 99]","[131, 22, 23]"
29,"[73, 112, 111]","[1, 2, 3]","[78, 12, 76]","[173, 29, 172]","[120, 45, 13]","[9, 10, 116]","[173, 49, 161]","[20, 17, 16]","[87, 64, 86]","[117, 116, 25]","[151, 157, 158]","[42, 101, 108]"
30,"[177, 9, 178]","[77, 78, 82]","[102, 10, 5]","[171, 172, 109]","[14, 98, 97]","[62, 38, 135]","[173, 29, 85]","[143, 148, 144]","[65, 8, 9]","[37, 36, 32]","[9, 177, 176]","[42, 41, 29]"
31,"[88, 126, 90]","[43, 109, 108]","[104, 13, 21]","[34, 74, 50]","[17, 7, 18]","[120, 65, 51]","[138, 78, 77]","[152, 151, 9]","[0, 141, 163]","[43, 59, 45]","[82, 76, 81]","[47, 46, 44]"
32,"[159, 66, 62]","[45, 46, 47]","[123, 60, 122]","[10, 9, 104]","[78, 86, 21]","[158, 161, 162]","[180, 115, 12]","[162, 161, 86]","[1, 166, 0]","[11, 10, 12]","[22, 16, 21]","[11, 38, 53]"
33,"[175, 32, 33]","[83, 82, 84]","[171, 131, 130]","[62, 18, 19]","[57, 164, 58]","[145, 11, 108]","[180, 74, 164]","[94, 93, 149]","[72, 95, 158]","[34, 12, 0]","[14, 6, 15]","[150, 149, 144]"
34,"[173, 123, 175]","[95, 96, 94]","[115, 67, 114]","[127, 128, 129]","[44, 110, 112]","[65, 66, 68]","[3, 18, 106]","[35, 34, 33]","[44, 110, 43]","[65, 64, 81]","[2, 17, 3]","[170, 171, 169]"
35,"[114, 150, 113]","[165, 164, 168]","[180, 26, 150]","[84, 87, 12]","[149, 7, 148]","[128, 89, 56]","[43, 127, 42]","[67, 68, 145]","[156, 116, 115]","[56, 89, 55]","[5, 11, 4]","[64, 173, 65]"
36,"[113, 159, 160]","[89, 88, 149]","[8, 152, 153]","[32, 127, 56]","[148, 11, 43]","[157, 133, 153]","[118, 141, 117]","[58, 51, 50]","[71, 172, 174]","[2, 80, 53]","[2, 125, 126]","[0, 50, 84]"
37,"[101, 13, 100]","[148, 146, 145]","[103, 57, 0]","[109, 67, 13]","[4, 122, 2]","[159, 158, 160]","[158, 57, 13]","[87, 177, 128]","[88, 62, 2]","[158, 157, 150]","[0, 8, 1]","[21, 20, 19]"
38,"[0, 138, 1]","[180, 44, 42]","[114, 150, 113]","[169, 161, 167]","[71, 33, 72]","[162, 41, 79]","[43, 5, 42]","[161, 162, 173]","[179, 31, 30]","[48, 50, 49]","[0, 6, 1]","[25, 24, 23]"
39,"[55, 96, 56]","[107, 103, 108]","[89, 13, 88]","[41, 42, 62]","[22, 166, 21]","[82, 53, 52]","[162, 57, 161]","[134, 133, 132]","[165, 21, 164]","[127, 128, 148]","[180, 82, 81]","[0, 1, 2]"
40,"[176, 92, 175]","[9, 119, 118]","[177, 144, 139]","[133, 43, 132]","[40, 13, 38]","[7, 113, 146]","[107, 160, 108]","[27, 26, 30]","[43, 80, 21]","[115, 114, 116]","[67, 167, 168]","[38, 37, 40]"
41,"[152, 14, 170]","[78, 114, 28]","[24, 35, 88]","[157, 117, 120]","[120, 48, 117]","[0, 73, 74]","[47, 101, 48]","[93, 98, 96]","[131, 164, 161]","[38, 0, 40]","[154, 160, 161]","[126, 127, 121]"
42,"[83, 11, 132]","[124, 123, 68]","[86, 149, 91]","[176, 177, 168]","[128, 163, 126]","[43, 42, 28]","[128, 103, 102]","[5, 6, 172]","[142, 117, 143]","[156, 75, 42]","[5, 35, 2]","[37, 69, 156]"
43,"[119, 15, 120]","[78, 141, 68]","[163, 19, 159]","[80, 177, 178]","[93, 109, 94]","[133, 150, 134]","[60, 93, 5]","[179, 42, 178]","[122, 65, 3]","[161, 154, 160]","[0, 74, 73]","[158, 159, 160]"
44,"[81, 152, 151]","[10, 58, 142]","[121, 161, 152]","[93, 94, 92]","[166, 11, 165]","[118, 20, 21]","[177, 149, 176]","[41, 40, 39]","[78, 132, 42]","[98, 27, 73]","[0, 7, 6]","[96, 97, 93]"
45,"[2, 157, 3]","[78, 77, 66]","[75, 126, 74]","[169, 102, 99]","[143, 33, 144]","[159, 158, 164]","[65, 122, 121]","[85, 116, 117]","[180, 118, 72]","[88, 93, 94]","[41, 47, 42]","[148, 142, 143]"
46,"[159, 15, 178]","[141, 140, 143]","[109, 42, 41]","[7, 8, 10]","[40, 142, 177]","[62, 61, 81]","[146, 66, 147]","[0, 27, 109]","[77, 177, 142]","[61, 121, 120]","[18, 143, 17]","[172, 173, 174]"
47,"[180, 84, 85]","[122, 165, 164]","[153, 15, 3]","[64, 65, 63]","[7, 36, 29]","[76, 129, 77]","[59, 162, 163]","[36, 31, 33]","[151, 12, 11]","[54, 55, 92]","[42, 49, 43]","[118, 122, 117]"
48,"[156, 6, 2]","[85, 83, 82]","[157, 115, 16]","[98, 97, 51]","[32, 172, 171]","[122, 123, 51]","[167, 105, 166]","[71, 72, 70]","[114, 138, 69]","[80, 51, 10]","[89, 53, 90]","[86, 18, 17]"
49,"[58, 173, 57]","[105, 110, 104]","[129, 18, 19]","[176, 175, 119]","[131, 114, 130]","[71, 138, 66]","[175, 22, 52]","[38, 11, 37]","[32, 164, 31]","[13, 16, 12]","[20, 14, 0]","[132, 126, 131]"
50,"[117, 38, 34]","[1, 102, 103]","[179, 72, 178]","[57, 50, 49]","[115, 138, 139]","[162, 163, 7]","[147, 31, 30]","[64, 81, 68]","[136, 69, 115]","[40, 7, 8]","[173, 179, 180]","[107, 108, 143]"
51,"[170, 51, 169]","[75, 66, 74]","[23, 2, 25]","[69, 91, 38]","[148, 29, 28]","[135, 134, 133]","[123, 86, 87]","[163, 165, 164]","[28, 147, 25]","[113, 132, 133]","[9, 3, 4]","[66, 67, 68]"
52,"[25, 177, 27]","[74, 77, 73]","[65, 104, 72]","[134, 150, 151]","[60, 25, 139]","[150, 144, 146]","[166, 59, 162]","[176, 179, 175]","[2, 154, 156]","[78, 42, 53]","[180, 169, 168]","[100, 102, 101]"
53,"[28, 17, 27]","[111, 147, 112]","[116, 85, 113]","[160, 163, 161]","[127, 38, 128]","[112, 114, 171]","[67, 78, 64]","[154, 155, 142]","[37, 126, 125]","[112, 113, 114]","[32, 42, 31]","[55, 166, 105]"
54,"[153, 167, 166]","[120, 16, 17]","[24, 168, 27]","[40, 15, 36]","[89, 58, 90]","[28, 27, 29]","[44, 135, 134]","[31, 111, 30]","[163, 22, 63]","[133, 132, 28]","[40, 22, 41]","[169, 172, 173]"
55,"[28, 172, 171]","[116, 115, 114]","[4, 144, 6]","[67, 109, 68]","[133, 21, 20]","[95, 79, 80]","[146, 123, 124]","[83, 81, 118]","[21, 133, 18]","[159, 160, 158]","[52, 31, 54]","[104, 103, 100]"
56,"[179, 62, 180]","[99, 97, 98]","[154, 10, 153]","[114, 123, 122]","[22, 6, 23]","[90, 78, 77]","[163, 169, 67]","[94, 95, 116]","[106, 16, 104]","[161, 166, 165]","[3, 10, 4]","[150, 148, 151]"
57,"[174, 30, 173]","[139, 54, 151]","[55, 93, 69]","[14, 18, 12]","[62, 129, 59]","[36, 33, 32]","[158, 104, 103]","[58, 57, 6]","[21, 119, 118]","[36, 108, 37]","[0, 6, 7]","[88, 89, 90]"
58,"[23, 99, 114]","[84, 74, 73]","[76, 14, 75]","[61, 127, 165]","[151, 7, 8]","[88, 73, 55]","[47, 161, 44]","[140, 148, 27]","[58, 106, 59]","[74, 6, 86]","[5, 135, 137]","[87, 161, 86]"
59,"[69, 132, 143]","[97, 95, 107]","[100, 14, 51]","[116, 32, 112]","[88, 23, 24]","[178, 138, 131]","[60, 137, 138]","[112, 5, 4]","[88, 23, 89]","[179, 16, 180]","[2, 16, 3]","[55, 51, 53]"
60,"[180, 58, 135]","[32, 33, 31]","[164, 14, 163]","[122, 121, 120]","[45, 54, 46]","[92, 151, 132]","[169, 116, 115]","[126, 125, 127]","[161, 63, 160]","[31, 6, 2]","[33, 39, 38]","[40, 124, 41]"
61,"[49, 173, 50]","[158, 7, 154]","[10, 92, 91]","[167, 140, 135]","[20, 10, 9]","[130, 135, 131]","[29, 105, 28]","[67, 24, 69]","[19, 9, 20]","[141, 134, 34]","[3, 16, 8]","[139, 81, 82]"
62,"[164, 20, 163]","[174, 128, 123]","[154, 10, 156]","[120, 98, 99]","[168, 175, 174]","[49, 50, 51]","[128, 163, 158]","[57, 70, 16]","[112, 166, 111]","[179, 23, 178]","[0, 6, 1]","[156, 158, 155]"
63,"[150, 4, 151]","[46, 47, 49]","[59, 11, 60]","[160, 161, 125]","[34, 52, 33]","[122, 121, 142]","[67, 115, 66]","[37, 38, 4]","[52, 34, 51]","[11, 121, 120]","[54, 38, 39]","[64, 116, 156]"
64,"[4, 14, 10]","[92, 89, 93]","[103, 21, 104]","[131, 136, 133]","[152, 25, 30]","[38, 119, 4]","[22, 100, 61]","[50, 51, 49]","[102, 16, 103]","[119, 39, 38]","[27, 175, 99]","[14, 15, 72]"
65,"[179, 165, 180]","[0, 20, 122]","[180, 11, 36]","[130, 139, 128]","[26, 46, 97]","[21, 22, 71]","[87, 10, 91]","[3, 4, 152]","[159, 101, 90]","[23, 24, 22]","[14, 94, 15]","[163, 50, 164]"
66,"[36, 86, 50]","[177, 176, 150]","[34, 75, 74]","[144, 9, 126]","[168, 24, 23]","[30, 53, 64]","[42, 62, 40]","[162, 165, 164]","[168, 24, 167]","[64, 63, 62]","[154, 148, 153]","[60, 59, 71]"
67,"[130, 46, 132]","[77, 57, 59]","[32, 15, 31]","[165, 176, 173]","[73, 170, 36]","[45, 43, 44]","[159, 77, 158]","[61, 91, 65]","[165, 97, 91]","[117, 58, 59]","[42, 30, 43]","[56, 109, 57]"
68,"[46, 105, 43]","[93, 92, 94]","[41, 12, 89]","[23, 50, 151]","[75, 17, 73]","[148, 97, 163]","[120, 74, 90]","[4, 5, 147]","[73, 15, 72]","[97, 132, 114]","[21, 36, 20]","[51, 126, 125]"
69,"[155, 145, 167]","[87, 32, 88]","[63, 171, 62]","[124, 118, 30]","[175, 98, 176]","[101, 28, 139]","[158, 100, 159]","[126, 162, 52]","[87, 173, 172]","[24, 138, 139]","[0, 14, 1]","[82, 81, 83]"
70,"[102, 50, 6]","[64, 92, 65]","[121, 13, 122]","[56, 59, 60]","[107, 87, 86]","[62, 154, 38]","[50, 150, 152]","[65, 68, 66]","[41, 18, 19]","[154, 153, 108]","[142, 148, 150]","[132, 73, 135]"
71,"[21, 165, 19]","[153, 156, 134]","[137, 118, 120]","[78, 161, 76]","[73, 33, 72]","[3, 63, 158]","[168, 55, 54]","[28, 32, 33]","[33, 73, 32]","[63, 111, 62]","[63, 53, 54]","[96, 95, 94]"
72,"[49, 127, 128]","[20, 1, 94]","[110, 48, 56]","[3, 2, 4]","[52, 8, 51]","[72, 73, 118]","[61, 113, 94]","[159, 160, 162]","[52, 8, 53]","[118, 119, 120]","[0, 26, 6]","[122, 129, 123]"
73,"[113, 85, 64]","[118, 156, 155]","[28, 149, 30]","[83, 84, 118]","[53, 111, 52]","[160, 143, 135]","[125, 162, 124]","[136, 135, 14]","[50, 179, 178]","[160, 162, 161]","[9, 3, 2]","[81, 82, 80]"
74,"[105, 47, 48]","[144, 101, 100]","[1, 126, 171]","[147, 60, 104]","[1, 26, 2]","[65, 64, 66]","[127, 150, 29]","[143, 142, 8]","[49, 145, 50]","[68, 64, 67]","[9, 22, 5]","[171, 163, 103]"
75,"[4, 13, 5]","[120, 67, 68]","[7, 13, 6]","[141, 92, 90]","[81, 53, 52]","[100, 104, 106]","[156, 11, 49]","[97, 96, 161]","[90, 22, 54]","[111, 113, 112]","[18, 121, 122]","[80, 81, 79]"
76,"[43, 79, 78]","[54, 55, 86]","[66, 42, 43]","[92, 91, 139]","[49, 4, 26]","[96, 95, 159]","[104, 172, 103]","[115, 94, 95]","[1, 114, 4]","[150, 70, 124]","[13, 28, 29]","[175, 174, 176]"
77,"[2, 47, 45]","[175, 7, 176]","[171, 118, 170]","[68, 70, 69]","[170, 26, 169]","[87, 88, 89]","[79, 111, 100]","[143, 148, 144]","[82, 130, 131]","[119, 60, 120]","[6, 23, 7]","[90, 49, 50]"
78,"[109, 49, 108]","[64, 63, 7]","[10, 174, 21]","[180, 71, 67]","[136, 79, 80]","[65, 66, 67]","[126, 47, 48]","[1, 0, 5]","[80, 9, 8]","[167, 168, 6]","[178, 24, 23]","[157, 158, 69]"
79,"[164, 174, 173]","[136, 137, 64]","[15, 7, 14]","[129, 130, 131]","[41, 4, 5]","[151, 170, 171]","[170, 92, 4]","[132, 19, 99]","[168, 85, 167]","[178, 175, 179]","[173, 179, 176]","[60, 65, 62]"
80,"[16, 149, 15]","[179, 180, 178]","[0, 72, 1]","[86, 85, 24]","[45, 130, 44]","[87, 79, 78]","[20, 85, 48]","[0, 96, 5]","[132, 47, 133]","[84, 76, 75]","[49, 42, 43]","[133, 51, 115]"
81,"[24, 168, 23]","[78, 81, 80]","[29, 173, 14]","[129, 130, 35]","[2, 22, 1]","[124, 159, 112]","[21, 101, 100]","[119, 120, 130]","[2, 22, 35]","[143, 158, 61]","[0, 34, 19]","[130, 132, 159]"
82,"[90, 14, 91]","[166, 156, 165]","[44, 134, 142]","[8, 163, 162]","[159, 15, 157]","[76, 77, 28]","[150, 78, 149]","[96, 138, 140]","[7, 148, 145]","[76, 95, 77]","[160, 4, 3]","[101, 100, 99]"
83,"[13, 173, 150]","[54, 53, 110]","[118, 172, 117]","[89, 92, 91]","[179, 171, 91]","[162, 155, 64]","[170, 141, 140]","[5, 4, 6]","[23, 44, 43]","[146, 156, 160]","[114, 22, 113]","[140, 92, 138]"
84,"[36, 14, 37]","[160, 165, 166]","[63, 116, 38]","[153, 0, 1]","[141, 37, 38]","[55, 172, 178]","[55, 150, 118]","[45, 36, 37]","[135, 6, 134]","[91, 12, 94]","[172, 166, 167]","[91, 90, 79]"
85,"[175, 138, 160]","[90, 74, 81]","[139, 103, 97]","[48, 62, 47]","[112, 179, 178]","[64, 76, 117]","[57, 123, 58]","[100, 99, 140]","[62, 104, 41]","[20, 22, 23]","[134, 140, 179]","[25, 23, 37]"
86,"[76, 15, 14]","[172, 171, 139]","[153, 40, 96]","[138, 18, 33]","[62, 168, 169]","[121, 139, 133]","[156, 89, 90]","[133, 135, 3]","[180, 152, 151]","[77, 131, 130]","[23, 3, 6]","[103, 97, 104]"
87,"[38, 138, 88]","[64, 65, 50]","[63, 148, 147]","[52, 55, 82]","[92, 13, 90]","[35, 99, 101]","[133, 32, 132]","[47, 74, 24]","[51, 165, 167]","[37, 35, 34]","[27, 11, 26]","[93, 91, 96]"
88,"[70, 171, 165]","[41, 42, 44]","[154, 137, 146]","[84, 83, 85]","[70, 2, 6]","[155, 36, 148]","[106, 11, 107]","[111, 113, 112]","[70, 2, 6]","[149, 36, 148]","[162, 156, 165]","[42, 35, 93]"
89,"[52, 10, 86]","[152, 153, 88]","[12, 80, 81]","[30, 29, 25]","[25, 123, 125]","[138, 135, 139]","[178, 163, 177]","[72, 65, 66]","[27, 125, 28]","[52, 61, 58]","[27, 8, 28]","[140, 135, 133]"
90,"[180, 48, 49]","[145, 75, 76]","[164, 67, 149]","[97, 94, 171]","[1, 36, 2]","[84, 175, 82]","[151, 107, 150]","[39, 101, 38]","[132, 95, 134]","[173, 172, 146]","[40, 20, 41]","[90, 89, 51]"
91,"[73, 11, 71]","[53, 50, 30]","[1, 89, 0]","[61, 59, 8]","[126, 148, 127]","[84, 87, 66]","[149, 155, 118]","[91, 95, 94]","[180, 129, 159]","[88, 89, 90]","[180, 13, 11]","[127, 128, 126]"
92,"[152, 116, 64]","[102, 87, 172]","[67, 36, 62]","[48, 24, 49]","[157, 56, 156]","[85, 79, 80]","[171, 177, 168]","[123, 122, 34]","[56, 157, 55]","[16, 18, 17]","[179, 150, 158]","[90, 93, 91]"
93,"[21, 89, 90]","[173, 144, 12]","[61, 85, 172]","[106, 157, 105]","[179, 19, 178]","[112, 118, 113]","[104, 47, 178]","[159, 7, 75]","[177, 17, 162]","[70, 75, 112]","[31, 37, 33]","[128, 129, 127]"
94,"[170, 21, 20]","[114, 42, 40]","[22, 38, 31]","[77, 79, 131]","[139, 31, 138]","[41, 18, 102]","[61, 132, 130]","[6, 153, 7]","[139, 31, 138]","[41, 18, 10]","[34, 17, 33]","[132, 65, 66]"
95,"[1, 125, 0]","[36, 6, 147]","[100, 78, 99]","[57, 175, 33]","[1, 174, 134]","[58, 57, 93]","[39, 119, 38]","[174, 48, 49]","[177, 134, 176]","[14, 13, 15]","[21, 9, 20]","[152, 134, 95]"
96,"[4, 35, 5]","[155, 157, 156]","[11, 84, 12]","[180, 179, 53]","[154, 73, 72]","[46, 107, 108]","[35, 28, 34]","[128, 123, 117]","[126, 23, 127]","[16, 44, 146]","[22, 2, 21]","[24, 66, 138]"
97,"[177, 96, 116]","[52, 20, 22]","[19, 37, 31]","[66, 157, 63]","[114, 88, 113]","[19, 18, 20]","[127, 175, 108]","[146, 145, 73]","[68, 160, 67]","[74, 15, 73]","[1, 41, 2]","[145, 148, 146]"
98,"[87, 141, 86]","[10, 9, 103]","[88, 36, 35]","[163, 50, 79]","[18, 171, 170]","[132, 131, 96]","[178, 16, 112]","[66, 39, 38]","[180, 174, 173]","[98, 18, 95]","[175, 166, 178]","[80, 81, 79]"
99,"[117, 69, 116]","[80, 161, 159]","[47, 155, 48]","[38, 96, 68]","[71, 119, 173]","[137, 150, 126]","[136, 62, 57]","[4, 6, 13]","[76, 3, 72]","[137, 136, 138]","[21, 11, 10]","[51, 53, 52]"
100,"[156, 30, 155]","[73, 75, 74]","[161, 135, 136]","[125, 126, 55]","[25, 149, 29]","[88, 57, 50]","[80, 110, 58]","[154, 141, 143]","[150, 28, 29]","[15, 14, 13]","[170, 164, 169]","[70, 69, 68]"
101,"[135, 10, 73]","[165, 168, 36]","[109, 124, 125]","[65, 69, 55]","[20, 112, 108]","[134, 91, 133]","[8, 152, 173]","[46, 47, 146]","[42, 170, 4]","[133, 135, 134]","[4, 25, 26]","[158, 161, 157]"
102,"[40, 94, 125]","[58, 59, 56]","[32, 107, 106]","[53, 65, 74]","[61, 130, 60]","[151, 148, 152]","[86, 111, 54]","[13, 25, 149]","[83, 108, 92]","[27, 25, 24]","[23, 5, 4]","[89, 90, 91]"
103,"[128, 160, 125]","[180, 72, 71]","[41, 89, 40]","[129, 156, 127]","[78, 7, 73]","[54, 121, 38]","[24, 69, 23]","[104, 148, 102]","[88, 135, 134]","[164, 159, 163]","[42, 36, 43]","[63, 66, 64]"
104,"[89, 4, 76]","[148, 50, 43]","[84, 141, 138]","[33, 32, 55]","[0, 82, 1]","[146, 128, 122]","[90, 114, 89]","[52, 53, 49]","[0, 82, 41]","[122, 121, 143]","[105, 5, 159]","[173, 174, 94]"
105,"[111, 167, 58]","[127, 129, 141]","[64, 22, 85]","[155, 156, 154]","[93, 129, 94]","[153, 142, 152]","[165, 22, 171]","[146, 155, 158]","[128, 92, 127]","[54, 55, 14]","[57, 31, 56]","[111, 129, 9]"
106,"[144, 109, 140]","[161, 160, 61]","[77, 43, 78]","[116, 130, 32]","[18, 162, 19]","[63, 56, 62]","[178, 7, 177]","[112, 63, 62]","[158, 14, 35]","[60, 63, 61]","[9, 31, 30]","[162, 179, 178]"
107,"[21, 116, 125]","[146, 47, 44]","[89, 37, 88]","[0, 129, 115]","[41, 172, 174]","[168, 33, 123]","[115, 30, 114]","[79, 80, 160]","[1, 63, 0]","[80, 111, 11]","[0, 6, 7]","[68, 62, 67]"
108,"[107, 86, 110]","[43, 4, 44]","[83, 101, 84]","[54, 53, 5]","[7, 104, 176]","[21, 79, 2]","[51, 124, 123]","[17, 16, 15]","[142, 4, 145]","[21, 20, 79]","[45, 35, 46]","[126, 125, 82]"
109,"[28, 16, 27]","[60, 49, 61]","[175, 29, 30]","[67, 66, 65]","[0, 34, 35]","[136, 135, 137]","[49, 107, 104]","[128, 67, 68]","[47, 117, 118]","[10, 11, 9]","[9, 118, 41]","[67, 66, 65]"
110,"[18, 33, 99]","[174, 173, 175]","[42, 30, 82]","[19, 18, 119]","[37, 89, 36]","[157, 159, 155]","[124, 21, 125]","[49, 50, 48]","[87, 35, 36]","[79, 50, 11]","[25, 15, 16]","[87, 125, 60]"
111,"[27, 171, 26]","[2, 144, 0]","[51, 175, 151]","[98, 102, 114]","[26, 19, 25]","[13, 177, 14]","[175, 41, 177]","[89, 90, 91]","[150, 18, 79]","[37, 118, 119]","[151, 157, 156]","[89, 91, 92]"
112,"[152, 15, 16]","[84, 72, 83]","[39, 97, 144]","[124, 170, 119]","[147, 174, 172]","[122, 123, 156]","[2, 170, 83]","[33, 50, 29]","[24, 10, 94]","[77, 76, 38]","[98, 104, 97]","[140, 61, 141]"
113,"[157, 77, 0]","[79, 19, 161]","[44, 126, 127]","[106, 108, 107]","[117, 175, 119]","[72, 73, 66]","[71, 175, 69]","[31, 30, 132]","[158, 174, 176]","[71, 70, 74]","[25, 1, 24]","[86, 87, 171]"
114,"[114, 166, 136]","[58, 32, 126]","[148, 8, 147]","[126, 124, 125]","[14, 8, 13]","[137, 35, 34]","[71, 115, 84]","[164, 9, 7]","[173, 63, 172]","[177, 178, 88]","[21, 3, 2]","[98, 129, 72]"
115,"[92, 48, 45]","[161, 160, 162]","[133, 160, 179]","[9, 8, 30]","[124, 101, 100]","[174, 173, 0]","[112, 64, 56]","[0, 1, 2]","[136, 45, 134]","[0, 1, 2]","[163, 178, 166]","[110, 114, 113]"
116,"[151, 107, 108]","[20, 163, 17]","[11, 108, 107]","[70, 69, 47]","[152, 176, 151]","[130, 133, 102]","[27, 108, 28]","[170, 103, 171]","[57, 8, 56]","[88, 87, 95]","[4, 10, 1]","[92, 120, 86]"
117,"[54, 159, 53]","[168, 167, 23]","[82, 167, 97]","[55, 56, 59]","[167, 158, 166]","[145, 146, 0]","[23, 71, 22]","[52, 51, 53]","[37, 125, 39]","[69, 1, 0]","[2, 15, 3]","[60, 61, 70]"
118,"[49, 84, 50]","[25, 30, 150]","[51, 91, 0]","[146, 106, 111]","[0, 38, 1]","[172, 171, 148]","[51, 41, 22]","[4, 6, 5]","[1, 39, 0]","[172, 148, 96]","[116, 29, 30]","[39, 41, 61]"
119,"[160, 9, 161]","[105, 104, 106]","[59, 4, 58]","[89, 94, 39]","[77, 111, 78]","[173, 147, 87]","[121, 147, 148]","[53, 0, 1]","[90, 29, 1]","[119, 116, 118]","[14, 7, 13]","[21, 94, 58]"
120,"[5, 175, 6]","[53, 55, 82]","[12, 156, 157]","[179, 178, 180]","[12, 156, 153]","[117, 93, 92]","[152, 8, 154]","[69, 112, 128]","[66, 20, 79]","[53, 107, 108]","[20, 14, 50]","[98, 126, 135]"
121,"[129, 29, 164]","[156, 155, 161]","[150, 39, 151]","[25, 24, 66]","[48, 172, 173]","[80, 81, 92]","[7, 27, 148]","[120, 121, 124]","[60, 34, 172]","[81, 82, 129]","[33, 39, 169]","[90, 149, 148]"
122,"[171, 20, 170]","[141, 142, 151]","[64, 30, 114]","[103, 104, 105]","[171, 144, 145]","[37, 153, 152]","[149, 122, 146]","[100, 81, 79]","[2, 83, 0]","[177, 180, 179]","[17, 3, 2]","[121, 122, 146]"
123,"[120, 72, 71]","[24, 23, 22]","[80, 133, 79]","[53, 31, 60]","[93, 7, 8]","[84, 78, 77]","[167, 99, 100]","[49, 47, 48]","[93, 7, 92]","[37, 36, 38]","[155, 149, 157]","[127, 31, 30]"
124,"[6, 26, 155]","[175, 166, 174]","[40, 86, 111]","[162, 165, 161]","[8, 93, 48]","[20, 19, 18]","[175, 149, 177]","[66, 15, 14]","[178, 84, 179]","[18, 159, 17]","[38, 10, 43]","[82, 138, 168]"
125,"[28, 18, 29]","[134, 145, 146]","[128, 7, 130]","[52, 53, 55]","[175, 52, 68]","[46, 84, 85]","[60, 14, 61]","[5, 2, 8]","[107, 98, 108]","[38, 39, 162]","[131, 125, 126]","[80, 44, 79]"
126,"[14, 21, 17]","[68, 99, 143]","[54, 139, 46]","[107, 75, 76]","[137, 1, 136]","[69, 95, 155]","[14, 29, 118]","[2, 3, 7]","[1, 137, 0]","[176, 95, 41]","[0, 10, 9]","[18, 105, 104]"
127,"[42, 73, 34]","[165, 78, 88]","[3, 155, 154]","[179, 180, 40]","[160, 30, 161]","[107, 108, 124]","[20, 164, 163]","[132, 107, 77]","[162, 62, 58]","[5, 6, 24]","[17, 9, 18]","[99, 98, 161]"
128,"[43, 153, 12]","[114, 115, 113]","[31, 177, 32]","[67, 63, 88]","[22, 67, 23]","[180, 172, 175]","[126, 105, 125]","[92, 7, 6]","[144, 17, 20]","[173, 41, 180]","[25, 14, 24]","[100, 117, 118]"
129,"[149, 95, 9]","[45, 55, 51]","[149, 6, 161]","[46, 51, 64]","[170, 22, 23]","[54, 47, 55]","[172, 28, 171]","[116, 163, 117]","[170, 22, 171]","[55, 152, 46]","[101, 6, 103]","[0, 1, 144]"
130,"[92, 168, 167]","[74, 71, 70]","[164, 135, 166]","[109, 141, 17]","[147, 104, 4]","[43, 44, 156]","[162, 132, 131]","[149, 92, 13]","[104, 147, 148]","[75, 70, 71]","[115, 121, 119]","[145, 144, 146]"
131,"[164, 173, 12]","[51, 77, 68]","[125, 173, 127]","[34, 33, 32]","[44, 22, 1]","[75, 76, 107]","[141, 94, 140]","[113, 122, 117]","[3, 144, 2]","[71, 72, 74]","[21, 11, 10]","[52, 24, 23]"
132,"[12, 69, 11]","[128, 114, 127]","[79, 160, 97]","[122, 26, 121]","[19, 85, 84]","[140, 175, 131]","[29, 91, 35]","[21, 22, 9]","[63, 20, 19]","[142, 3, 134]","[16, 4, 35]","[130, 126, 129]"
133,"[47, 149, 42]","[96, 90, 93]","[157, 13, 156]","[60, 58, 59]","[132, 143, 112]","[57, 77, 120]","[170, 96, 147]","[49, 55, 48]","[80, 15, 14]","[60, 58, 55]","[0, 14, 1]","[112, 111, 61]"
134,"[95, 136, 138]","[83, 81, 29]","[56, 153, 53]","[164, 161, 162]","[150, 121, 135]","[39, 40, 43]","[13, 113, 114]","[124, 157, 120]","[150, 121, 135]","[39, 40, 43]","[178, 68, 69]","[122, 124, 126]"
135,"[178, 53, 166]","[5, 4, 6]","[22, 64, 23]","[11, 178, 13]","[140, 53, 52]","[125, 98, 126]","[143, 32, 149]","[66, 67, 0]","[140, 53, 52]","[122, 123, 115]","[162, 174, 173]","[118, 117, 87]"
136,"[140, 9, 47]","[173, 177, 89]","[159, 17, 160]","[102, 177, 103]","[6, 34, 7]","[70, 69, 63]","[138, 48, 136]","[26, 31, 25]","[30, 2, 175]","[76, 77, 73]","[26, 14, 15]","[146, 147, 145]"
137,"[116, 135, 113]","[63, 65, 64]","[154, 10, 160]","[3, 4, 99]","[89, 74, 7]","[63, 67, 62]","[103, 39, 71]","[27, 28, 29]","[61, 136, 83]","[145, 149, 12]","[166, 24, 23]","[57, 56, 55]"
138,"[164, 61, 51]","[143, 80, 129]","[151, 7, 59]","[24, 25, 132]","[69, 122, 121]","[87, 86, 104]","[144, 11, 143]","[53, 103, 51]","[68, 121, 69]","[32, 34, 33]","[18, 30, 19]","[90, 89, 91]"
139,"[54, 116, 53]","[173, 100, 37]","[173, 139, 144]","[44, 150, 152]","[164, 63, 165]","[80, 78, 79]","[50, 119, 47]","[145, 17, 97]","[22, 139, 63]","[2, 1, 168]","[4, 12, 13]","[132, 133, 134]"
140,"[22, 103, 143]","[56, 58, 54]","[96, 140, 109]","[21, 19, 20]","[33, 12, 32]","[84, 83, 86]","[104, 145, 146]","[56, 61, 55]","[14, 139, 142]","[76, 84, 69]","[0, 26, 1]","[103, 84, 80]"
141,"[115, 144, 143]","[19, 25, 65]","[0, 97, 176]","[150, 149, 163]","[74, 178, 179]","[84, 36, 167]","[80, 172, 99]","[69, 70, 11]","[78, 124, 77]","[88, 52, 85]","[141, 166, 165]","[24, 25, 84]"
142,"[145, 92, 146]","[96, 163, 160]","[180, 31, 158]","[145, 107, 106]","[45, 23, 44]","[98, 100, 136]","[149, 162, 38]","[99, 117, 97]","[21, 73, 20]","[8, 9, 94]","[75, 69, 74]","[180, 138, 179]"
143,"[165, 142, 143]","[31, 32, 60]","[105, 84, 113]","[15, 16, 49]","[117, 68, 116]","[147, 146, 98]","[124, 81, 98]","[25, 162, 0]","[154, 138, 155]","[43, 53, 57]","[164, 158, 162]","[96, 97, 69]"
144,"[180, 50, 179]","[177, 140, 155]","[130, 173, 36]","[89, 88, 119]","[1, 59, 0]","[140, 136, 137]","[61, 167, 60]","[100, 99, 51]","[4, 114, 3]","[140, 139, 143]","[21, 4, 5]","[141, 140, 133]"
145,"[83, 174, 180]","[140, 97, 141]","[125, 81, 82]","[36, 33, 37]","[148, 13, 11]","[165, 166, 167]","[82, 123, 124]","[26, 10, 23]","[64, 12, 9]","[102, 111, 25]","[52, 141, 109]","[15, 16, 13]"
146,"[135, 89, 90]","[39, 38, 151]","[91, 133, 90]","[0, 5, 158]","[89, 37, 91]","[17, 18, 15]","[147, 97, 146]","[7, 8, 5]","[76, 178, 177]","[17, 15, 3]","[0, 7, 1]","[34, 103, 178]"
147,"[164, 49, 165]","[137, 82, 79]","[57, 16, 79]","[96, 95, 94]","[153, 116, 113]","[78, 85, 83]","[177, 51, 108]","[150, 151, 148]","[22, 32, 33]","[2, 6, 7]","[11, 24, 12]","[114, 178, 116]"
148,"[168, 88, 167]","[35, 73, 74]","[14, 151, 150]","[45, 34, 44]","[29, 93, 30]","[118, 54, 53]","[168, 72, 154]","[34, 95, 39]","[93, 29, 24]","[118, 119, 117]","[37, 31, 36]","[98, 99, 131]"
149,"[173, 93, 51]","[117, 118, 119]","[145, 9, 146]","[59, 168, 108]","[30, 16, 13]","[134, 135, 42]","[96, 176, 177]","[50, 38, 40]","[125, 12, 155]","[108, 118, 117]","[0, 15, 1]","[27, 148, 149]"
150,"[135, 69, 127]","[47, 48, 5]","[113, 137, 158]","[58, 162, 16]","[150, 16, 151]","[85, 99, 79]","[140, 19, 67]","[166, 80, 81]","[150, 16, 151]","[85, 80, 99]","[11, 5, 12]","[158, 48, 46]"
151,"[162, 40, 26]","[171, 87, 172]","[157, 116, 5]","[102, 101, 104]","[177, 54, 136]","[113, 111, 115]","[164, 122, 48]","[58, 135, 136]","[50, 172, 26]","[110, 109, 111]","[35, 24, 22]","[86, 85, 83]"
152,"[16, 179, 119]","[103, 102, 63]","[151, 7, 28]","[38, 37, 180]","[115, 38, 89]","[28, 99, 122]","[75, 108, 74]","[147, 142, 148]","[70, 177, 162]","[144, 126, 125]","[119, 111, 110]","[17, 56, 0]"
153,"[24, 16, 25]","[57, 55, 56]","[123, 80, 122]","[102, 154, 152]","[7, 150, 5]","[59, 90, 60]","[109, 175, 89]","[66, 155, 0]","[61, 12, 58]","[157, 122, 123]","[1, 11, 0]","[78, 157, 159]"
154,"[54, 128, 135]","[25, 26, 62]","[29, 3, 13]","[118, 110, 121]","[8, 166, 7]","[130, 135, 131]","[42, 10, 36]","[158, 177, 160]","[8, 165, 7]","[175, 96, 70]","[180, 29, 26]","[42, 43, 44]"
155,"[121, 175, 172]","[0, 21, 1]","[77, 169, 78]","[111, 14, 106]","[0, 33, 1]","[93, 171, 143]","[25, 70, 56]","[92, 91, 98]","[37, 62, 36]","[19, 109, 18]","[147, 153, 152]","[49, 86, 52]"
156,"[123, 88, 122]","[153, 1, 23]","[5, 94, 93]","[85, 87, 88]","[67, 4, 62]","[144, 105, 140]","[111, 151, 110]","[172, 171, 89]","[75, 38, 37]","[109, 110, 138]","[38, 20, 32]","[66, 1, 63]"
157,"[111, 143, 112]","[38, 81, 59]","[146, 60, 59]","[67, 159, 68]","[18, 105, 104]","[93, 92, 91]","[180, 124, 90]","[48, 47, 8]","[104, 17, 105]","[151, 146, 72]","[103, 109, 110]","[56, 57, 91]"
158,"[126, 57, 129]","[74, 72, 73]","[102, 12, 114]","[68, 75, 79]","[117, 174, 116]","[32, 48, 103]","[64, 121, 24]","[175, 104, 17]","[174, 117, 173]","[127, 128, 47]","[70, 76, 75]","[38, 41, 43]"
159,"[163, 10, 166]","[133, 129, 134]","[34, 96, 112]","[133, 18, 134]","[84, 163, 162]","[98, 72, 99]","[105, 151, 104]","[56, 57, 132]","[77, 110, 76]","[104, 100, 125]","[0, 23, 12]","[55, 56, 81]"
160,"[145, 111, 135]","[173, 11, 174]","[148, 80, 174]","[100, 104, 99]","[109, 99, 34]","[180, 51, 178]","[154, 11, 177]","[148, 149, 2]","[124, 35, 44]","[15, 23, 22]","[0, 17, 1]","[54, 55, 151]"
161,"[43, 121, 177]","[151, 2, 149]","[50, 127, 129]","[37, 34, 35]","[123, 60, 124]","[178, 180, 176]","[70, 143, 71]","[9, 11, 10]","[0, 112, 1]","[152, 83, 177]","[153, 147, 146]","[98, 97, 99]"
162,"[10, 147, 125]","[40, 41, 112]","[0, 74, 16]","[150, 147, 140]","[96, 22, 25]","[61, 40, 65]","[71, 42, 72]","[38, 27, 37]","[19, 148, 147]","[62, 159, 158]","[158, 152, 151]","[61, 60, 114]"
163,"[169, 43, 90]","[26, 27, 25]","[163, 80, 81]","[135, 138, 39]","[180, 16, 102]","[88, 87, 123]","[89, 137, 120]","[12, 63, 5]","[16, 92, 99]","[85, 87, 86]","[17, 7, 16]","[162, 118, 69]"
164,"[0, 180, 77]","[146, 124, 145]","[69, 7, 14]","[20, 19, 85]","[44, 86, 93]","[80, 81, 2]","[109, 74, 110]","[170, 154, 153]","[15, 24, 21]","[162, 42, 41]","[129, 135, 130]","[50, 51, 48]"
165,"[33, 140, 139]","[81, 83, 80]","[11, 111, 110]","[44, 43, 45]","[179, 95, 175]","[138, 130, 55]","[28, 172, 27]","[4, 1, 2]","[178, 96, 176]","[55, 16, 56]","[63, 69, 62]","[131, 130, 121]"
166,"[153, 36, 37]","[141, 108, 139]","[66, 114, 65]","[81, 80, 82]","[90, 68, 72]","[125, 124, 119]","[118, 9, 119]","[92, 97, 96]","[90, 68, 69]","[123, 122, 138]","[59, 65, 66]","[57, 6, 11]"
167,"[97, 139, 96]","[125, 110, 55]","[104, 146, 145]","[41, 155, 43]","[86, 150, 61]","[98, 110, 96]","[16, 152, 72]","[48, 49, 47]","[150, 86, 61]","[51, 109, 98]","[17, 9, 10]","[163, 162, 97]"
168,"[115, 176, 150]","[95, 96, 145]","[31, 72, 27]","[122, 119, 118]","[85, 31, 86]","[110, 109, 108]","[17, 161, 21]","[120, 123, 122]","[85, 155, 86]","[40, 163, 165]","[37, 24, 23]","[109, 110, 113]"
169,"[124, 93, 122]","[44, 9, 45]","[101, 69, 67]","[152, 118, 128]","[180, 138, 137]","[50, 56, 43]","[46, 152, 47]","[137, 135, 109]","[180, 138, 137]","[56, 50, 57]","[146, 151, 150]","[48, 47, 46]"
170,"[46, 175, 174]","[72, 71, 134]","[152, 12, 153]","[28, 29, 133]","[146, 178, 145]","[78, 11, 79]","[135, 41, 131]","[16, 17, 18]","[132, 103, 102]","[78, 79, 12]","[4, 10, 14]","[114, 115, 133]"
171,"[9, 35, 34]","[57, 54, 55]","[114, 12, 138]","[5, 6, 165]","[17, 151, 18]","[87, 88, 132]","[115, 131, 30]","[4, 5, 7]","[151, 18, 17]","[108, 131, 132]","[69, 63, 70]","[21, 111, 106]"
172,"[118, 156, 116]","[67, 70, 71]","[164, 26, 25]","[115, 114, 134]","[63, 110, 62]","[132, 139, 135]","[101, 157, 99]","[39, 37, 38]","[110, 62, 63]","[139, 134, 136]","[47, 15, 46]","[107, 106, 111]"
173,"[70, 44, 43]","[102, 119, 99]","[89, 29, 52]","[12, 63, 15]","[139, 68, 140]","[176, 5, 98]","[146, 122, 152]","[84, 83, 85]","[68, 139, 140]","[96, 98, 97]","[78, 70, 69]","[82, 123, 83]"
174,"[121, 15, 122]","[85, 180, 54]","[137, 78, 8]","[119, 121, 116]","[37, 168, 21]","[104, 129, 128]","[97, 41, 98]","[148, 145, 143]","[93, 156, 95]","[69, 105, 68]","[180, 174, 8]","[106, 105, 113]"
175,"[1, 84, 0]","[171, 133, 132]","[155, 82, 156]","[149, 6, 69]","[95, 21, 137]","[165, 164, 70]","[35, 153, 36]","[114, 125, 113]","[180, 12, 173]","[54, 60, 46]","[0, 29, 1]","[134, 124, 135]"
176,"[93, 168, 95]","[38, 68, 132]","[18, 171, 17]","[103, 152, 90]","[67, 17, 64]","[176, 173, 73]","[1, 123, 2]","[46, 20, 111]","[156, 8, 6]","[125, 127, 110]","[40, 46, 47]","[75, 77, 76]"
177,"[34, 43, 165]","[141, 5, 82]","[8, 92, 91]","[137, 143, 138]","[100, 21, 43]","[137, 179, 4]","[24, 84, 83]","[65, 63, 175]","[17, 44, 19]","[172, 173, 164]","[0, 52, 51]","[127, 126, 123]"
178,"[12, 156, 11]","[144, 73, 143]","[21, 124, 5]","[132, 117, 133]","[168, 79, 169]","[119, 99, 120]","[25, 99, 26]","[121, 122, 123]","[37, 157, 171]","[19, 21, 18]","[20, 8, 21]","[86, 66, 65]"
179,"[179, 173, 178]","[5, 4, 0]","[180, 36, 179]","[85, 9, 94]","[180, 38, 61]","[72, 135, 126]","[26, 135, 119]","[86, 87, 67]","[92, 145, 93]","[20, 13, 72]","[90, 88, 87]","[134, 140, 135]"
180,"[56, 153, 101]","[137, 139, 15]","[39, 68, 73]","[16, 15, 32]","[155, 163, 153]","[101, 32, 40]","[0, 17, 44]","[85, 111, 152]","[164, 158, 163]","[101, 11, 10]","[0, 125, 124]","[66, 67, 68]"
181,"[54, 24, 25]","[74, 64, 76]","[97, 165, 99]","[77, 71, 70]","[146, 18, 76]","[10, 173, 178]","[55, 143, 56]","[28, 80, 79]","[82, 22, 21]","[122, 123, 109]","[142, 148, 140]","[64, 65, 63]"
182,"[82, 104, 29]","[179, 173, 178]","[0, 157, 95]","[76, 75, 30]","[58, 125, 126]","[86, 85, 83]","[37, 179, 180]","[31, 32, 19]","[102, 141, 103]","[81, 83, 84]","[78, 133, 77]","[179, 175, 180]"
183,"[175, 108, 176]","[65, 64, 57]","[133, 10, 12]","[37, 38, 164]","[120, 11, 119]","[158, 100, 103]","[61, 30, 60]","[122, 123, 124]","[8, 61, 119]","[24, 158, 22]","[23, 29, 25]","[70, 68, 65]"
184,"[60, 144, 142]","[108, 107, 0]","[160, 169, 69]","[134, 135, 26]","[172, 113, 140]","[64, 65, 60]","[79, 130, 106]","[47, 33, 49]","[47, 154, 48]","[15, 67, 14]","[28, 9, 27]","[135, 131, 69]"
185,"[46, 127, 126]","[73, 69, 70]","[0, 118, 165]","[98, 97, 96]","[16, 160, 15]","[177, 58, 59]","[68, 125, 67]","[23, 22, 19]","[160, 16, 159]","[95, 96, 94]","[2, 8, 3]","[151, 150, 38]"
186,"[178, 27, 177]","[117, 24, 70]","[58, 95, 96]","[89, 90, 11]","[115, 33, 34]","[85, 14, 67]","[131, 36, 129]","[25, 27, 52]","[33, 115, 116]","[67, 66, 180]","[169, 175, 168]","[108, 70, 68]"
187,"[134, 15, 132]","[78, 38, 79]","[179, 131, 180]","[38, 39, 160]","[140, 113, 139]","[72, 71, 74]","[110, 29, 109]","[150, 5, 149]","[141, 114, 142]","[6, 76, 5]","[160, 174, 161]","[97, 103, 104]"
188,"[28, 57, 58]","[150, 103, 151]","[135, 12, 134]","[116, 59, 92]","[14, 84, 157]","[142, 141, 138]","[63, 142, 62]","[28, 37, 32]","[82, 12, 84]","[78, 0, 1]","[1, 77, 25]","[106, 107, 108]"
189,"[63, 149, 150]","[168, 167, 113]","[68, 169, 35]","[174, 150, 141]","[84, 134, 31]","[111, 114, 115]","[53, 151, 180]","[113, 112, 117]","[180, 150, 141]","[170, 176, 177]","[180, 174, 173]","[101, 102, 20]"
190,"[168, 24, 26]","[141, 142, 140]","[91, 50, 2]","[66, 28, 16]","[130, 152, 153]","[99, 100, 98]","[151, 7, 59]","[173, 175, 176]","[132, 45, 131]","[16, 119, 87]","[0, 9, 1]","[53, 52, 75]"
191,"[38, 137, 133]","[2, 3, 10]","[27, 78, 28]","[49, 91, 4]","[135, 117, 116]","[81, 167, 168]","[180, 142, 139]","[2, 3, 8]","[117, 135, 116]","[166, 168, 167]","[106, 12, 105]","[177, 176, 178]"
192,"[15, 106, 159]","[156, 167, 95]","[41, 108, 40]","[132, 130, 131]","[123, 28, 124]","[113, 60, 61]","[166, 159, 167]","[115, 31, 29]","[156, 12, 154]","[45, 46, 96]","[4, 98, 5]","[179, 151, 122]"
193,"[112, 62, 111]","[153, 152, 154]","[83, 42, 82]","[154, 155, 158]","[2, 9, 10]","[62, 61, 60]","[168, 24, 23]","[159, 160, 161]","[3, 10, 2]","[61, 60, 59]","[109, 103, 108]","[141, 142, 143]"
194,"[27, 65, 28]","[81, 82, 83]","[29, 171, 5]","[52, 51, 108]","[106, 146, 99]","[37, 35, 64]","[33, 81, 105]","[166, 0, 154]","[34, 110, 109]","[67, 64, 65]","[0, 19, 1]","[83, 99, 98]"
195,"[167, 154, 166]","[20, 18, 71]","[57, 74, 73]","[101, 100, 107]","[32, 25, 31]","[40, 43, 42]","[89, 133, 90]","[98, 99, 93]","[135, 7, 136]","[89, 44, 146]","[158, 164, 11]","[108, 89, 107]"
196,"[28, 172, 31]","[140, 141, 92]","[32, 47, 48]","[153, 156, 124]","[2, 44, 3]","[124, 116, 117]","[170, 69, 169]","[154, 155, 107]","[3, 45, 2]","[125, 124, 126]","[64, 58, 63]","[153, 71, 134]"
197,"[136, 21, 22]","[98, 96, 97]","[87, 41, 96]","[16, 17, 15]","[99, 170, 58]","[153, 136, 135]","[76, 50, 49]","[162, 179, 178]","[22, 28, 27]","[143, 67, 79]","[180, 174, 179]","[115, 134, 133]"
198,"[26, 102, 154]","[30, 41, 106]","[93, 139, 94]","[83, 82, 41]","[19, 163, 164]","[97, 92, 91]","[56, 123, 58]","[2, 5, 1]","[164, 20, 166]","[128, 69, 71]","[39, 102, 24]","[131, 22, 106]"
199,"[77, 168, 76]","[154, 151, 155]","[69, 110, 68]","[8, 7, 79]","[34, 65, 172]","[124, 126, 125]","[148, 82, 78]","[120, 22, 21]","[131, 43, 45]","[120, 157, 156]","[20, 29, 28]","[173, 165, 106]"
200,"[175, 97, 96]","[49, 48, 46]","[42, 7, 43]","[146, 108, 112]","[164, 77, 78]","[37, 38, 39]","[87, 12, 111]","[91, 180, 71]","[78, 165, 164]","[36, 37, 38]","[170, 176, 169]","[95, 101, 94]"
201,"[16, 160, 159]","[80, 174, 172]","[45, 22, 137]","[88, 93, 92]","[143, 175, 117]","[30, 29, 32]","[58, 160, 126]","[74, 179, 101]","[175, 149, 150]","[105, 31, 32]","[1, 11, 2]","[177, 173, 174]"
202,"[23, 167, 24]","[43, 91, 9]","[170, 10, 11]","[180, 24, 23]","[26, 108, 152]","[75, 125, 175]","[94, 170, 95]","[115, 121, 122]","[26, 108, 87]","[160, 140, 76]","[55, 49, 50]","[158, 157, 25]"
203,"[28, 137, 33]","[81, 82, 96]","[137, 120, 121]","[171, 162, 163]","[75, 9, 10]","[179, 158, 52]","[180, 52, 128]","[120, 168, 118]","[75, 9, 8]","[160, 157, 159]","[162, 173, 175]","[159, 158, 152]"
204,"[28, 8, 21]","[35, 0, 103]","[110, 15, 1]","[146, 45, 148]","[2, 146, 1]","[179, 133, 116]","[118, 133, 119]","[76, 75, 77]","[108, 48, 146]","[118, 120, 123]","[25, 14, 26]","[49, 97, 114]"
205,"[128, 37, 38]","[168, 166, 105]","[90, 121, 89]","[159, 158, 157]","[29, 19, 30]","[157, 54, 53]","[76, 23, 77]","[3, 162, 155]","[0, 161, 71]","[53, 54, 59]","[2, 22, 3]","[170, 171, 114]"
206,"[154, 10, 23]","[127, 1, 126]","[59, 14, 13]","[167, 168, 36]","[179, 104, 180]","[152, 98, 41]","[52, 32, 120]","[67, 68, 135]","[103, 166, 101]","[0, 83, 82]","[3, 163, 0]","[84, 83, 82]"
207,"[48, 13, 134]","[64, 61, 63]","[143, 68, 142]","[175, 177, 57]","[89, 108, 127]","[137, 135, 161]","[103, 137, 121]","[174, 8, 110]","[36, 149, 37]","[19, 20, 21]","[134, 140, 142]","[74, 73, 71]"
208,"[157, 133, 156]","[171, 120, 68]","[24, 168, 167]","[140, 131, 132]","[55, 100, 13]","[156, 31, 155]","[63, 30, 28]","[86, 145, 147]","[46, 12, 49]","[33, 30, 168]","[111, 102, 103]","[114, 6, 94]"
209,"[87, 118, 84]","[101, 100, 20]","[70, 34, 33]","[176, 175, 21]","[22, 12, 23]","[28, 146, 88]","[112, 176, 118]","[146, 147, 21]","[139, 15, 16]","[145, 28, 92]","[0, 180, 179]","[59, 41, 58]"
210,"[128, 107, 115]","[85, 31, 37]","[124, 48, 49]","[37, 146, 21]","[66, 28, 67]","[89, 37, 36]","[85, 141, 84]","[129, 32, 146]","[54, 13, 53]","[88, 91, 87]","[154, 148, 155]","[88, 89, 134]"
211,"[172, 58, 75]","[116, 117, 135]","[85, 105, 136]","[21, 22, 23]","[121, 49, 28]","[16, 13, 14]","[19, 13, 21]","[143, 144, 145]","[58, 168, 57]","[16, 14, 93]","[0, 11, 1]","[165, 166, 136]"
212,"[29, 21, 109]","[165, 25, 166]","[114, 8, 9]","[52, 31, 132]","[99, 32, 129]","[168, 170, 169]","[65, 33, 90]","[0, 4, 1]","[171, 27, 69]","[100, 111, 96]","[30, 40, 41]","[69, 70, 71]"
213,"[90, 136, 91]","[75, 66, 76]","[131, 148, 1]","[71, 77, 72]","[95, 41, 40]","[116, 117, 61]","[36, 122, 37]","[135, 136, 128]","[41, 95, 40]","[71, 5, 4]","[151, 145, 144]","[125, 124, 89]"
214,"[173, 64, 17]","[98, 32, 83]","[4, 175, 45]","[78, 165, 121]","[21, 165, 166]","[73, 70, 36]","[37, 77, 38]","[55, 49, 54]","[49, 140, 54]","[60, 108, 59]","[32, 38, 39]","[98, 71, 112]"
215,"[172, 28, 27]","[136, 135, 34]","[44, 8, 126]","[78, 79, 80]","[161, 17, 164]","[56, 55, 57]","[135, 126, 0]","[46, 44, 45]","[161, 17, 160]","[56, 57, 60]","[168, 52, 105]","[176, 175, 172]"
216,"[180, 135, 27]","[108, 107, 169]","[111, 72, 112]","[150, 156, 161]","[62, 29, 44]","[7, 10, 11]","[34, 105, 104]","[25, 26, 28]","[168, 107, 167]","[15, 14, 12]","[41, 35, 33]","[45, 119, 118]"
217,"[80, 45, 79]","[176, 31, 177]","[178, 21, 22]","[9, 84, 83]","[140, 20, 139]","[103, 107, 108]","[180, 39, 42]","[127, 84, 128]","[134, 103, 9]","[28, 106, 72]","[158, 152, 159]","[59, 58, 57]"
218,"[86, 15, 87]","[29, 27, 28]","[134, 4, 135]","[64, 144, 97]","[40, 155, 39]","[56, 117, 119]","[127, 167, 128]","[26, 20, 24]","[104, 138, 152]","[54, 47, 53]","[0, 25, 24]","[64, 63, 136]"
219,"[39, 84, 40]","[91, 90, 92]","[47, 92, 93]","[124, 105, 123]","[26, 91, 90]","[168, 166, 169]","[170, 144, 143]","[135, 134, 5]","[53, 73, 155]","[18, 17, 16]","[167, 161, 168]","[82, 81, 77]"
220,"[147, 176, 146]","[127, 136, 135]","[180, 51, 177]","[116, 78, 118]","[90, 148, 76]","[169, 46, 48]","[31, 172, 142]","[48, 44, 49]","[123, 104, 116]","[71, 72, 162]","[65, 142, 64]","[45, 46, 47]"
221,"[137, 59, 138]","[172, 171, 160]","[25, 123, 53]","[92, 88, 89]","[178, 37, 180]","[80, 67, 79]","[53, 7, 11]","[5, 97, 4]","[127, 108, 128]","[76, 77, 90]","[0, 6, 178]","[8, 9, 13]"
222,"[1, 127, 0]","[42, 67, 45]","[80, 129, 107]","[92, 90, 93]","[76, 115, 77]","[44, 36, 23]","[62, 101, 61]","[160, 161, 54]","[31, 132, 131]","[117, 118, 84]","[62, 56, 61]","[165, 141, 139]"
223,"[75, 125, 124]","[169, 175, 168]","[29, 47, 48]","[96, 86, 99]","[173, 114, 174]","[80, 83, 88]","[64, 167, 168]","[136, 113, 114]","[58, 8, 57]","[72, 97, 78]","[14, 5, 15]","[121, 129, 128]"
224,"[131, 6, 130]","[108, 109, 80]","[134, 177, 12]","[166, 79, 52]","[18, 147, 146]","[81, 82, 44]","[2, 8, 3]","[87, 85, 90]","[147, 18, 148]","[81, 82, 80]","[2, 14, 13]","[120, 147, 170]"
225,"[1, 23, 25]","[0, 115, 114]","[144, 168, 52]","[47, 48, 91]","[22, 47, 48]","[77, 75, 76]","[19, 163, 21]","[34, 35, 108]","[87, 11, 86]","[71, 74, 72]","[93, 87, 86]","[107, 106, 108]"
226,"[161, 167, 166]","[88, 87, 89]","[69, 86, 124]","[172, 179, 4]","[162, 171, 170]","[96, 98, 46]","[138, 3, 91]","[161, 134, 133]","[1, 151, 131]","[8, 10, 9]","[180, 68, 179]","[1, 18, 20]"
227,"[52, 6, 51]","[32, 30, 79]","[0, 132, 1]","[85, 87, 120]","[22, 37, 36]","[152, 107, 105]","[166, 105, 169]","[96, 11, 144]","[169, 114, 166]","[91, 90, 92]","[0, 12, 13]","[84, 85, 81]"
228,"[34, 13, 35]","[155, 119, 140]","[52, 123, 53]","[98, 33, 99]","[154, 10, 152]","[23, 22, 97]","[97, 159, 98]","[110, 111, 109]","[31, 176, 32]","[130, 64, 111]","[68, 62, 63]","[42, 60, 43]"
229,"[69, 117, 118]","[137, 149, 144]","[138, 51, 50]","[27, 28, 117]","[127, 80, 126]","[45, 44, 48]","[78, 153, 114]","[12, 11, 13]","[125, 78, 126]","[175, 49, 48]","[24, 3, 2]","[144, 146, 147]"
230,"[180, 147, 146]","[125, 37, 6]","[109, 69, 160]","[127, 150, 151]","[160, 72, 71]","[131, 56, 133]","[110, 70, 69]","[55, 56, 116]","[84, 124, 44]","[133, 52, 51]","[154, 135, 159]","[111, 70, 67]"
231,"[151, 16, 140]","[82, 83, 111]","[170, 146, 144]","[135, 134, 49]","[147, 141, 142]","[19, 101, 25]","[26, 33, 22]","[171, 172, 169]","[147, 139, 80]","[174, 19, 175]","[0, 29, 28]","[66, 69, 70]"
232,"[171, 27, 172]","[31, 30, 147]","[0, 156, 10]","[79, 80, 117]","[121, 30, 120]","[39, 170, 41]","[150, 133, 125]","[176, 164, 163]","[102, 8, 62]","[151, 150, 60]","[176, 155, 79]","[111, 136, 110]"
233,"[82, 25, 173]","[102, 103, 157]","[31, 119, 41]","[10, 74, 85]","[46, 167, 45]","[10, 6, 7]","[1, 71, 2]","[16, 33, 159]","[43, 98, 42]","[24, 25, 29]","[0, 157, 49]","[22, 76, 67]"
234,"[178, 152, 37]","[112, 71, 137]","[60, 172, 180]","[81, 82, 83]","[29, 139, 34]","[172, 127, 93]","[32, 41, 33]","[164, 166, 165]","[139, 30, 29]","[90, 99, 98]","[142, 18, 17]","[178, 85, 101]"
235,"[0, 139, 134]","[85, 167, 16]","[1, 103, 4]","[149, 51, 160]","[24, 67, 23]","[1, 134, 119]","[26, 17, 27]","[143, 148, 146]","[161, 4, 3]","[179, 35, 76]","[1, 17, 18]","[153, 119, 154]"
236,"[172, 21, 171]","[76, 74, 77]","[13, 58, 108]","[133, 139, 132]","[163, 125, 132]","[24, 56, 23]","[26, 17, 38]","[126, 62, 2]","[125, 163, 31]","[63, 64, 16]","[0, 14, 1]","[157, 108, 49]"
237,"[119, 171, 120]","[103, 101, 104]","[90, 159, 179]","[31, 133, 135]","[180, 20, 10]","[103, 29, 28]","[7, 174, 176]","[87, 4, 88]","[180, 20, 19]","[169, 167, 171]","[26, 20, 19]","[55, 54, 53]"
238,"[171, 123, 125]","[33, 163, 32]","[47, 133, 50]","[101, 102, 173]","[154, 162, 159]","[48, 47, 50]","[98, 55, 38]","[159, 78, 102]","[150, 159, 162]","[47, 50, 18]","[38, 27, 4]","[168, 87, 127]"
239,"[141, 62, 63]","[89, 90, 88]","[31, 7, 33]","[131, 130, 100]","[42, 141, 142]","[121, 119, 103]","[29, 150, 149]","[68, 67, 180]","[98, 37, 97]","[49, 48, 132]","[23, 3, 2]","[87, 102, 103]"
240,"[177, 105, 29]","[83, 79, 84]","[153, 75, 154]","[53, 43, 51]","[144, 113, 117]","[103, 97, 96]","[20, 13, 142]","[80, 81, 104]","[141, 113, 139]","[62, 51, 42]","[150, 144, 151]","[97, 57, 53]"
241,"[29, 173, 30]","[88, 81, 65]","[38, 5, 4]","[14, 13, 81]","[161, 68, 162]","[39, 146, 45]","[17, 133, 20]","[6, 5, 3]","[1, 73, 89]","[146, 38, 39]","[65, 59, 58]","[180, 179, 106]"
242,"[173, 29, 174]","[141, 140, 142]","[165, 21, 19]","[44, 45, 74]","[30, 84, 27]","[72, 151, 178]","[180, 107, 106]","[150, 149, 148]","[84, 30, 143]","[151, 162, 176]","[23, 5, 24]","[58, 82, 118]"
243,"[18, 7, 19]","[146, 160, 133]","[59, 172, 86]","[11, 78, 166]","[12, 35, 34]","[137, 138, 136]","[148, 72, 149]","[175, 176, 81]","[29, 12, 27]","[137, 136, 134]","[0, 16, 15]","[103, 62, 58]"
244,"[11, 42, 6]","[164, 163, 19]","[179, 18, 103]","[122, 124, 121]","[5, 145, 6]","[91, 29, 30]","[180, 45, 96]","[81, 83, 36]","[122, 34, 120]","[91, 135, 176]","[17, 47, 48]","[125, 130, 124]"
245,"[22, 144, 23]","[36, 109, 173]","[2, 9, 4]","[75, 74, 73]","[97, 48, 25]","[69, 71, 140]","[51, 28, 153]","[172, 173, 73]","[67, 78, 66]","[143, 141, 142]","[31, 22, 25]","[56, 57, 93]"
246,"[134, 31, 119]","[93, 92, 95]","[32, 130, 162]","[168, 25, 119]","[180, 16, 143]","[12, 87, 89]","[87, 31, 177]","[173, 170, 172]","[180, 16, 176]","[12, 46, 113]","[63, 35, 62]","[124, 126, 108]"
247,"[110, 9, 109]","[43, 52, 55]","[48, 96, 97]","[157, 156, 77]","[100, 140, 99]","[72, 75, 158]","[100, 51, 20]","[125, 135, 124]","[58, 145, 61]","[39, 91, 90]","[180, 174, 173]","[11, 13, 12]"
248,"[30, 8, 23]","[163, 83, 82]","[90, 1, 89]","[54, 148, 144]","[22, 151, 23]","[40, 140, 159]","[82, 18, 60]","[176, 177, 179]","[43, 75, 180]","[162, 164, 161]","[65, 17, 18]","[164, 163, 165]"
249,"[172, 117, 123]","[31, 62, 24]","[91, 47, 90]","[149, 131, 133]","[57, 159, 56]","[77, 78, 79]","[97, 45, 44]","[35, 34, 73]","[142, 36, 37]","[101, 79, 75]","[0, 9, 8]","[59, 58, 57]"
250,"[159, 27, 160]","[135, 34, 100]","[177, 132, 2]","[53, 60, 28]","[179, 25, 134]","[67, 69, 68]","[104, 125, 105]","[83, 89, 94]","[81, 98, 99]","[10, 15, 68]","[18, 5, 17]","[80, 81, 82]"
251,"[0, 14, 80]","[137, 134, 121]","[147, 174, 146]","[50, 51, 52]","[67, 25, 5]","[94, 95, 42]","[127, 178, 108]","[140, 141, 139]","[179, 38, 160]","[155, 1, 20]","[0, 22, 1]","[77, 76, 47]"
252,"[66, 32, 31]","[168, 167, 170]","[142, 6, 166]","[172, 149, 127]","[120, 45, 44]","[178, 18, 7]","[150, 76, 20]","[160, 14, 161]","[0, 20, 1]","[127, 128, 151]","[172, 25, 2]","[68, 76, 78]"
253,"[2, 153, 168]","[58, 59, 64]","[166, 13, 135]","[52, 105, 106]","[96, 13, 74]","[56, 43, 46]","[6, 79, 5]","[46, 45, 47]","[74, 22, 151]","[5, 133, 60]","[2, 8, 1]","[76, 175, 75]"
254,"[148, 33, 9]","[52, 55, 54]","[36, 121, 90]","[77, 173, 169]","[24, 168, 27]","[35, 177, 176]","[133, 47, 146]","[119, 118, 117]","[24, 168, 27]","[126, 125, 177]","[154, 160, 161]","[42, 23, 41]"
255,"[28, 10, 27]","[106, 105, 83]","[1, 150, 0]","[114, 169, 115]","[0, 156, 50]","[73, 72, 69]","[56, 160, 161]","[11, 12, 164]","[178, 75, 49]","[128, 138, 172]","[4, 18, 3]","[55, 164, 134]"
256,"[47, 107, 108]","[178, 91, 92]","[36, 173, 37]","[145, 144, 88]","[136, 95, 175]","[45, 1, 2]","[129, 65, 130]","[25, 0, 28]","[42, 73, 180]","[174, 64, 62]","[155, 19, 125]","[144, 168, 167]"
257,"[64, 83, 65]","[116, 117, 114]","[79, 140, 80]","[94, 151, 152]","[66, 166, 133]","[57, 58, 59]","[140, 151, 141]","[67, 57, 61]","[145, 13, 6]","[62, 112, 144]","[163, 155, 157]","[133, 134, 132]"
258,"[34, 163, 9]","[143, 146, 147]","[109, 85, 86]","[148, 180, 179]","[174, 73, 173]","[165, 55, 105]","[124, 170, 125]","[24, 19, 3]","[159, 121, 120]","[56, 57, 55]","[30, 24, 27]","[155, 72, 71]"
259,"[45, 75, 97]","[119, 118, 117]","[8, 152, 154]","[21, 20, 69]","[180, 153, 121]","[127, 126, 19]","[49, 28, 40]","[97, 99, 96]","[180, 153, 174]","[42, 44, 43]","[18, 26, 27]","[166, 167, 165]"
260,"[177, 27, 175]","[78, 142, 143]","[152, 1, 3]","[79, 117, 116]","[0, 102, 49]","[151, 152, 149]","[61, 92, 62]","[158, 162, 159]","[0, 102, 103]","[123, 124, 151]","[161, 155, 154]","[123, 57, 56]"
261,"[67, 107, 21]","[159, 42, 157]","[68, 16, 103]","[129, 156, 137]","[43, 81, 44]","[148, 146, 145]","[22, 112, 23]","[37, 38, 90]","[90, 177, 178]","[8, 7, 10]","[1, 14, 0]","[126, 127, 44]"
262,"[105, 15, 106]","[113, 39, 132]","[114, 56, 115]","[144, 143, 160]","[180, 93, 173]","[36, 30, 35]","[33, 101, 100]","[0, 1, 7]","[90, 177, 92]","[32, 35, 34]","[108, 127, 128]","[176, 175, 177]"
263,"[93, 68, 94]","[155, 13, 12]","[164, 20, 169]","[178, 179, 180]","[124, 4, 123]","[80, 127, 79]","[50, 170, 49]","[16, 75, 18]","[147, 104, 107]","[55, 10, 8]","[41, 30, 42]","[54, 55, 125]"
264,"[134, 56, 141]","[162, 59, 158]","[33, 8, 35]","[128, 57, 94]","[40, 122, 39]","[154, 150, 151]","[77, 134, 34]","[144, 59, 63]","[47, 129, 95]","[150, 154, 148]","[17, 33, 34]","[139, 138, 137]"
265,"[34, 137, 33]","[11, 44, 128]","[5, 14, 6]","[103, 102, 101]","[19, 125, 16]","[59, 60, 66]","[108, 166, 109]","[0, 73, 68]","[81, 61, 80]","[179, 180, 14]","[145, 139, 146]","[112, 114, 176]"
266,"[122, 74, 76]","[7, 137, 93]","[157, 114, 167]","[68, 55, 9]","[92, 65, 144]","[5, 8, 85]","[45, 139, 44]","[130, 25, 125]","[116, 76, 117]","[1, 2, 87]","[38, 30, 32]","[119, 93, 60]"
267,"[39, 133, 122]","[97, 96, 3]","[154, 9, 155]","[78, 28, 77]","[30, 131, 29]","[49, 43, 112]","[124, 75, 76]","[162, 45, 161]","[143, 29, 146]","[88, 8, 87]","[126, 141, 137]","[56, 52, 51]"
268,"[86, 49, 87]","[10, 14, 7]","[66, 95, 65]","[109, 108, 39]","[28, 172, 74]","[18, 118, 122]","[41, 93, 138]","[178, 174, 175]","[52, 82, 83]","[11, 13, 12]","[180, 98, 62]","[43, 39, 129]"
269,"[50, 112, 115]","[145, 7, 144]","[2, 50, 13]","[177, 94, 179]","[15, 72, 123]","[62, 163, 78]","[138, 44, 137]","[4, 66, 5]","[15, 72, 150]","[26, 25, 51]","[12, 163, 164]","[42, 41, 39]"
270,"[178, 71, 179]","[107, 106, 164]","[8, 152, 64]","[86, 42, 40]","[100, 40, 99]","[121, 120, 72]","[170, 146, 26]","[56, 57, 30]","[28, 91, 29]","[124, 1, 8]","[77, 54, 56]","[139, 140, 138]"
271,"[162, 126, 159]","[58, 8, 7]","[118, 176, 117]","[42, 71, 132]","[154, 10, 153]","[142, 128, 141]","[153, 84, 83]","[132, 131, 130]","[20, 149, 19]","[111, 110, 112]","[0, 13, 1]","[95, 19, 100]"
272,"[80, 134, 133]","[126, 122, 145]","[170, 3, 173]","[143, 102, 110]","[15, 41, 14]","[125, 122, 148]","[177, 152, 151]","[137, 138, 136]","[41, 15, 40]","[122, 127, 123]","[20, 11, 21]","[125, 126, 124]"
273,"[180, 102, 100]","[118, 121, 122]","[71, 3, 70]","[45, 44, 43]","[56, 126, 8]","[83, 82, 86]","[18, 162, 17]","[64, 151, 67]","[51, 153, 50]","[86, 84, 83]","[0, 14, 7]","[61, 60, 34]"
274,"[35, 89, 90]","[161, 144, 142]","[32, 150, 149]","[68, 67, 62]","[44, 81, 83]","[103, 104, 92]","[28, 146, 54]","[132, 131, 139]","[10, 82, 84]","[57, 154, 61]","[5, 11, 14]","[139, 141, 140]"
275,"[42, 62, 176]","[49, 89, 48]","[96, 164, 179]","[103, 55, 23]","[6, 40, 7]","[92, 90, 95]","[145, 73, 146]","[63, 4, 3]","[6, 40, 41]","[31, 93, 95]","[28, 12, 27]","[176, 38, 92]"
276,"[64, 169, 174]","[132, 134, 70]","[123, 80, 50]","[65, 41, 91]","[115, 156, 162]","[26, 140, 33]","[0, 15, 1]","[84, 109, 83]","[52, 16, 51]","[24, 20, 22]","[171, 9, 11]","[28, 21, 27]"
277,"[43, 139, 138]","[59, 155, 7]","[96, 137, 136]","[107, 106, 105]","[120, 29, 28]","[80, 79, 82]","[35, 164, 39]","[108, 126, 124]","[37, 138, 128]","[82, 80, 58]","[117, 111, 118]","[68, 69, 70]"
278,"[77, 23, 24]","[149, 150, 65]","[16, 160, 161]","[97, 102, 98]","[94, 56, 100]","[177, 139, 83]","[180, 24, 179]","[0, 118, 119]","[98, 166, 81]","[24, 140, 177]","[4, 21, 1]","[114, 115, 116]"
279,"[0, 7, 3]","[106, 47, 45]","[173, 29, 150]","[52, 51, 36]","[180, 30, 17]","[52, 103, 51]","[134, 173, 21]","[55, 54, 53]","[158, 14, 161]","[40, 38, 36]","[15, 4, 5]","[109, 113, 112]"
280,"[161, 17, 162]","[91, 90, 89]","[164, 46, 45]","[142, 143, 102]","[55, 162, 54]","[89, 90, 91]","[38, 153, 39]","[179, 180, 178]","[0, 57, 147]","[65, 122, 66]","[172, 178, 171]","[35, 34, 36]"
281,"[20, 139, 19]","[102, 106, 100]","[140, 121, 122]","[91, 86, 95]","[166, 179, 178]","[44, 45, 37]","[42, 116, 152]","[65, 171, 60]","[21, 85, 83]","[4, 3, 5]","[144, 150, 145]","[19, 17, 37]"
282,"[177, 113, 176]","[8, 32, 9]","[58, 22, 21]","[34, 32, 110]","[66, 126, 65]","[102, 101, 37]","[51, 93, 50]","[78, 80, 79]","[121, 167, 122]","[141, 179, 37]","[180, 160, 159]","[22, 75, 27]"
283,"[141, 95, 94]","[171, 174, 172]","[2, 61, 142]","[74, 36, 75]","[85, 120, 147]","[166, 165, 162]","[114, 176, 118]","[35, 70, 33]","[86, 121, 85]","[29, 168, 51]","[177, 171, 178]","[19, 82, 88]"
284,"[111, 66, 40]","[149, 178, 175]","[161, 111, 125]","[27, 64, 102]","[51, 125, 171]","[4, 6, 129]","[149, 39, 150]","[63, 20, 22]","[171, 16, 170]","[180, 81, 55]","[3, 26, 2]","[44, 45, 42]"
285,"[103, 76, 21]","[175, 39, 40]","[31, 15, 107]","[89, 44, 85]","[0, 118, 1]","[153, 105, 157]","[167, 13, 36]","[87, 88, 89]","[2, 117, 1]","[43, 88, 176]","[75, 69, 76]","[152, 134, 135]"
286,"[18, 159, 128]","[116, 111, 112]","[3, 94, 81]","[63, 65, 66]","[0, 21, 89]","[112, 113, 40]","[178, 152, 77]","[30, 159, 29]","[129, 20, 130]","[113, 66, 112]","[0, 18, 17]","[54, 62, 99]"
287,"[3, 138, 4]","[14, 16, 12]","[138, 35, 45]","[10, 9, 11]","[112, 72, 73]","[59, 166, 30]","[151, 127, 131]","[43, 42, 44]","[161, 170, 162]","[59, 18, 60]","[71, 111, 112]","[24, 26, 28]"
288,"[138, 71, 139]","[103, 6, 102]","[21, 67, 66]","[107, 105, 167]","[146, 44, 43]","[177, 126, 132]","[156, 12, 157]","[135, 124, 123]","[81, 29, 2]","[171, 177, 169]","[86, 62, 61]","[107, 106, 170]"
289,"[141, 100, 140]","[18, 3, 17]","[102, 167, 177]","[155, 76, 93]","[104, 157, 72]","[176, 18, 54]","[141, 178, 47]","[52, 154, 59]","[74, 154, 75]","[90, 87, 38]","[158, 152, 151]","[45, 44, 92]"
290,"[27, 163, 42]","[57, 28, 178]","[34, 62, 63]","[180, 152, 153]","[26, 14, 20]","[60, 33, 61]","[135, 21, 44]","[70, 150, 69]","[49, 22, 21]","[94, 93, 96]","[0, 10, 2]","[100, 65, 60]"
291,"[51, 17, 19]","[74, 62, 71]","[148, 172, 147]","[92, 93, 95]","[171, 27, 173]","[37, 144, 137]","[158, 92, 109]","[123, 124, 122]","[128, 119, 129]","[6, 7, 148]","[59, 86, 60]","[99, 101, 98]"
292,"[130, 153, 41]","[99, 119, 10]","[178, 17, 18]","[0, 117, 85]","[83, 42, 180]","[162, 40, 164]","[59, 82, 60]","[119, 122, 55]","[82, 41, 110]","[162, 164, 165]","[0, 24, 1]","[119, 122, 115]"
293,"[82, 130, 129]","[61, 64, 150]","[4, 131, 108]","[86, 85, 83]","[125, 169, 33]","[98, 65, 109]","[25, 5, 123]","[57, 54, 56]","[0, 44, 1]","[8, 9, 71]","[39, 45, 44]","[112, 109, 113]"
294,"[64, 112, 108]","[83, 39, 40]","[70, 98, 180]","[21, 112, 20]","[55, 26, 56]","[180, 111, 84]","[56, 169, 57]","[98, 90, 13]","[56, 27, 55]","[84, 85, 82]","[164, 157, 165]","[117, 118, 169]"
295,"[53, 148, 51]","[154, 157, 155]","[25, 169, 24]","[63, 61, 59]","[118, 40, 117]","[174, 166, 65]","[1, 177, 118]","[14, 39, 10]","[40, 118, 117]","[174, 165, 176]","[2, 8, 0]","[147, 146, 148]"
296,"[19, 161, 148]","[113, 128, 112]","[30, 114, 113]","[148, 77, 144]","[111, 4, 3]","[139, 122, 138]","[58, 22, 50]","[117, 118, 8]","[99, 56, 98]","[11, 12, 135]","[15, 1, 2]","[86, 82, 83]"
297,"[101, 25, 102]","[82, 79, 80]","[124, 166, 123]","[157, 36, 65]","[108, 48, 76]","[173, 174, 172]","[125, 167, 124]","[52, 53, 51]","[29, 35, 31]","[43, 46, 44]","[48, 79, 42]","[180, 179, 99]"
298,"[75, 121, 74]","[96, 136, 176]","[30, 130, 31]","[52, 25, 46]","[55, 17, 60]","[110, 104, 99]","[3, 109, 76]","[26, 25, 180]","[1, 40, 2]","[111, 112, 139]","[178, 157, 179]","[111, 110, 92]"
299,"[82, 50, 80]","[146, 139, 143]","[159, 62, 160]","[99, 23, 16]","[88, 65, 87]","[16, 107, 168]","[97, 65, 96]","[167, 175, 165]","[79, 27, 24]","[66, 0, 161]","[19, 29, 28]","[177, 133, 171]"
300,"[128, 78, 79]","[68, 180, 69]","[49, 24, 50]","[128, 165, 163]","[157, 114, 115]","[138, 137, 172]","[80, 54, 79]","[18, 22, 24]","[58, 96, 59]","[48, 41, 168]","[5, 23, 4]","[176, 147, 89]"
301,"[51, 7, 8]","[27, 65, 113]","[145, 49, 171]","[124, 100, 125]","[157, 13, 158]","[110, 111, 114]","[83, 146, 129]","[90, 94, 173]","[26, 156, 12]","[2, 1, 3]","[8, 38, 25]","[45, 177, 46]"
302,"[169, 177, 168]","[23, 24, 45]","[94, 157, 168]","[30, 132, 31]","[113, 179, 28]","[56, 57, 53]","[169, 45, 20]","[143, 132, 144]","[100, 143, 101]","[14, 35, 95]","[0, 18, 19]","[148, 145, 146]"
303,"[161, 17, 158]","[147, 148, 146]","[96, 121, 97]","[157, 164, 167]","[174, 33, 15]","[113, 173, 164]","[1, 151, 157]","[114, 115, 69]","[7, 15, 8]","[162, 89, 62]","[16, 3, 1]","[111, 109, 176]"
304,"[99, 18, 20]","[34, 36, 37]","[14, 158, 157]","[113, 124, 121]","[174, 17, 173]","[30, 36, 32]","[100, 17, 95]","[33, 36, 37]","[101, 146, 100]","[55, 126, 124]","[2, 12, 0]","[17, 18, 152]"
305,"[26, 170, 29]","[152, 139, 131]","[102, 178, 67]","[123, 6, 46]","[10, 151, 147]","[35, 119, 171]","[160, 16, 159]","[43, 45, 44]","[151, 114, 5]","[141, 138, 140]","[24, 10, 25]","[118, 117, 124]"
306,"[0, 107, 4]","[127, 20, 126]","[52, 86, 87]","[139, 43, 71]","[107, 52, 51]","[69, 68, 67]","[28, 172, 171]","[138, 139, 44]","[172, 111, 109]","[69, 70, 68]","[68, 106, 107]","[37, 90, 89]"
307,"[119, 24, 23]","[123, 68, 122]","[51, 103, 52]","[77, 81, 76]","[102, 21, 129]","[147, 146, 5]","[139, 11, 123]","[79, 82, 85]","[112, 81, 72]","[15, 76, 16]","[133, 134, 135]","[152, 151, 45]"
308,"[30, 7, 6]","[47, 44, 45]","[29, 141, 140]","[83, 176, 179]","[120, 156, 117]","[11, 40, 37]","[3, 52, 2]","[28, 25, 20]","[95, 47, 48]","[171, 32, 10]","[9, 38, 10]","[165, 163, 164]"
309,"[66, 25, 65]","[123, 97, 30]","[26, 78, 143]","[67, 68, 41]","[124, 143, 123]","[88, 87, 156]","[109, 176, 64]","[18, 4, 1]","[50, 122, 47]","[151, 20, 87]","[178, 165, 164]","[23, 24, 22]"
310,"[5, 174, 74]","[142, 179, 143]","[162, 18, 19]","[1, 2, 0]","[115, 54, 114]","[21, 19, 40]","[160, 136, 178]","[62, 155, 42]","[54, 115, 64]","[16, 99, 14]","[1, 100, 13]","[29, 27, 28]"
311,"[108, 167, 107]","[53, 54, 37]","[87, 69, 89]","[140, 31, 80]","[30, 164, 165]","[76, 121, 120]","[22, 98, 23]","[139, 140, 138]","[170, 45, 156]","[123, 122, 49]","[129, 7, 128]","[103, 48, 42]"
312,"[143, 48, 142]","[25, 137, 129]","[23, 6, 160]","[43, 44, 42]","[0, 119, 118]","[177, 80, 79]","[155, 53, 156]","[76, 77, 78]","[0, 118, 1]","[145, 36, 77]","[0, 10, 9]","[106, 53, 104]"
313,"[0, 28, 1]","[132, 137, 136]","[27, 8, 28]","[96, 95, 99]","[180, 34, 43]","[67, 65, 66]","[43, 27, 82]","[129, 130, 131]","[88, 120, 90]","[52, 57, 3]","[28, 34, 29]","[146, 169, 145]"
314,"[113, 73, 114]","[178, 177, 175]","[100, 65, 98]","[131, 128, 130]","[106, 23, 24]","[158, 7, 99]","[90, 131, 95]","[87, 170, 147]","[122, 142, 121]","[3, 2, 94]","[0, 11, 3]","[150, 148, 111]"
315,"[147, 30, 174]","[97, 28, 129]","[51, 9, 157]","[133, 136, 132]","[178, 32, 179]","[138, 142, 139]","[173, 119, 123]","[26, 58, 39]","[29, 6, 30]","[163, 160, 159]","[1, 7, 4]","[173, 174, 175]"
316,"[152, 8, 74]","[95, 32, 31]","[91, 10, 90]","[46, 155, 180]","[4, 127, 3]","[179, 63, 96]","[149, 85, 102]","[146, 42, 145]","[14, 25, 26]","[83, 115, 142]","[36, 106, 130]","[141, 81, 82]"
317,"[9, 16, 3]","[34, 35, 70]","[138, 93, 90]","[8, 7, 59]","[3, 25, 26]","[84, 83, 97]","[131, 82, 20]","[2, 50, 176]","[2, 29, 1]","[15, 22, 14]","[36, 43, 37]","[72, 81, 129]"
318,"[178, 164, 138]","[129, 160, 22]","[90, 118, 119]","[153, 142, 148]","[107, 55, 106]","[167, 169, 170]","[127, 152, 143]","[54, 71, 32]","[115, 134, 136]","[163, 164, 37]","[28, 12, 29]","[113, 86, 171]"
319,"[180, 162, 147]","[176, 177, 175]","[39, 67, 40]","[72, 76, 77]","[154, 20, 21]","[101, 71, 47]","[106, 178, 179]","[14, 19, 20]","[23, 75, 176]","[78, 161, 48]","[9, 15, 8]","[173, 172, 171]"
320,"[55, 26, 54]","[44, 46, 45]","[134, 173, 174]","[28, 29, 27]","[145, 42, 141]","[112, 166, 110]","[52, 112, 31]","[176, 174, 175]","[21, 136, 124]","[176, 93, 54]","[18, 12, 17]","[138, 139, 135]"
321,"[160, 92, 161]","[131, 117, 158]","[11, 53, 44]","[22, 20, 24]","[176, 19, 18]","[122, 37, 39]","[151, 175, 173]","[8, 97, 98]","[97, 166, 96]","[5, 134, 2]","[2, 11, 3]","[40, 51, 70]"
322,"[103, 64, 147]","[32, 171, 33]","[119, 75, 76]","[163, 97, 39]","[111, 13, 112]","[47, 46, 53]","[56, 166, 61]","[147, 48, 133]","[1, 170, 118]","[47, 49, 50]","[93, 99, 91]","[27, 25, 28]"
323,"[114, 64, 49]","[71, 70, 29]","[2, 31, 1]","[178, 177, 179]","[0, 17, 1]","[63, 62, 64]","[163, 41, 42]","[25, 30, 66]","[0, 17, 1]","[84, 65, 58]","[25, 5, 6]","[87, 100, 95]"
324,"[13, 36, 175]","[87, 86, 140]","[2, 83, 117]","[113, 114, 136]","[83, 18, 17]","[178, 179, 177]","[41, 172, 42]","[84, 51, 1]","[52, 6, 59]","[29, 28, 66]","[0, 10, 1]","[76, 75, 79]"
325,"[72, 179, 174]","[162, 163, 164]","[20, 131, 88]","[62, 36, 125]","[178, 14, 134]","[53, 36, 35]","[66, 18, 148]","[101, 102, 31]","[145, 122, 146]","[70, 71, 79]","[14, 8, 0]","[159, 166, 92]"
326,"[72, 9, 118]","[162, 53, 50]","[132, 155, 131]","[28, 27, 166]","[161, 17, 167]","[101, 102, 149]","[77, 31, 32]","[174, 175, 146]","[19, 167, 23]","[102, 50, 103]","[3, 28, 2]","[70, 69, 40]"
327,"[174, 6, 173]","[114, 113, 76]","[172, 157, 134]","[138, 139, 152]","[176, 29, 51]","[179, 180, 178]","[65, 46, 64]","[177, 176, 52]","[176, 29, 147]","[7, 6, 11]","[87, 93, 88]","[176, 175, 177]"
328,"[33, 148, 0]","[76, 74, 73]","[2, 20, 1]","[113, 40, 81]","[27, 8, 29]","[134, 135, 133]","[23, 111, 24]","[167, 107, 168]","[129, 106, 104]","[13, 95, 97]","[0, 11, 1]","[81, 76, 177]"
329,"[108, 11, 37]","[31, 33, 30]","[29, 174, 40]","[108, 109, 13]","[162, 8, 163]","[138, 58, 59]","[44, 129, 128]","[155, 154, 157]","[32, 106, 162]","[61, 57, 56]","[128, 134, 129]","[95, 108, 38]"
330,"[27, 151, 89]","[13, 142, 12]","[38, 98, 97]","[74, 83, 82]","[45, 6, 166]","[38, 39, 31]","[21, 158, 163]","[8, 7, 42]","[174, 36, 106]","[141, 39, 40]","[0, 19, 18]","[128, 129, 104]"
331,"[27, 19, 79]","[35, 34, 32]","[135, 63, 86]","[156, 91, 35]","[9, 70, 129]","[108, 174, 94]","[63, 132, 62]","[81, 86, 82]","[68, 31, 32]","[108, 110, 47]","[0, 23, 24]","[169, 172, 129]"
332,"[27, 92, 142]","[74, 73, 153]","[6, 41, 42]","[105, 104, 109]","[28, 10, 9]","[45, 44, 47]","[33, 173, 39]","[11, 71, 70]","[114, 47, 172]","[1, 2, 0]","[167, 173, 168]","[159, 158, 93]"
333,"[149, 14, 148]","[37, 61, 119]","[120, 32, 116]","[44, 166, 43]","[58, 98, 55]","[113, 108, 146]","[168, 24, 169]","[89, 111, 115]","[172, 77, 76]","[65, 0, 174]","[26, 134, 25]","[120, 121, 122]"
334,"[126, 47, 48]","[13, 16, 15]","[65, 162, 66]","[92, 141, 130]","[165, 88, 166]","[148, 147, 146]","[151, 176, 21]","[175, 174, 48]","[162, 19, 18]","[144, 151, 74]","[18, 31, 33]","[125, 126, 124]"
335,"[55, 97, 166]","[82, 171, 170]","[175, 6, 178]","[106, 50, 45]","[105, 3, 106]","[171, 79, 42]","[61, 6, 140]","[115, 170, 104]","[113, 159, 158]","[73, 60, 44]","[0, 20, 21]","[126, 128, 127]"
336,"[85, 161, 53]","[150, 139, 151]","[164, 142, 80]","[40, 41, 137]","[160, 106, 112]","[98, 96, 37]","[70, 168, 8]","[152, 151, 153]","[109, 163, 166]","[1, 39, 18]","[178, 172, 175]","[100, 87, 97]"
337,"[37, 29, 30]","[74, 90, 66]","[37, 10, 36]","[126, 84, 128]","[63, 136, 60]","[6, 162, 5]","[180, 164, 163]","[7, 6, 58]","[32, 136, 71]","[1, 0, 11]","[13, 5, 4]","[98, 99, 94]"
338,"[91, 31, 90]","[143, 140, 17]","[180, 20, 6]","[134, 14, 82]","[127, 7, 129]","[32, 60, 42]","[1, 58, 0]","[47, 16, 168]","[19, 66, 21]","[147, 101, 45]","[19, 13, 14]","[29, 92, 93]"
339,"[175, 30, 137]","[45, 46, 48]","[86, 25, 85]","[11, 110, 127]","[104, 60, 103]","[8, 156, 7]","[104, 135, 50]","[99, 101, 73]","[104, 60, 94]","[157, 156, 8]","[66, 159, 158]","[135, 134, 37]"
340,"[37, 154, 29]","[106, 104, 83]","[157, 85, 70]","[76, 94, 96]","[140, 131, 16]","[68, 73, 72]","[99, 112, 91]","[166, 173, 167]","[1, 14, 0]","[26, 25, 27]","[152, 44, 43]","[165, 14, 67]"
341,"[45, 37, 44]","[154, 138, 135]","[114, 95, 96]","[138, 84, 77]","[127, 21, 74]","[26, 106, 28]","[14, 7, 8]","[128, 129, 47]","[131, 76, 56]","[162, 163, 164]","[15, 1, 2]","[121, 42, 99]"
342,"[27, 18, 26]","[118, 2, 1]","[31, 115, 9]","[121, 120, 170]","[164, 5, 112]","[148, 142, 144]","[68, 100, 30]","[58, 47, 89]","[33, 81, 80]","[0, 128, 1]","[98, 13, 49]","[69, 70, 68]"
343,"[107, 74, 75]","[152, 151, 13]","[7, 79, 77]","[143, 98, 31]","[78, 168, 89]","[178, 177, 175]","[110, 146, 128]","[104, 103, 108]","[157, 89, 100]","[13, 25, 12]","[11, 179, 12]","[100, 127, 132]"
344,"[173, 93, 91]","[54, 58, 57]","[83, 176, 82]","[26, 21, 22]","[179, 76, 98]","[148, 143, 137]","[21, 148, 147]","[81, 177, 82]","[62, 126, 125]","[151, 134, 135]","[11, 5, 4]","[79, 158, 38]"
345,"[85, 170, 171]","[24, 180, 2]","[159, 178, 179]","[57, 58, 35]","[48, 118, 117]","[140, 122, 139]","[105, 54, 164]","[10, 9, 8]","[50, 143, 128]","[76, 25, 26]","[0, 168, 1]","[116, 114, 115]"
346,"[131, 171, 132]","[71, 72, 74]","[150, 65, 149]","[119, 121, 97]","[125, 119, 113]","[148, 81, 82]","[130, 47, 131]","[169, 20, 21]","[125, 119, 59]","[33, 32, 93]","[175, 158, 174]","[12, 11, 14]"
347,"[7, 96, 8]","[87, 86, 85]","[175, 33, 176]","[119, 133, 127]","[180, 39, 179]","[159, 161, 160]","[26, 70, 27]","[122, 125, 123]","[94, 146, 92]","[67, 121, 120]","[155, 175, 171]","[131, 126, 39]"
348,"[142, 9, 47]","[102, 103, 99]","[132, 58, 57]","[40, 42, 43]","[0, 110, 15]","[60, 97, 98]","[47, 126, 49]","[10, 9, 38]","[0, 110, 108]","[93, 98, 144]","[51, 96, 50]","[31, 65, 141]"
349,"[26, 170, 27]","[44, 103, 45]","[82, 114, 83]","[90, 12, 34]","[24, 54, 26]","[145, 122, 107]","[37, 98, 97]","[22, 124, 23]","[151, 125, 57]","[40, 39, 38]","[12, 21, 22]","[67, 122, 44]"
350,"[73, 137, 74]","[19, 107, 100]","[46, 113, 115]","[107, 3, 103]","[30, 121, 29]","[145, 97, 94]","[122, 66, 127]","[44, 57, 49]","[30, 121, 152]","[72, 101, 100]","[70, 76, 75]","[111, 112, 117]"
351,"[178, 37, 79]","[13, 92, 136]","[22, 75, 164]","[8, 12, 11]","[100, 26, 101]","[174, 176, 89]","[168, 143, 169]","[17, 22, 20]","[27, 101, 31]","[159, 161, 163]","[3, 22, 2]","[74, 75, 73]"
352,"[175, 45, 83]","[110, 112, 96]","[158, 57, 148]","[118, 89, 167]","[76, 99, 66]","[109, 55, 131]","[98, 117, 116]","[175, 45, 176]","[76, 99, 98]","[115, 114, 44]","[0, 18, 16]","[23, 24, 166]"
353,"[61, 147, 62]","[33, 169, 42]","[63, 160, 101]","[83, 82, 126]","[41, 14, 40]","[101, 149, 150]","[169, 37, 168]","[5, 101, 14]","[102, 126, 88]","[49, 164, 166]","[137, 41, 138]","[168, 47, 169]"
354,"[2, 116, 118]","[147, 145, 146]","[20, 52, 83]","[7, 2, 121]","[59, 12, 60]","[120, 119, 109]","[109, 32, 28]","[50, 116, 115]","[19, 65, 64]","[29, 108, 30]","[160, 166, 161]","[95, 93, 92]"
355,"[143, 47, 144]","[88, 90, 89]","[19, 155, 20]","[138, 121, 137]","[88, 105, 67]","[20, 22, 132]","[8, 54, 55]","[117, 115, 122]","[178, 49, 68]","[10, 127, 28]","[164, 158, 163]","[116, 23, 117]"
356,"[23, 8, 22]","[101, 98, 100]","[109, 26, 40]","[142, 152, 151]","[168, 24, 169]","[56, 57, 148]","[180, 147, 80]","[166, 167, 168]","[1, 29, 2]","[161, 160, 180]","[145, 151, 150]","[57, 155, 58]"
357,"[59, 20, 28]","[126, 9, 8]","[158, 14, 155]","[133, 132, 57]","[164, 7, 163]","[38, 37, 146]","[79, 40, 39]","[160, 159, 13]","[173, 16, 174]","[108, 107, 106]","[151, 145, 144]","[115, 94, 171]"
358,"[91, 177, 165]","[152, 148, 147]","[164, 77, 162]","[83, 84, 47]","[158, 27, 157]","[52, 125, 76]","[28, 172, 26]","[62, 63, 61]","[75, 153, 81]","[52, 50, 47]","[4, 19, 3]","[21, 133, 111]"
359,"[6, 45, 9]","[73, 72, 74]","[177, 74, 30]","[47, 48, 51]","[19, 163, 22]","[33, 1, 148]","[128, 98, 129]","[16, 17, 24]","[129, 68, 180]","[66, 126, 127]","[0, 39, 1]","[106, 105, 110]"
360,"[34, 13, 33]","[57, 55, 54]","[49, 148, 147]","[19, 13, 39]","[96, 6, 156]","[132, 148, 131]","[160, 22, 101]","[67, 66, 68]","[0, 83, 96]","[170, 172, 169]","[18, 11, 17]","[159, 160, 158]"
361,"[28, 37, 178]","[133, 154, 135]","[129, 86, 82]","[42, 16, 41]","[19, 46, 18]","[119, 94, 67]","[21, 173, 29]","[97, 98, 99]","[96, 129, 128]","[151, 154, 8]","[111, 10, 110]","[49, 50, 46]"
362,"[161, 155, 162]","[127, 104, 128]","[155, 15, 16]","[94, 96, 70]","[145, 174, 175]","[150, 149, 94]","[86, 155, 122]","[57, 56, 24]","[176, 147, 175]","[149, 150, 94]","[67, 16, 68]","[90, 91, 89]"
363,"[36, 135, 81]","[53, 144, 54]","[63, 20, 22]","[42, 85, 84]","[34, 139, 35]","[124, 126, 127]","[17, 25, 61]","[43, 44, 42]","[152, 76, 154]","[117, 116, 23]","[40, 34, 39]","[115, 116, 89]"
364,"[47, 97, 98]","[72, 71, 85]","[112, 28, 26]","[149, 150, 88]","[35, 15, 100]","[138, 137, 134]","[143, 72, 150]","[109, 173, 80]","[35, 15, 36]","[55, 54, 56]","[0, 16, 17]","[164, 157, 121]"
365,"[33, 9, 10]","[81, 82, 158]","[13, 110, 113]","[137, 139, 135]","[41, 124, 37]","[109, 139, 138]","[87, 6, 7]","[23, 22, 24]","[163, 132, 164]","[92, 89, 65]","[4, 173, 5]","[106, 44, 64]"
366,"[83, 63, 80]","[49, 180, 178]","[106, 13, 107]","[68, 22, 69]","[120, 77, 2]","[141, 64, 63]","[1, 16, 48]","[117, 149, 150]","[2, 119, 120]","[47, 143, 48]","[3, 10, 4]","[65, 64, 63]"
367,"[91, 32, 165]","[69, 70, 111]","[48, 172, 49]","[81, 79, 80]","[106, 115, 121]","[35, 75, 77]","[122, 150, 133]","[173, 172, 69]","[8, 171, 167]","[76, 102, 75]","[131, 125, 132]","[58, 60, 160]"
368,"[5, 27, 28]","[0, 159, 153]","[21, 135, 24]","[169, 131, 55]","[132, 114, 115]","[148, 178, 103]","[115, 147, 146]","[0, 4, 5]","[179, 61, 62]","[177, 105, 175]","[104, 110, 102]","[94, 164, 119]"
369,"[175, 134, 174]","[98, 96, 51]","[85, 165, 86]","[170, 151, 38]","[163, 19, 20]","[146, 147, 145]","[86, 26, 27]","[124, 125, 127]","[163, 19, 31]","[144, 143, 146]","[0, 180, 1]","[85, 87, 89]"
370,"[67, 58, 66]","[106, 107, 108]","[146, 36, 145]","[45, 56, 8]","[28, 22, 23]","[151, 115, 168]","[110, 60, 59]","[80, 67, 125]","[1, 21, 0]","[75, 118, 74]","[21, 5, 23]","[101, 59, 103]"
371,"[73, 24, 72]","[93, 4, 96]","[83, 43, 44]","[172, 165, 139]","[15, 128, 127]","[90, 89, 88]","[155, 172, 171]","[47, 46, 50]","[85, 176, 86]","[92, 90, 140]","[22, 179, 176]","[36, 35, 3]"
372,"[139, 150, 149]","[134, 121, 135]","[78, 173, 174]","[122, 114, 121]","[139, 68, 29]","[59, 159, 58]","[6, 135, 136]","[174, 37, 36]","[128, 32, 122]","[60, 59, 58]","[81, 75, 76]","[131, 130, 169]"
373,"[140, 25, 139]","[173, 174, 172]","[6, 14, 105]","[50, 46, 47]","[16, 48, 0]","[33, 35, 37]","[121, 74, 10]","[28, 29, 31]","[0, 134, 1]","[175, 36, 176]","[0, 8, 1]","[66, 65, 55]"
374,"[131, 10, 5]","[134, 136, 139]","[127, 157, 126]","[14, 13, 10]","[163, 129, 0]","[180, 168, 177]","[91, 144, 92]","[172, 13, 12]","[149, 3, 142]","[172, 173, 171]","[81, 129, 82]","[67, 111, 112]"
375,"[180, 29, 159]","[83, 82, 81]","[176, 96, 174]","[49, 163, 56]","[100, 51, 101]","[164, 28, 180]","[82, 57, 177]","[32, 176, 147]","[54, 103, 55]","[15, 13, 16]","[0, 12, 11]","[118, 120, 27]"
376,"[147, 112, 148]","[156, 175, 158]","[156, 12, 155]","[112, 115, 0]","[59, 33, 44]","[137, 140, 92]","[178, 152, 179]","[149, 148, 150]","[71, 45, 70]","[179, 180, 92]","[37, 10, 38]","[174, 179, 173]"
377,"[150, 43, 151]","[62, 61, 60]","[155, 27, 154]","[168, 73, 74]","[128, 35, 129]","[57, 133, 58]","[26, 109, 25]","[83, 82, 47]","[131, 6, 149]","[150, 180, 137]","[8, 20, 21]","[29, 68, 30]"
378,"[82, 135, 136]","[6, 4, 2]","[123, 31, 122]","[77, 135, 76]","[94, 11, 93]","[63, 142, 62]","[2, 8, 5]","[133, 160, 60]","[94, 11, 93]","[64, 63, 65]","[36, 43, 42]","[146, 139, 145]"
379,"[28, 172, 171]","[129, 128, 131]","[105, 137, 104]","[18, 113, 73]","[37, 146, 38]","[178, 66, 76]","[32, 7, 0]","[78, 20, 21]","[87, 165, 143]","[177, 178, 57]","[175, 6, 178]","[96, 113, 173]"
380,"[136, 130, 129]","[87, 75, 10]","[152, 56, 124]","[175, 168, 171]","[135, 53, 145]","[132, 169, 127]","[124, 56, 125]","[22, 23, 154]","[53, 135, 144]","[0, 169, 48]","[180, 126, 179]","[47, 45, 35]"
381,"[0, 28, 1]","[140, 136, 59]","[168, 130, 129]","[180, 15, 7]","[162, 19, 0]","[145, 167, 143]","[154, 10, 156]","[76, 27, 30]","[162, 19, 161]","[127, 145, 24]","[14, 3, 42]","[96, 144, 145]"
382,"[103, 154, 104]","[131, 83, 84]","[90, 6, 7]","[43, 36, 115]","[124, 26, 64]","[53, 144, 140]","[72, 130, 91]","[99, 100, 101]","[64, 100, 111]","[52, 142, 140]","[7, 17, 14]","[178, 39, 40]"
383,"[55, 100, 141]","[85, 86, 87]","[28, 76, 70]","[2, 0, 1]","[121, 141, 116]","[84, 1, 0]","[26, 69, 68]","[53, 149, 54]","[116, 46, 117]","[61, 0, 2]","[2, 14, 1]","[44, 43, 27]"
384,"[140, 82, 149]","[53, 54, 24]","[111, 177, 112]","[67, 68, 127]","[47, 163, 164]","[110, 122, 120]","[129, 103, 172]","[10, 51, 9]","[54, 16, 116]","[33, 32, 38]","[34, 23, 36]","[67, 66, 101]"
385,"[31, 63, 149]","[118, 117, 119]","[0, 153, 154]","[34, 46, 88]","[66, 149, 67]","[58, 55, 56]","[111, 167, 112]","[43, 42, 122]","[66, 149, 150]","[55, 56, 58]","[129, 121, 128]","[169, 63, 24]"
386,"[119, 61, 126]","[79, 93, 99]","[13, 60, 14]","[146, 145, 150]","[18, 74, 72]","[66, 65, 145]","[129, 174, 128]","[58, 148, 149]","[172, 82, 84]","[11, 9, 10]","[179, 14, 13]","[83, 107, 108]"
387,"[163, 88, 159]","[91, 92, 33]","[52, 145, 146]","[88, 9, 89]","[28, 20, 21]","[89, 88, 51]","[39, 13, 38]","[33, 34, 35]","[71, 38, 157]","[119, 120, 63]","[159, 165, 161]","[152, 154, 76]"
388,"[48, 15, 45]","[104, 118, 106]","[40, 6, 30]","[143, 149, 158]","[62, 169, 168]","[28, 29, 26]","[36, 168, 38]","[98, 77, 76]","[173, 66, 63]","[76, 6, 79]","[1, 15, 2]","[67, 74, 73]"
389,"[84, 161, 46]","[119, 115, 80]","[19, 59, 31]","[118, 150, 152]","[2, 38, 4]","[113, 148, 149]","[55, 61, 54]","[22, 23, 24]","[149, 100, 99]","[106, 107, 109]","[161, 155, 162]","[131, 106, 105]"
390,"[180, 147, 179]","[106, 124, 120]","[45, 155, 46]","[83, 82, 81]","[58, 19, 59]","[34, 85, 115]","[63, 112, 64]","[88, 11, 86]","[62, 110, 111]","[3, 46, 47]","[9, 15, 0]","[81, 82, 110]"
391,"[180, 22, 83]","[64, 70, 65]","[25, 84, 87]","[115, 175, 47]","[180, 30, 29]","[0, 124, 148]","[178, 34, 155]","[135, 26, 29]","[19, 46, 177]","[153, 124, 152]","[168, 94, 172]","[48, 43, 46]"
392,"[106, 30, 29]","[153, 154, 136]","[27, 109, 98]","[138, 121, 180]","[15, 23, 0]","[94, 91, 93]","[116, 60, 61]","[5, 4, 2]","[123, 30, 122]","[4, 5, 105]","[0, 6, 1]","[102, 165, 154]"
393,"[2, 15, 14]","[149, 150, 151]","[119, 161, 118]","[43, 147, 92]","[74, 123, 73]","[54, 9, 145]","[90, 3, 91]","[79, 78, 80]","[70, 119, 72]","[169, 57, 56]","[27, 175, 172]","[31, 32, 74]"
394,"[151, 8, 7]","[57, 29, 167]","[2, 16, 137]","[91, 86, 89]","[130, 172, 2]","[56, 24, 84]","[36, 132, 2]","[76, 63, 75]","[152, 163, 153]","[57, 121, 74]","[26, 9, 25]","[94, 131, 76]"
395,"[6, 76, 0]","[160, 162, 91]","[1, 178, 98]","[145, 143, 47]","[143, 164, 134]","[75, 74, 71]","[135, 105, 104]","[15, 6, 16]","[123, 146, 135]","[16, 72, 71]","[137, 79, 138]","[95, 113, 94]"
396,"[150, 77, 79]","[115, 116, 119]","[134, 168, 163]","[70, 111, 66]","[178, 139, 60]","[78, 95, 52]","[75, 25, 71]","[133, 134, 135]","[106, 93, 90]","[37, 160, 169]","[138, 132, 137]","[165, 66, 164]"
397,"[0, 78, 145]","[7, 8, 33]","[176, 91, 57]","[153, 154, 155]","[7, 78, 5]","[111, 158, 174]","[102, 136, 21]","[150, 25, 26]","[98, 126, 97]","[145, 102, 144]","[0, 29, 31]","[135, 132, 137]"
398,"[180, 109, 29]","[89, 88, 90]","[178, 114, 130]","[17, 16, 11]","[108, 39, 142]","[84, 3, 19]","[165, 156, 152]","[52, 86, 85]","[179, 103, 38]","[51, 149, 126]","[180, 174, 173]","[59, 81, 82]"
399,"[62, 179, 178]","[8, 11, 7]","[179, 101, 180]","[74, 38, 134]","[93, 15, 94]","[130, 131, 132]","[0, 14, 1]","[119, 120, 118]","[25, 155, 93]","[64, 66, 129]","[180, 174, 179]","[45, 53, 148]"
400,"[28, 133, 138]","[17, 15, 95]","[157, 13, 156]","[142, 141, 179]","[1, 149, 179]","[91, 92, 113]","[29, 173, 174]","[60, 61, 180]","[68, 175, 112]","[6, 136, 5]","[163, 4, 1]","[60, 19, 61]"
401,"[0, 32, 1]","[130, 168, 169]","[109, 48, 110]","[179, 104, 138]","[56, 13, 57]","[42, 65, 90]","[172, 41, 173]","[80, 83, 82]","[163, 62, 68]","[43, 64, 42]","[48, 28, 49]","[175, 124, 125]"
402,"[135, 34, 31]","[9, 160, 83]","[79, 97, 26]","[158, 159, 112]","[106, 85, 87]","[135, 134, 133]","[81, 108, 50]","[128, 0, 129]","[87, 108, 85]","[137, 136, 141]","[16, 1, 15]","[169, 61, 165]"
403,"[39, 122, 100]","[75, 25, 180]","[153, 109, 108]","[82, 31, 174]","[15, 52, 16]","[122, 67, 66]","[86, 34, 87]","[128, 129, 65]","[105, 85, 104]","[131, 126, 132]","[25, 9, 24]","[102, 101, 97]"
404,"[24, 18, 27]","[43, 38, 94]","[154, 10, 152]","[108, 91, 121]","[74, 148, 75]","[90, 29, 89]","[78, 169, 77]","[38, 47, 43]","[16, 58, 17]","[38, 21, 162]","[180, 158, 159]","[115, 69, 72]"
405,"[163, 143, 162]","[62, 61, 90]","[86, 51, 52]","[125, 129, 122]","[150, 48, 147]","[99, 98, 100]","[22, 170, 23]","[87, 88, 86]","[170, 56, 144]","[38, 37, 41]","[24, 30, 31]","[58, 57, 83]"
406,"[156, 124, 123]","[106, 175, 36]","[137, 7, 136]","[104, 165, 105]","[162, 22, 161]","[59, 57, 64]","[4, 137, 31]","[41, 42, 174]","[22, 162, 21]","[59, 60, 28]","[2, 16, 3]","[97, 105, 123]"
407,"[17, 161, 16]","[142, 148, 82]","[65, 11, 64]","[173, 172, 174]","[23, 74, 73]","[1, 4, 5]","[72, 146, 71]","[95, 96, 93]","[125, 51, 52]","[1, 5, 4]","[33, 26, 31]","[150, 128, 149]"
408,"[121, 161, 122]","[172, 104, 130]","[80, 30, 29]","[103, 57, 56]","[38, 152, 39]","[106, 105, 98]","[168, 179, 165]","[58, 105, 125]","[3, 168, 169]","[27, 127, 128]","[50, 177, 150]","[70, 120, 71]"
409,"[173, 122, 174]","[79, 103, 80]","[93, 117, 95]","[56, 55, 57]","[140, 163, 141]","[108, 92, 110]","[96, 122, 95]","[46, 165, 48]","[166, 143, 144]","[87, 90, 89]","[1, 7, 0]","[45, 50, 167]"
410,"[24, 162, 23]","[49, 51, 50]","[155, 114, 123]","[57, 53, 52]","[160, 9, 30]","[58, 57, 106]","[177, 34, 1]","[32, 142, 33]","[114, 30, 115]","[127, 106, 128]","[37, 10, 23]","[100, 99, 76]"
411,"[118, 105, 119]","[8, 9, 66]","[37, 155, 49]","[110, 112, 109]","[0, 167, 27]","[130, 126, 127]","[23, 101, 102]","[76, 91, 46]","[48, 25, 26]","[124, 130, 126]","[48, 161, 160]","[129, 117, 128]"
412,"[178, 160, 179]","[153, 155, 8]","[86, 154, 93]","[62, 45, 57]","[104, 125, 121]","[27, 24, 62]","[177, 14, 58]","[76, 75, 5]","[115, 136, 83]","[102, 3, 2]","[169, 175, 174]","[72, 21, 71]"
413,"[166, 18, 17]","[94, 95, 96]","[16, 160, 162]","[148, 147, 31]","[111, 8, 112]","[74, 75, 76]","[5, 28, 3]","[152, 89, 146]","[175, 7, 5]","[18, 56, 57]","[153, 147, 154]","[126, 125, 124]"
414,"[59, 172, 60]","[132, 22, 137]","[25, 169, 172]","[136, 135, 60]","[70, 6, 7]","[145, 139, 142]","[85, 123, 86]","[179, 168, 170]","[70, 99, 69]","[50, 25, 24]","[27, 6, 7]","[31, 163, 32]"
415,"[18, 5, 9]","[174, 33, 130]","[17, 161, 21]","[66, 67, 65]","[102, 39, 38]","[128, 55, 56]","[161, 173, 162]","[53, 54, 51]","[40, 103, 104]","[63, 31, 177]","[4, 10, 0]","[51, 49, 37]"
416,"[136, 10, 137]","[38, 43, 41]","[137, 163, 136]","[168, 12, 169]","[133, 165, 134]","[30, 29, 33]","[109, 94, 93]","[29, 30, 31]","[167, 135, 168]","[41, 32, 44]","[0, 147, 1]","[180, 130, 179]"
417,"[53, 105, 15]","[180, 179, 107]","[11, 55, 79]","[151, 103, 148]","[175, 79, 174]","[123, 120, 119]","[119, 6, 122]","[102, 99, 100]","[78, 174, 79]","[147, 146, 120]","[1, 9, 4]","[144, 178, 145]"
418,"[99, 38, 98]","[15, 28, 23]","[103, 164, 95]","[31, 32, 29]","[61, 163, 180]","[7, 103, 8]","[170, 132, 64]","[86, 151, 150]","[61, 163, 123]","[103, 101, 104]","[174, 167, 168]","[48, 47, 110]"
419,"[38, 74, 73]","[156, 159, 158]","[143, 68, 137]","[91, 167, 90]","[6, 150, 28]","[97, 96, 98]","[145, 76, 147]","[16, 51, 17]","[87, 44, 88]","[94, 10, 19]","[0, 6, 1]","[165, 161, 127]"
420,"[126, 59, 157]","[101, 35, 100]","[124, 49, 123]","[114, 166, 41]","[2, 69, 119]","[18, 92, 42]","[77, 88, 95]","[19, 173, 172]","[176, 25, 177]","[61, 18, 174]","[14, 22, 13]","[71, 114, 85]"
421,"[163, 69, 104]","[10, 6, 42]","[39, 68, 69]","[11, 12, 10]","[32, 126, 37]","[98, 99, 166]","[24, 68, 138]","[5, 4, 6]","[129, 37, 124]","[148, 10, 147]","[0, 6, 1]","[56, 55, 62]"
422,"[174, 48, 173]","[122, 104, 107]","[43, 10, 39]","[134, 137, 135]","[176, 79, 15]","[60, 59, 152]","[92, 119, 72]","[61, 150, 0]","[79, 176, 178]","[57, 152, 59]","[50, 56, 49]","[58, 65, 74]"
423,"[175, 7, 26]","[77, 78, 76]","[4, 117, 5]","[56, 53, 88]","[33, 129, 171]","[61, 66, 60]","[118, 141, 117]","[15, 19, 16]","[4, 142, 143]","[66, 61, 60]","[1, 35, 25]","[180, 95, 143]"
424,"[2, 145, 149]","[162, 163, 164]","[41, 116, 115]","[103, 168, 106]","[65, 99, 66]","[177, 176, 178]","[91, 134, 90]","[74, 73, 72]","[67, 100, 68]","[4, 5, 27]","[16, 9, 18]","[169, 170, 168]"
425,"[161, 5, 32]","[154, 153, 74]","[125, 29, 124]","[94, 95, 87]","[165, 119, 118]","[100, 156, 137]","[85, 168, 166]","[118, 119, 1]","[170, 83, 147]","[20, 10, 156]","[16, 114, 17]","[180, 100, 179]"
426,"[118, 69, 141]","[40, 158, 39]","[46, 6, 118]","[63, 104, 17]","[50, 145, 48]","[39, 37, 40]","[178, 16, 179]","[114, 137, 132]","[144, 49, 143]","[167, 166, 162]","[4, 13, 3]","[47, 160, 46]"
427,"[128, 168, 127]","[13, 19, 12]","[27, 59, 60]","[173, 136, 172]","[151, 2, 120]","[41, 178, 49]","[99, 130, 88]","[41, 40, 38]","[13, 120, 121]","[178, 58, 59]","[179, 160, 165]","[50, 48, 47]"
428,"[102, 6, 11]","[160, 158, 136]","[48, 98, 102]","[72, 93, 123]","[8, 123, 125]","[27, 75, 38]","[131, 81, 43]","[142, 32, 141]","[42, 30, 29]","[171, 2, 163]","[0, 6, 128]","[64, 63, 171]"
429,"[110, 53, 109]","[99, 83, 84]","[169, 103, 66]","[54, 55, 34]","[84, 116, 115]","[38, 35, 34]","[0, 26, 139]","[170, 77, 171]","[142, 74, 138]","[45, 15, 174]","[32, 6, 17]","[64, 147, 149]"
430,"[106, 135, 134]","[100, 101, 0]","[180, 58, 50]","[98, 9, 10]","[45, 62, 61]","[94, 14, 13]","[178, 51, 52]","[13, 14, 40]","[69, 151, 45]","[12, 10, 89]","[17, 9, 39]","[98, 177, 99]"
431,"[33, 153, 23]","[70, 64, 158]","[0, 121, 1]","[141, 140, 138]","[45, 7, 46]","[95, 109, 110]","[169, 65, 40]","[21, 110, 27]","[75, 32, 33]","[110, 111, 91]","[0, 9, 24]","[119, 136, 135]"
432,"[39, 112, 38]","[76, 77, 159]","[1, 22, 2]","[16, 94, 65]","[1, 22, 0]","[156, 104, 103]","[82, 28, 131]","[144, 0, 108]","[1, 22, 0]","[16, 11, 9]","[159, 167, 168]","[123, 158, 134]"
433,"[153, 161, 154]","[68, 69, 67]","[93, 120, 94]","[65, 19, 32]","[5, 85, 84]","[30, 42, 43]","[88, 29, 90]","[85, 38, 86]","[126, 163, 127]","[30, 37, 46]","[0, 11, 1]","[93, 79, 94]"
434,"[128, 86, 87]","[153, 152, 142]","[159, 2, 4]","[49, 176, 50]","[42, 94, 95]","[67, 68, 137]","[0, 163, 24]","[147, 151, 150]","[60, 127, 82]","[153, 149, 150]","[180, 174, 172]","[90, 99, 104]"
435,"[36, 156, 58]","[13, 1, 7]","[34, 125, 71]","[45, 114, 155]","[35, 110, 109]","[159, 160, 169]","[139, 10, 138]","[79, 78, 39]","[138, 73, 140]","[180, 179, 177]","[45, 47, 46]","[171, 178, 175]"
436,"[93, 16, 138]","[76, 25, 26]","[180, 170, 179]","[145, 146, 147]","[0, 16, 1]","[78, 69, 77]","[16, 8, 17]","[133, 61, 134]","[146, 82, 147]","[77, 38, 65]","[3, 12, 5]","[109, 85, 38]"
437,"[87, 179, 178]","[155, 156, 154]","[122, 128, 123]","[40, 33, 30]","[103, 14, 15]","[65, 32, 42]","[100, 164, 160]","[34, 146, 144]","[103, 14, 102]","[32, 48, 49]","[164, 113, 112]","[31, 32, 30]"
438,"[158, 14, 164]","[140, 133, 138]","[4, 22, 21]","[87, 86, 85]","[30, 170, 169]","[57, 58, 120]","[105, 165, 106]","[8, 9, 45]","[142, 7, 139]","[145, 144, 3]","[33, 12, 34]","[166, 168, 167]"
439,"[47, 12, 90]","[66, 65, 164]","[95, 76, 162]","[23, 22, 40]","[180, 30, 29]","[73, 72, 0]","[103, 3, 116]","[31, 8, 30]","[179, 128, 155]","[45, 46, 44]","[157, 148, 156]","[75, 40, 39]"
440,"[165, 92, 166]","[59, 58, 61]","[13, 5, 86]","[0, 2, 135]","[170, 122, 80]","[97, 44, 96]","[93, 152, 63]","[32, 31, 33]","[174, 102, 175]","[35, 99, 39]","[150, 172, 171]","[45, 41, 42]"
441,"[105, 35, 34]","[82, 66, 23]","[72, 17, 75]","[166, 164, 163]","[158, 43, 159]","[141, 63, 142]","[108, 156, 155]","[59, 64, 25]","[22, 82, 45]","[177, 178, 65]","[149, 155, 28]","[170, 168, 171]"
442,"[178, 14, 180]","[140, 143, 141]","[67, 156, 56]","[178, 179, 108]","[85, 154, 87]","[100, 63, 62]","[95, 168, 94]","[137, 136, 135]","[18, 163, 22]","[103, 59, 102]","[0, 12, 2]","[145, 146, 116]"
443,"[166, 61, 60]","[80, 147, 82]","[175, 30, 165]","[3, 1, 2]","[97, 5, 38]","[137, 116, 162]","[1, 140, 37]","[18, 17, 136]","[36, 166, 25]","[64, 65, 119]","[0, 6, 1]","[142, 82, 80]"
444,"[173, 29, 167]","[57, 55, 177]","[174, 31, 175]","[156, 155, 154]","[177, 87, 178]","[122, 38, 123]","[175, 107, 176]","[24, 23, 129]","[0, 27, 29]","[100, 10, 23]","[31, 12, 30]","[43, 114, 42]"
445,"[77, 37, 79]","[48, 47, 159]","[56, 146, 147]","[131, 130, 155]","[107, 8, 108]","[142, 141, 86]","[33, 138, 137]","[177, 176, 178]","[0, 14, 15]","[65, 156, 167]","[2, 24, 0]","[122, 60, 115]"
446,"[27, 156, 28]","[151, 97, 63]","[138, 56, 139]","[93, 178, 180]","[178, 87, 88]","[64, 115, 18]","[152, 8, 160]","[31, 30, 36]","[95, 32, 0]","[67, 68, 73]","[0, 23, 25]","[70, 68, 71]"
447,"[17, 68, 18]","[42, 111, 128]","[165, 6, 166]","[142, 77, 80]","[68, 118, 119]","[166, 93, 165]","[85, 111, 84]","[122, 24, 29]","[69, 116, 70]","[73, 72, 47]","[171, 177, 172]","[25, 57, 60]"
448,"[68, 110, 92]","[164, 159, 156]","[153, 7, 152]","[98, 97, 56]","[23, 96, 35]","[73, 127, 21]","[140, 27, 137]","[81, 79, 93]","[163, 100, 157]","[71, 53, 63]","[98, 17, 26]","[126, 127, 125]"
449,"[14, 22, 18]","[101, 99, 100]","[31, 85, 86]","[35, 143, 38]","[177, 91, 90]","[150, 33, 15]","[150, 176, 149]","[58, 91, 84]","[82, 54, 55]","[33, 38, 149]","[117, 111, 118]","[32, 31, 30]"
450,"[171, 106, 108]","[122, 119, 123]","[63, 9, 62]","[97, 98, 102]","[65, 109, 64]","[28, 30, 24]","[158, 12, 13]","[113, 8, 112]","[105, 61, 163]","[5, 86, 87]","[5, 11, 0]","[171, 169, 172]"
451,"[140, 104, 101]","[80, 76, 77]","[55, 168, 122]","[145, 113, 144]","[9, 57, 56]","[74, 73, 78]","[138, 94, 139]","[52, 53, 48]","[114, 32, 66]","[14, 59, 132]","[172, 21, 2]","[12, 90, 13]"
452,"[159, 171, 172]","[179, 83, 84]","[16, 2, 1]","[156, 153, 157]","[178, 16, 17]","[41, 40, 77]","[174, 43, 175]","[84, 29, 27]","[179, 17, 180]","[2, 1, 0]","[2, 28, 1]","[92, 138, 70]"
453,"[158, 71, 159]","[139, 113, 114]","[113, 140, 103]","[163, 152, 151]","[160, 88, 62]","[117, 118, 64]","[22, 75, 76]","[111, 72, 33]","[0, 67, 66]","[64, 44, 43]","[30, 24, 2]","[141, 177, 52]"
454,"[122, 69, 68]","[136, 55, 56]","[23, 70, 24]","[147, 148, 159]","[81, 8, 0]","[27, 56, 116]","[54, 174, 51]","[106, 76, 105]","[156, 93, 102]","[133, 141, 126]","[23, 17, 9]","[135, 24, 136]"
455,"[169, 127, 118]","[83, 82, 148]","[171, 27, 165]","[107, 86, 61]","[113, 99, 114]","[82, 34, 150]","[63, 22, 23]","[96, 131, 36]","[174, 108, 172]","[145, 83, 82]","[17, 8, 9]","[73, 44, 42]"
456,"[116, 144, 143]","[45, 77, 49]","[163, 83, 84]","[63, 60, 52]","[85, 111, 159]","[168, 79, 152]","[104, 71, 103]","[41, 12, 124]","[91, 131, 3]","[13, 169, 14]","[6, 12, 5]","[41, 45, 44]"
457,"[3, 33, 2]","[175, 176, 174]","[90, 61, 68]","[43, 27, 44]","[101, 29, 100]","[146, 147, 115]","[35, 131, 132]","[26, 92, 93]","[136, 33, 32]","[93, 147, 115]","[168, 174, 173]","[178, 179, 158]"
458,"[48, 87, 49]","[150, 151, 12]","[99, 114, 44]","[136, 9, 26]","[176, 114, 6]","[139, 138, 69]","[30, 69, 106]","[166, 171, 155]","[65, 7, 9]","[14, 13, 38]","[13, 138, 0]","[80, 40, 42]"
459,"[92, 20, 91]","[41, 143, 144]","[6, 66, 5]","[142, 34, 163]","[91, 7, 22]","[120, 73, 121]","[2, 99, 102]","[167, 88, 89]","[3, 145, 39]","[178, 130, 177]","[3, 166, 165]","[125, 124, 126]"
460,"[18, 139, 16]","[115, 116, 130]","[149, 49, 107]","[136, 119, 179]","[177, 167, 176]","[62, 120, 121]","[72, 16, 71]","[94, 93, 64]","[176, 166, 167]","[62, 29, 30]","[4, 16, 8]","[42, 48, 41]"
461,"[33, 163, 32]","[137, 136, 98]","[48, 126, 135]","[116, 6, 119]","[18, 152, 76]","[5, 4, 6]","[117, 150, 151]","[6, 4, 42]","[118, 95, 106]","[7, 6, 82]","[1, 10, 0]","[120, 117, 118]"
462,"[165, 111, 110]","[56, 2, 3]","[129, 24, 146]","[179, 180, 9]","[85, 155, 154]","[28, 0, 29]","[52, 23, 76]","[179, 1, 0]","[156, 86, 87]","[28, 29, 0]","[177, 171, 173]","[69, 107, 70]"
463,"[70, 36, 69]","[20, 21, 135]","[1, 67, 66]","[123, 35, 34]","[146, 120, 62]","[104, 102, 18]","[150, 74, 135]","[106, 78, 77]","[175, 70, 176]","[17, 51, 15]","[60, 66, 9]","[115, 114, 116]"
464,"[100, 128, 101]","[138, 117, 116]","[5, 150, 3]","[138, 126, 139]","[127, 38, 128]","[87, 2, 156]","[129, 80, 127]","[163, 164, 138]","[39, 127, 36]","[93, 92, 98]","[63, 30, 62]","[98, 99, 97]"
465,"[170, 77, 171]","[142, 141, 143]","[165, 7, 166]","[76, 73, 75]","[43, 77, 76]","[128, 122, 125]","[101, 173, 103]","[48, 132, 47]","[44, 77, 45]","[124, 136, 127]","[0, 122, 71]","[89, 59, 60]"
466,"[80, 49, 50]","[21, 25, 151]","[32, 65, 31]","[12, 107, 106]","[123, 162, 161]","[42, 43, 30]","[85, 7, 131]","[30, 26, 100]","[130, 171, 76]","[27, 26, 41]","[171, 177, 170]","[80, 62, 82]"
467,"[23, 14, 22]","[144, 143, 135]","[152, 8, 156]","[120, 118, 74]","[106, 55, 60]","[141, 142, 51]","[17, 161, 16]","[145, 39, 36]","[55, 106, 141]","[52, 150, 47]","[124, 118, 117]","[97, 98, 55]"
468,"[27, 149, 150]","[106, 164, 131]","[49, 63, 124]","[10, 13, 30]","[2, 8, 1]","[167, 83, 168]","[30, 23, 180]","[77, 78, 76]","[151, 9, 152]","[65, 64, 87]","[0, 12, 1]","[75, 125, 124]"
469,"[139, 55, 131]","[38, 8, 4]","[49, 146, 50]","[118, 117, 116]","[139, 72, 71]","[61, 62, 124]","[174, 72, 154]","[108, 110, 109]","[82, 29, 143]","[61, 153, 174]","[172, 89, 113]","[135, 132, 131]"
470,"[172, 135, 134]","[88, 87, 82]","[172, 145, 170]","[82, 78, 81]","[24, 18, 17]","[138, 137, 139]","[92, 6, 90]","[42, 38, 41]","[133, 102, 93]","[158, 163, 161]","[1, 167, 0]","[148, 163, 39]"
471,"[152, 7, 151]","[128, 89, 131]","[22, 177, 35]","[90, 91, 89]","[180, 162, 177]","[132, 72, 117]","[22, 177, 24]","[117, 118, 119]","[124, 55, 132]","[14, 13, 12]","[131, 178, 2]","[62, 84, 63]"
472,"[35, 62, 61]","[162, 166, 165]","[35, 173, 36]","[119, 2, 130]","[33, 12, 32]","[160, 132, 106]","[37, 174, 40]","[55, 54, 59]","[33, 12, 32]","[131, 133, 130]","[178, 11, 179]","[145, 149, 143]"
473,"[121, 25, 122]","[136, 100, 90]","[148, 51, 92]","[119, 120, 121]","[50, 142, 143]","[38, 36, 28]","[22, 166, 21]","[7, 6, 5]","[56, 148, 145]","[41, 42, 27]","[0, 8, 7]","[49, 52, 48]"
474,"[180, 172, 179]","[37, 3, 4]","[28, 57, 27]","[118, 65, 66]","[169, 25, 172]","[82, 83, 84]","[174, 69, 68]","[94, 95, 96]","[35, 147, 36]","[103, 102, 101]","[50, 56, 52]","[114, 66, 65]"
475,"[88, 107, 108]","[144, 8, 22]","[48, 171, 44]","[4, 3, 117]","[91, 14, 92]","[154, 155, 157]","[153, 159, 160]","[144, 120, 60]","[103, 17, 102]","[43, 140, 135]","[4, 10, 3]","[177, 168, 169]"
476,"[99, 29, 100]","[77, 14, 12]","[82, 24, 23]","[126, 127, 53]","[28, 154, 158]","[110, 68, 75]","[32, 88, 39]","[75, 76, 112]","[162, 63, 69]","[76, 77, 38]","[157, 163, 159]","[105, 90, 104]"
477,"[178, 31, 15]","[42, 94, 40]","[93, 152, 92]","[145, 124, 126]","[5, 33, 180]","[119, 152, 56]","[51, 92, 135]","[176, 175, 3]","[178, 39, 180]","[23, 24, 0]","[30, 41, 42]","[148, 147, 136]"
478,"[121, 165, 122]","[25, 26, 21]","[180, 15, 179]","[109, 110, 38]","[120, 72, 121]","[112, 113, 178]","[100, 147, 81]","[132, 37, 15]","[89, 137, 138]","[44, 42, 43]","[38, 27, 26]","[100, 101, 102]"
479,"[26, 125, 27]","[4, 0, 13]","[101, 68, 120]","[14, 15, 171]","[134, 43, 135]","[164, 50, 48]","[152, 8, 153]","[124, 123, 172]","[177, 26, 178]","[180, 8, 7]","[180, 12, 13]","[55, 54, 150]"
480,"[60, 123, 124]","[160, 47, 7]","[111, 15, 14]","[168, 139, 138]","[19, 163, 20]","[54, 37, 35]","[18, 40, 12]","[95, 94, 35]","[68, 7, 67]","[120, 28, 118]","[24, 18, 5]","[72, 71, 56]"
481,"[30, 37, 34]","[156, 146, 179]","[100, 157, 101]","[7, 8, 10]","[144, 16, 1]","[32, 33, 27]","[22, 166, 23]","[59, 72, 68]","[1, 148, 16]","[55, 56, 132]","[21, 9, 22]","[71, 155, 63]"
482,"[82, 114, 110]","[150, 149, 148]","[157, 13, 156]","[97, 19, 22]","[55, 130, 56]","[167, 105, 13]","[131, 78, 176]","[107, 108, 101]","[180, 63, 179]","[175, 36, 137]","[0, 12, 13]","[56, 55, 54]"
483,"[112, 173, 178]","[106, 107, 110]","[6, 150, 2]","[64, 65, 159]","[176, 153, 173]","[99, 63, 164]","[135, 56, 55]","[81, 80, 83]","[90, 17, 71]","[44, 43, 46]","[117, 14, 116]","[155, 142, 143]"
484,"[23, 166, 171]","[63, 66, 64]","[116, 166, 65]","[125, 121, 126]","[76, 18, 77]","[171, 168, 172]","[117, 148, 118]","[123, 122, 88]","[19, 77, 18]","[120, 97, 166]","[160, 153, 159]","[77, 76, 75]"
485,"[73, 27, 4]","[95, 94, 71]","[173, 54, 174]","[128, 127, 98]","[51, 100, 127]","[2, 23, 1]","[51, 27, 152]","[9, 11, 10]","[126, 54, 125]","[169, 170, 162]","[23, 17, 24]","[138, 137, 142]"
486,"[0, 13, 3]","[67, 68, 30]","[95, 28, 60]","[47, 169, 45]","[180, 50, 179]","[99, 98, 105]","[145, 21, 144]","[60, 3, 123]","[144, 62, 61]","[40, 39, 99]","[3, 25, 4]","[135, 132, 32]"
487,"[72, 89, 74]","[47, 49, 111]","[156, 95, 94]","[119, 11, 112]","[157, 120, 121]","[58, 59, 57]","[0, 79, 1]","[67, 96, 13]","[81, 121, 82]","[50, 56, 61]","[115, 109, 160]","[81, 82, 80]"
488,"[9, 175, 178]","[47, 24, 42]","[172, 96, 97]","[119, 54, 52]","[180, 64, 102]","[138, 119, 140]","[169, 119, 120]","[64, 65, 51]","[53, 116, 91]","[142, 141, 139]","[133, 83, 132]","[6, 57, 123]"
489,"[167, 20, 169]","[68, 131, 67]","[0, 155, 98]","[83, 51, 52]","[111, 149, 110]","[51, 11, 14]","[90, 3, 1]","[32, 72, 152]","[38, 135, 37]","[53, 51, 50]","[74, 175, 180]","[44, 45, 127]"
490,"[96, 131, 97]","[144, 40, 12]","[105, 88, 90]","[43, 147, 42]","[123, 47, 106]","[170, 169, 172]","[110, 91, 43]","[47, 48, 46]","[47, 123, 117]","[10, 152, 150]","[57, 19, 18]","[99, 128, 127]"
491,"[141, 159, 51]","[168, 32, 167]","[168, 24, 167]","[134, 136, 137]","[119, 20, 117]","[61, 65, 62]","[73, 34, 90]","[46, 47, 4]","[111, 173, 110]","[62, 65, 61]","[68, 60, 61]","[146, 94, 90]"
492,"[27, 174, 175]","[98, 99, 97]","[84, 116, 83]","[168, 76, 75]","[16, 72, 121]","[139, 137, 138]","[177, 101, 4]","[71, 64, 67]","[0, 75, 19]","[137, 37, 136]","[4, 16, 3]","[102, 103, 59]"
493,"[96, 59, 56]","[180, 75, 159]","[75, 139, 74]","[94, 96, 95]","[72, 47, 73]","[141, 145, 13]","[33, 71, 74]","[15, 14, 13]","[47, 72, 73]","[140, 142, 139]","[146, 140, 147]","[90, 89, 91]"
494,"[88, 77, 45]","[91, 97, 93]","[161, 173, 163]","[128, 17, 18]","[152, 8, 153]","[56, 89, 55]","[177, 167, 178]","[118, 121, 120]","[152, 8, 9]","[130, 131, 126]","[24, 17, 25]","[180, 117, 127]"
495,"[167, 35, 168]","[146, 84, 83]","[141, 94, 142]","[177, 178, 171]","[42, 11, 41]","[70, 173, 105]","[173, 103, 87]","[175, 105, 149]","[138, 23, 21]","[120, 118, 173]","[5, 17, 0]","[71, 173, 70]"
496,"[78, 129, 45]","[153, 157, 1]","[40, 55, 43]","[163, 105, 171]","[48, 72, 47]","[100, 160, 20]","[118, 41, 117]","[142, 85, 16]","[49, 73, 50]","[23, 9, 8]","[27, 34, 28]","[134, 133, 135]"
497,"[97, 115, 96]","[164, 63, 180]","[98, 69, 99]","[48, 55, 47]","[174, 59, 132]","[6, 5, 88]","[97, 13, 98]","[158, 157, 62]","[123, 33, 125]","[50, 156, 49]","[177, 5, 4]","[128, 63, 84]"
498,"[66, 5, 67]","[168, 169, 172]","[0, 172, 1]","[138, 157, 139]","[112, 147, 113]","[124, 94, 123]","[110, 86, 109]","[34, 33, 172]","[101, 155, 154]","[41, 89, 19]","[0, 130, 178]","[39, 57, 40]"
499,"[129, 72, 38]","[14, 13, 27]","[123, 168, 167]","[88, 87, 92]","[159, 50, 158]","[81, 80, 82]","[149, 179, 176]","[92, 20, 69]","[157, 49, 56]","[81, 78, 80]","[120, 126, 125]","[159, 170, 171]"
500,"[47, 156, 46]","[39, 34, 36]","[53, 99, 54]","[80, 79, 81]","[132, 32, 78]","[177, 3, 176]","[130, 40, 41]","[69, 68, 15]","[80, 140, 32]","[176, 53, 54]","[90, 162, 163]","[112, 113, 111]"
501,"[0, 59, 52]","[77, 109, 155]","[105, 30, 29]","[140, 145, 51]","[83, 31, 30]","[147, 139, 145]","[179, 137, 135]","[165, 162, 163]","[0, 55, 1]","[133, 139, 61]","[19, 9, 33]","[56, 72, 115]"
502,"[16, 160, 48]","[34, 24, 35]","[172, 88, 173]","[59, 55, 61]","[166, 26, 167]","[41, 42, 56]","[24, 33, 32]","[94, 93, 82]","[107, 31, 108]","[75, 146, 145]","[37, 8, 0]","[145, 161, 157]"
503,"[20, 164, 21]","[135, 104, 133]","[141, 29, 30]","[175, 174, 179]","[66, 76, 75]","[13, 15, 16]","[84, 9, 175]","[69, 35, 39]","[170, 75, 36]","[155, 13, 153]","[43, 49, 50]","[157, 155, 154]"
504,"[106, 86, 56]","[113, 128, 27]","[122, 14, 77]","[0, 152, 1]","[84, 12, 13]","[161, 154, 156]","[15, 8, 16]","[156, 112, 113]","[84, 12, 83]","[1, 0, 2]","[26, 19, 25]","[60, 61, 59]"
505,"[24, 168, 173]","[123, 149, 139]","[4, 19, 12]","[116, 42, 164]","[121, 175, 176]","[131, 19, 18]","[143, 114, 144]","[156, 155, 153]","[177, 121, 176]","[52, 130, 53]","[27, 18, 2]","[156, 157, 28]"
506,"[103, 53, 5]","[33, 149, 32]","[153, 111, 152]","[88, 87, 89]","[4, 56, 3]","[118, 119, 104]","[110, 152, 154]","[77, 78, 59]","[56, 4, 6]","[105, 107, 106]","[103, 97, 95]","[126, 125, 123]"
507,"[180, 39, 54]","[65, 66, 47]","[0, 36, 1]","[126, 154, 155]","[12, 174, 13]","[92, 84, 82]","[7, 106, 6]","[170, 168, 169]","[179, 20, 180]","[83, 84, 82]","[126, 177, 125]","[115, 116, 114]"
508,"[144, 169, 143]","[19, 104, 20]","[130, 7, 14]","[68, 70, 157]","[52, 126, 51]","[26, 34, 1]","[19, 155, 25]","[141, 90, 89]","[17, 79, 126]","[26, 164, 27]","[18, 12, 14]","[125, 126, 124]"
509,"[152, 8, 48]","[34, 39, 35]","[59, 122, 123]","[92, 93, 173]","[120, 14, 13]","[144, 148, 147]","[156, 124, 49]","[56, 55, 149]","[92, 133, 172]","[170, 148, 147]","[98, 104, 99]","[21, 19, 20]"
510,"[180, 12, 1]","[116, 137, 25]","[120, 91, 92]","[45, 41, 134]","[125, 91, 45]","[15, 3, 14]","[88, 144, 87]","[84, 21, 30]","[125, 91, 19]","[54, 37, 55]","[0, 8, 3]","[64, 63, 62]"
511,"[150, 6, 149]","[120, 72, 71]","[122, 32, 44]","[15, 51, 52]","[85, 4, 86]","[42, 122, 124]","[143, 123, 138]","[36, 4, 37]","[85, 172, 145]","[61, 162, 34]","[0, 23, 22]","[27, 29, 28]"
512,"[175, 106, 4]","[75, 34, 38]","[36, 4, 172]","[66, 144, 120]","[157, 42, 156]","[87, 86, 89]","[113, 145, 114]","[121, 120, 29]","[153, 106, 152]","[83, 82, 88]","[35, 29, 28]","[96, 95, 91]"
513,"[23, 167, 24]","[49, 51, 48]","[119, 147, 45]","[85, 51, 86]","[8, 27, 91]","[109, 113, 66]","[107, 134, 106]","[156, 61, 60]","[134, 15, 16]","[179, 155, 180]","[20, 6, 5]","[57, 55, 159]"
514,"[180, 45, 44]","[85, 73, 79]","[67, 42, 30]","[118, 92, 83]","[65, 177, 178]","[143, 94, 93]","[175, 66, 174]","[11, 143, 43]","[57, 105, 56]","[158, 84, 6]","[49, 56, 57]","[132, 133, 119]"
515,"[77, 53, 78]","[122, 121, 132]","[31, 85, 170]","[73, 71, 61]","[91, 50, 90]","[10, 9, 133]","[79, 104, 80]","[131, 132, 60]","[91, 50, 90]","[9, 10, 6]","[0, 1, 2]","[99, 98, 5]"
516,"[174, 32, 175]","[86, 85, 87]","[23, 167, 163]","[125, 130, 124]","[122, 24, 41]","[158, 114, 56]","[129, 96, 99]","[105, 84, 104]","[120, 18, 122]","[158, 56, 114]","[2, 8, 0]","[54, 160, 31]"
517,"[124, 70, 60]","[13, 14, 15]","[110, 9, 137]","[128, 74, 127]","[156, 12, 152]","[147, 145, 146]","[153, 159, 178]","[57, 54, 56]","[117, 57, 118]","[87, 3, 173]","[140, 120, 119]","[180, 41, 49]"
518,"[116, 109, 117]","[167, 166, 169]","[91, 6, 92]","[48, 155, 49]","[6, 126, 177]","[161, 169, 168]","[101, 54, 99]","[159, 158, 156]","[126, 6, 127]","[168, 167, 169]","[0, 7, 3]","[158, 20, 159]"
519,"[73, 48, 49]","[98, 144, 97]","[103, 4, 104]","[117, 122, 118]","[133, 21, 20]","[88, 46, 87]","[97, 139, 75]","[60, 123, 103]","[52, 93, 53]","[46, 45, 42]","[20, 144, 38]","[108, 85, 113]"
520,"[97, 49, 14]","[117, 119, 118]","[3, 32, 65]","[136, 97, 12]","[141, 35, 142]","[57, 58, 60]","[35, 28, 29]","[126, 15, 51]","[36, 142, 37]","[21, 22, 20]","[18, 31, 30]","[50, 51, 48]"
521,"[34, 175, 33]","[41, 122, 97]","[61, 106, 100]","[26, 24, 41]","[124, 67, 123]","[37, 158, 80]","[6, 45, 5]","[90, 92, 68]","[67, 124, 123]","[58, 157, 175]","[174, 9, 175]","[96, 95, 94]"
522,"[134, 12, 13]","[62, 72, 63]","[4, 127, 2]","[173, 95, 172]","[44, 129, 128]","[177, 176, 110]","[152, 8, 153]","[100, 98, 97]","[44, 129, 43]","[108, 107, 106]","[18, 12, 15]","[40, 143, 177]"
523,"[180, 95, 94]","[31, 30, 35]","[24, 98, 25]","[49, 69, 50]","[17, 95, 172]","[114, 115, 116]","[92, 173, 91]","[180, 148, 149]","[95, 17, 176]","[116, 67, 70]","[0, 22, 14]","[63, 113, 111]"
524,"[171, 65, 22]","[70, 71, 102]","[160, 178, 157]","[95, 0, 106]","[125, 172, 0]","[93, 37, 78]","[145, 111, 121]","[130, 132, 10]","[146, 17, 18]","[156, 77, 177]","[33, 10, 32]","[116, 124, 123]"
525,"[55, 97, 56]","[145, 142, 110]","[5, 145, 4]","[80, 105, 96]","[40, 149, 119]","[106, 169, 12]","[164, 24, 165]","[74, 55, 57]","[67, 118, 68]","[169, 106, 168]","[5, 15, 20]","[48, 46, 47]"
526,"[105, 20, 21]","[94, 93, 95]","[52, 85, 54]","[22, 103, 169]","[79, 47, 78]","[133, 132, 140]","[79, 138, 139]","[110, 129, 132]","[78, 46, 45]","[103, 144, 143]","[4, 29, 3]","[101, 90, 94]"
527,"[0, 74, 75]","[94, 93, 33]","[62, 159, 63]","[90, 10, 79]","[61, 151, 66]","[39, 38, 35]","[37, 130, 131]","[142, 137, 143]","[106, 157, 158]","[145, 140, 139]","[180, 170, 179]","[39, 94, 42]"
528,"[93, 165, 91]","[40, 39, 44]","[134, 104, 162]","[66, 16, 14]","[124, 169, 175]","[5, 4, 6]","[178, 133, 177]","[0, 1, 146]","[58, 111, 59]","[5, 0, 1]","[5, 11, 12]","[17, 76, 77]"
529,"[24, 133, 144]","[4, 3, 8]","[5, 19, 18]","[83, 43, 33]","[66, 14, 65]","[92, 93, 175]","[96, 174, 0]","[50, 49, 9]","[63, 9, 0]","[92, 89, 104]","[167, 161, 160]","[26, 27, 30]"
530,"[2, 113, 4]","[174, 175, 173]","[1, 120, 20]","[175, 127, 106]","[46, 5, 31]","[19, 18, 141]","[63, 84, 83]","[71, 92, 17]","[2, 43, 3]","[19, 148, 147]","[8, 25, 7]","[91, 124, 95]"
531,"[115, 80, 114]","[71, 106, 137]","[0, 70, 1]","[95, 85, 94]","[72, 168, 73]","[96, 97, 98]","[103, 71, 104]","[158, 40, 41]","[71, 167, 69]","[64, 63, 62]","[30, 36, 16]","[66, 72, 73]"
532,"[40, 175, 38]","[89, 86, 83]","[17, 161, 16]","[114, 113, 117]","[26, 4, 5]","[95, 96, 121]","[38, 52, 107]","[127, 129, 131]","[4, 27, 3]","[96, 106, 108]","[25, 179, 178]","[50, 49, 51]"
533,"[5, 24, 23]","[53, 47, 52]","[157, 108, 107]","[88, 87, 94]","[21, 6, 22]","[73, 29, 133]","[137, 177, 143]","[6, 89, 4]","[129, 176, 175]","[89, 90, 88]","[180, 152, 154]","[19, 106, 60]"
534,"[90, 154, 76]","[70, 71, 139]","[111, 81, 80]","[126, 162, 44]","[0, 23, 6]","[130, 175, 169]","[170, 79, 35]","[118, 123, 125]","[13, 31, 15]","[160, 159, 162]","[180, 174, 173]","[103, 104, 102]"
535,"[41, 11, 42]","[66, 69, 161]","[56, 15, 16]","[85, 86, 156]","[18, 125, 19]","[161, 70, 67]","[25, 151, 26]","[67, 66, 65]","[18, 125, 19]","[42, 41, 39]","[138, 132, 137]","[158, 175, 157]"
536,"[38, 162, 74]","[120, 116, 117]","[167, 120, 121]","[130, 90, 173]","[169, 91, 170]","[129, 72, 130]","[83, 150, 154]","[142, 139, 36]","[38, 91, 40]","[123, 110, 48]","[0, 8, 9]","[29, 30, 17]"
537,"[171, 44, 45]","[60, 91, 66]","[180, 14, 179]","[99, 101, 100]","[157, 13, 158]","[59, 60, 88]","[70, 135, 105]","[97, 99, 98]","[102, 23, 134]","[80, 119, 118]","[54, 67, 53]","[23, 109, 168]"
538,"[71, 144, 72]","[112, 111, 52]","[103, 75, 104]","[62, 61, 4]","[170, 12, 110]","[36, 104, 119]","[89, 57, 163]","[43, 31, 83]","[154, 134, 155]","[125, 124, 123]","[19, 37, 20]","[122, 47, 139]"
539,"[177, 41, 42]","[93, 92, 90]","[141, 179, 180]","[173, 172, 9]","[19, 2, 3]","[51, 31, 52]","[151, 13, 138]","[75, 77, 74]","[136, 43, 42]","[89, 90, 62]","[114, 120, 107]","[121, 33, 156]"
540,"[136, 19, 137]","[103, 100, 104]","[160, 130, 129]","[70, 142, 57]","[12, 127, 13]","[173, 180, 25]","[128, 145, 127]","[14, 160, 94]","[127, 11, 4]","[97, 158, 98]","[28, 49, 43]","[75, 74, 69]"
541,"[161, 126, 60]","[118, 87, 85]","[119, 8, 120]","[94, 98, 74]","[26, 5, 25]","[72, 70, 68]","[152, 4, 22]","[43, 46, 42]","[3, 24, 23]","[43, 44, 69]","[16, 9, 17]","[48, 28, 47]"
542,"[131, 109, 108]","[166, 167, 168]","[94, 120, 180]","[13, 14, 12]","[49, 27, 50]","[58, 162, 157]","[164, 100, 81]","[22, 56, 54]","[40, 19, 39]","[81, 58, 0]","[35, 53, 36]","[55, 99, 98]"
543,"[24, 160, 1]","[175, 97, 101]","[28, 103, 93]","[85, 114, 42]","[88, 52, 89]","[78, 77, 111]","[29, 106, 105]","[69, 39, 70]","[123, 174, 175]","[112, 110, 111]","[0, 6, 1]","[65, 119, 66]"
544,"[144, 78, 170]","[92, 91, 93]","[129, 80, 128]","[157, 158, 156]","[150, 129, 169]","[3, 24, 2]","[180, 62, 179]","[42, 41, 44]","[119, 21, 118]","[4, 3, 66]","[60, 54, 61]","[72, 107, 103]"
545,"[112, 139, 113]","[60, 176, 175]","[26, 170, 24]","[77, 78, 80]","[0, 28, 154]","[83, 148, 149]","[22, 118, 21]","[160, 2, 3]","[0, 12, 3]","[148, 147, 146]","[0, 18, 19]","[180, 179, 93]"
546,"[66, 26, 42]","[12, 11, 13]","[41, 134, 40]","[36, 146, 130]","[178, 172, 180]","[90, 52, 91]","[178, 96, 86]","[43, 44, 42]","[140, 110, 30]","[112, 53, 100]","[112, 119, 113]","[68, 65, 46]"
547,"[39, 62, 40]","[151, 119, 150]","[169, 8, 170]","[97, 98, 100]","[18, 164, 17]","[31, 32, 34]","[116, 136, 117]","[101, 100, 99]","[170, 25, 20]","[33, 32, 31]","[180, 174, 173]","[120, 121, 118]"
548,"[35, 108, 109]","[164, 165, 158]","[0, 99, 1]","[26, 156, 154]","[106, 14, 97]","[165, 164, 163]","[178, 95, 18]","[156, 70, 157]","[126, 84, 106]","[39, 152, 140]","[0, 12, 169]","[46, 47, 37]"
549,"[22, 172, 21]","[99, 42, 41]","[37, 165, 166]","[19, 18, 96]","[81, 167, 166]","[157, 158, 90]","[1, 7, 28]","[34, 106, 65]","[170, 84, 148]","[92, 93, 94]","[27, 4, 26]","[42, 134, 132]"
550,"[17, 156, 16]","[111, 110, 109]","[68, 163, 162]","[37, 46, 58]","[66, 89, 81]","[49, 50, 141]","[26, 7, 25]","[120, 122, 124]","[150, 64, 151]","[11, 12, 13]","[0, 10, 9]","[79, 81, 103]"
551,"[176, 46, 144]","[160, 29, 164]","[135, 48, 47]","[23, 30, 29]","[122, 112, 117]","[94, 97, 95]","[102, 16, 101]","[72, 71, 68]","[142, 33, 25]","[73, 152, 72]","[178, 172, 179]","[118, 98, 117]"
552,"[178, 92, 93]","[18, 154, 157]","[134, 10, 8]","[16, 176, 175]","[60, 150, 61]","[81, 82, 5]","[56, 78, 127]","[23, 161, 131]","[150, 60, 147]","[75, 77, 78]","[25, 16, 15]","[82, 81, 83]"
553,"[77, 15, 25]","[98, 99, 146]","[0, 73, 152]","[42, 40, 41]","[22, 156, 115]","[12, 29, 25]","[3, 126, 0]","[44, 45, 46]","[61, 111, 90]","[158, 159, 2]","[151, 119, 150]","[49, 19, 58]"
554,"[51, 35, 50]","[139, 141, 140]","[1, 113, 3]","[85, 84, 86]","[15, 66, 67]","[120, 103, 110]","[54, 179, 55]","[47, 40, 32]","[15, 66, 16]","[93, 110, 109]","[144, 138, 139]","[176, 175, 177]"
555,"[0, 14, 1]","[145, 180, 174]","[59, 154, 58]","[93, 128, 97]","[10, 18, 17]","[56, 54, 53]","[60, 36, 59]","[159, 158, 156]","[0, 28, 1]","[45, 47, 46]","[0, 6, 1]","[112, 155, 113]"
556,"[153, 114, 103]","[52, 46, 63]","[0, 106, 107]","[164, 169, 163]","[140, 167, 138]","[61, 21, 32]","[150, 91, 90]","[37, 76, 36]","[167, 140, 40]","[61, 21, 63]","[4, 10, 29]","[130, 131, 129]"
557,"[14, 143, 66]","[152, 153, 151]","[176, 45, 178]","[19, 56, 64]","[90, 20, 21]","[138, 137, 136]","[90, 180, 179]","[153, 152, 154]","[33, 110, 35]","[135, 180, 179]","[180, 1, 179]","[3, 4, 80]"
558,"[61, 30, 62]","[162, 172, 171]","[17, 172, 69]","[111, 114, 78]","[34, 68, 36]","[17, 102, 103]","[169, 17, 168]","[160, 31, 67]","[41, 75, 40]","[125, 126, 10]","[130, 137, 131]","[91, 90, 92]"
559,"[53, 159, 143]","[61, 59, 63]","[68, 131, 69]","[113, 114, 120]","[180, 126, 125]","[61, 48, 84]","[123, 164, 128]","[52, 51, 108]","[2, 159, 1]","[129, 130, 136]","[74, 80, 79]","[132, 169, 84]"
560,"[51, 143, 144]","[32, 121, 35]","[150, 108, 151]","[12, 10, 80]","[66, 14, 158]","[141, 77, 140]","[121, 44, 122]","[61, 60, 3]","[171, 50, 68]","[148, 76, 23]","[42, 35, 41]","[69, 70, 68]"
561,"[176, 11, 77]","[104, 103, 40]","[120, 1, 2]","[161, 160, 86]","[10, 48, 9]","[92, 22, 61]","[82, 130, 81]","[149, 148, 67]","[48, 10, 176]","[22, 21, 92]","[52, 42, 53]","[121, 170, 85]"
562,"[35, 163, 162]","[123, 121, 107]","[58, 26, 27]","[160, 162, 159]","[0, 73, 1]","[176, 174, 175]","[31, 3, 32]","[97, 85, 94]","[6, 162, 2]","[13, 122, 123]","[10, 2, 11]","[105, 106, 107]"
563,"[174, 91, 173]","[150, 32, 78]","[142, 105, 104]","[177, 83, 152]","[130, 20, 3]","[90, 91, 26]","[124, 88, 146]","[32, 33, 31]","[1, 151, 3]","[26, 25, 60]","[161, 167, 163]","[100, 75, 74]"
564,"[55, 29, 54]","[0, 151, 92]","[122, 88, 89]","[3, 2, 0]","[170, 96, 100]","[18, 21, 16]","[151, 7, 68]","[1, 103, 0]","[6, 105, 106]","[70, 51, 131]","[0, 6, 1]","[146, 145, 144]"
565,"[156, 17, 155]","[6, 24, 2]","[19, 76, 75]","[110, 149, 59]","[177, 30, 178]","[21, 101, 117]","[19, 65, 66]","[108, 107, 110]","[120, 86, 87]","[101, 80, 5]","[60, 35, 61]","[156, 132, 25]"
566,"[35, 166, 169]","[24, 157, 156]","[26, 170, 27]","[3, 6, 5]","[30, 150, 0]","[103, 102, 43]","[30, 114, 112]","[99, 97, 98]","[0, 172, 173]","[48, 46, 118]","[26, 20, 3]","[135, 142, 136]"
567,"[171, 10, 14]","[101, 115, 102]","[175, 34, 109]","[97, 51, 92]","[159, 95, 158]","[57, 146, 53]","[179, 38, 178]","[142, 20, 145]","[117, 72, 73]","[6, 4, 3]","[42, 48, 49]","[165, 166, 150]"
568,"[83, 48, 82]","[153, 152, 156]","[93, 57, 95]","[131, 119, 156]","[67, 23, 27]","[180, 179, 48]","[104, 55, 54]","[98, 97, 48]","[71, 26, 22]","[81, 80, 44]","[25, 13, 24]","[48, 47, 49]"
569,"[1, 150, 2]","[148, 3, 18]","[75, 179, 180]","[124, 122, 123]","[96, 36, 167]","[145, 144, 147]","[19, 68, 18]","[126, 121, 125]","[34, 23, 48]","[78, 14, 152]","[86, 80, 81]","[180, 173, 179]"
570,"[28, 38, 36]","[65, 89, 88]","[131, 165, 172]","[54, 2, 58]","[65, 19, 57]","[130, 97, 167]","[51, 134, 114]","[22, 64, 154]","[116, 166, 31]","[168, 76, 91]","[25, 19, 24]","[105, 137, 108]"
571,"[106, 71, 105]","[78, 113, 111]","[179, 46, 178]","[152, 151, 153]","[26, 170, 167]","[138, 154, 75]","[180, 12, 25]","[154, 155, 152]","[28, 9, 26]","[121, 118, 156]","[28, 22, 33]","[138, 100, 139]"
572,"[67, 24, 23]","[37, 126, 166]","[0, 8, 18]","[83, 87, 78]","[55, 119, 53]","[96, 93, 95]","[39, 6, 5]","[14, 13, 12]","[148, 21, 147]","[85, 86, 87]","[0, 1, 2]","[103, 100, 130]"
573,"[178, 124, 125]","[115, 116, 32]","[55, 89, 5]","[158, 179, 31]","[4, 28, 0]","[59, 60, 56]","[30, 82, 114]","[110, 109, 111]","[140, 157, 28]","[57, 136, 60]","[172, 95, 94]","[0, 1, 20]"
574,"[141, 7, 9]","[43, 42, 86]","[36, 113, 112]","[6, 162, 5]","[32, 140, 88]","[52, 112, 107]","[155, 179, 23]","[37, 1, 60]","[124, 43, 126]","[152, 52, 107]","[144, 5, 4]","[103, 90, 51]"
575,"[0, 21, 25]","[174, 171, 169]","[174, 13, 15]","[57, 56, 55]","[9, 105, 12]","[28, 165, 139]","[26, 1, 4]","[82, 97, 169]","[169, 8, 62]","[41, 39, 36]","[174, 11, 10]","[51, 46, 50]"
576,"[42, 11, 43]","[123, 36, 124]","[89, 6, 5]","[168, 167, 157]","[113, 79, 157]","[73, 18, 180]","[59, 39, 108]","[171, 172, 173]","[0, 82, 1]","[32, 138, 33]","[165, 120, 122]","[161, 141, 61]"
577,"[73, 121, 66]","[137, 50, 128]","[130, 10, 169]","[51, 52, 45]","[22, 39, 40]","[57, 56, 58]","[51, 14, 141]","[45, 42, 105]","[143, 48, 111]","[13, 12, 11]","[3, 13, 2]","[18, 99, 94]"
578,"[164, 20, 19]","[150, 140, 90]","[71, 18, 20]","[135, 103, 115]","[27, 161, 3]","[59, 60, 61]","[52, 149, 51]","[73, 72, 71]","[27, 47, 25]","[131, 132, 133]","[22, 11, 23]","[146, 141, 140]"
579,"[66, 7, 67]","[37, 87, 38]","[99, 20, 26]","[53, 55, 51]","[24, 52, 154]","[33, 164, 163]","[177, 145, 143]","[43, 107, 44]","[59, 131, 52]","[73, 104, 164]","[0, 16, 15]","[129, 76, 130]"
580,"[150, 101, 149]","[40, 42, 41]","[18, 123, 166]","[101, 74, 64]","[45, 135, 159]","[106, 105, 104]","[159, 18, 157]","[174, 175, 85]","[17, 56, 57]","[176, 106, 0]","[7, 13, 8]","[113, 99, 98]"
581,"[48, 19, 118]","[77, 145, 141]","[178, 44, 177]","[60, 57, 59]","[14, 6, 26]","[163, 162, 103]","[36, 136, 37]","[26, 25, 125]","[18, 48, 179]","[2, 3, 142]","[120, 126, 121]","[116, 115, 50]"
582,"[24, 147, 23]","[62, 61, 96]","[23, 140, 24]","[145, 146, 168]","[165, 46, 166]","[175, 121, 177]","[54, 84, 53]","[125, 67, 66]","[166, 46, 167]","[76, 153, 74]","[0, 31, 1]","[98, 135, 55]"
583,"[145, 96, 144]","[68, 2, 67]","[121, 134, 122]","[159, 163, 162]","[10, 30, 9]","[98, 171, 68]","[122, 133, 121]","[173, 174, 81]","[30, 10, 29]","[131, 98, 67]","[156, 146, 154]","[71, 33, 34]"
584,"[119, 26, 117]","[55, 79, 78]","[112, 61, 65]","[100, 172, 143]","[88, 23, 89]","[173, 169, 13]","[19, 104, 18]","[10, 157, 8]","[90, 144, 88]","[120, 128, 127]","[1, 9, 0]","[94, 92, 93]"
585,"[75, 115, 74]","[14, 15, 12]","[31, 97, 99]","[123, 120, 124]","[178, 41, 42]","[6, 7, 8]","[166, 64, 167]","[82, 3, 81]","[97, 169, 30]","[4, 6, 3]","[156, 28, 26]","[147, 86, 108]"
586,"[65, 4, 21]","[78, 161, 158]","[141, 101, 102]","[13, 5, 14]","[106, 143, 112]","[10, 39, 15]","[59, 179, 178]","[26, 27, 25]","[136, 102, 135]","[40, 22, 38]","[112, 43, 42]","[6, 5, 100]"
587,"[6, 31, 5]","[66, 70, 69]","[94, 147, 95]","[82, 81, 68]","[136, 5, 46]","[84, 125, 82]","[148, 20, 147]","[2, 0, 1]","[114, 138, 113]","[3, 55, 2]","[0, 16, 15]","[69, 72, 70]"
588,"[92, 161, 93]","[69, 67, 36]","[151, 7, 16]","[33, 107, 106]","[162, 18, 19]","[141, 145, 50]","[92, 120, 119]","[172, 70, 151]","[129, 162, 128]","[99, 98, 148]","[2, 36, 1]","[68, 103, 104]"
589,"[35, 4, 140]","[18, 133, 132]","[162, 152, 154]","[62, 105, 9]","[17, 116, 70]","[41, 45, 128]","[82, 148, 150]","[50, 16, 49]","[69, 43, 42]","[149, 156, 163]","[1, 7, 0]","[133, 42, 62]"
590,"[0, 22, 21]","[80, 79, 75]","[21, 58, 20]","[70, 129, 122]","[1, 152, 25]","[174, 134, 179]","[10, 154, 9]","[36, 94, 97]","[65, 30, 27]","[55, 130, 178]","[4, 11, 12]","[168, 167, 62]"
591,"[177, 88, 176]","[145, 147, 144]","[156, 12, 155]","[73, 143, 180]","[87, 171, 172]","[25, 29, 26]","[89, 103, 90]","[165, 30, 161]","[87, 171, 172]","[25, 133, 29]","[93, 51, 103]","[127, 128, 141]"
592,"[24, 168, 17]","[123, 128, 124]","[177, 76, 178]","[99, 100, 156]","[80, 28, 29]","[143, 170, 65]","[145, 4, 154]","[45, 49, 46]","[29, 173, 164]","[74, 121, 3]","[28, 39, 18]","[128, 120, 129]"
593,"[64, 35, 104]","[166, 138, 128]","[29, 93, 28]","[53, 116, 161]","[83, 9, 53]","[142, 146, 120]","[165, 29, 21]","[124, 11, 123]","[175, 87, 174]","[125, 126, 55]","[50, 42, 43]","[72, 73, 98]"
594,"[173, 164, 172]","[9, 115, 117]","[142, 175, 44]","[134, 97, 129]","[170, 26, 25]","[56, 57, 122]","[8, 159, 45]","[126, 54, 128]","[170, 26, 171]","[1, 2, 136]","[0, 6, 142]","[92, 133, 132]"
595,"[45, 103, 173]","[59, 67, 66]","[18, 50, 19]","[157, 156, 162]","[170, 26, 164]","[68, 69, 58]","[33, 67, 35]","[88, 87, 86]","[4, 23, 72]","[149, 85, 86]","[3, 16, 17]","[135, 137, 50]"
596,"[173, 42, 41]","[144, 56, 143]","[61, 160, 42]","[110, 111, 112]","[28, 99, 27]","[175, 159, 158]","[94, 59, 95]","[11, 73, 144]","[131, 31, 180]","[78, 83, 82]","[1, 18, 2]","[58, 56, 117]"
597,"[174, 30, 1]","[129, 125, 121]","[156, 84, 60]","[93, 76, 81]","[167, 174, 166]","[108, 46, 45]","[160, 85, 75]","[105, 45, 132]","[126, 32, 149]","[113, 111, 114]","[0, 35, 36]","[135, 136, 151]"
598,"[26, 165, 24]","[12, 105, 11]","[3, 9, 4]","[107, 69, 123]","[0, 7, 1]","[85, 48, 166]","[102, 143, 100]","[121, 120, 9]","[27, 10, 23]","[169, 176, 174]","[0, 11, 10]","[119, 179, 120]"
599,"[39, 81, 84]","[136, 135, 167]","[122, 4, 123]","[53, 54, 52]","[3, 71, 72]","[135, 180, 41]","[166, 102, 101]","[134, 58, 56]","[3, 71, 4]","[179, 177, 175]","[149, 129, 128]","[164, 165, 166]"
600,"[158, 65, 66]","[118, 47, 116]","[109, 40, 131]","[138, 139, 140]","[80, 166, 165]","[10, 111, 12]","[19, 115, 21]","[178, 179, 177]","[167, 134, 165]","[153, 30, 66]","[166, 172, 173]","[117, 113, 120]"
601,"[160, 24, 159]","[64, 65, 81]","[19, 158, 157]","[171, 172, 173]","[142, 170, 171]","[94, 93, 95]","[32, 116, 115]","[67, 73, 66]","[142, 169, 168]","[128, 93, 92]","[6, 16, 7]","[144, 147, 146]"
602,"[14, 3, 4]","[145, 142, 158]","[105, 175, 106]","[20, 22, 19]","[123, 14, 124]","[135, 161, 163]","[47, 95, 97]","[19, 165, 21]","[123, 14, 15]","[143, 94, 81]","[113, 107, 114]","[82, 84, 128]"
603,"[99, 178, 179]","[68, 67, 66]","[180, 32, 31]","[69, 61, 71]","[56, 179, 66]","[86, 85, 87]","[157, 41, 172]","[14, 0, 3]","[157, 112, 158]","[86, 88, 87]","[35, 15, 38]","[106, 51, 50]"
604,"[95, 43, 96]","[108, 106, 107]","[41, 167, 40]","[152, 130, 131]","[172, 81, 174]","[148, 162, 18]","[100, 171, 82]","[12, 11, 32]","[4, 30, 28]","[18, 162, 101]","[36, 166, 37]","[100, 99, 98]"
605,"[145, 67, 167]","[35, 39, 34]","[46, 18, 17]","[133, 134, 153]","[112, 134, 58]","[14, 13, 9]","[117, 37, 105]","[89, 88, 90]","[65, 123, 66]","[13, 14, 10]","[168, 100, 167]","[20, 10, 18]"
606,"[23, 42, 22]","[81, 64, 70]","[170, 26, 172]","[123, 83, 55]","[180, 30, 176]","[145, 143, 22]","[143, 113, 142]","[167, 166, 168]","[1, 141, 165]","[65, 67, 66]","[51, 44, 43]","[88, 87, 80]"
607,"[55, 175, 54]","[157, 164, 3]","[10, 49, 48]","[180, 177, 179]","[180, 23, 22]","[72, 86, 53]","[165, 35, 79]","[142, 21, 175]","[180, 23, 179]","[82, 81, 80]","[44, 166, 43]","[66, 67, 11]"
608,"[168, 78, 169]","[123, 124, 126]","[153, 126, 149]","[49, 100, 51]","[148, 172, 171]","[105, 33, 104]","[90, 143, 89]","[176, 175, 177]","[147, 172, 146]","[103, 101, 106]","[16, 24, 14]","[143, 142, 147]"
609,"[150, 7, 2]","[84, 72, 32]","[114, 157, 156]","[54, 144, 145]","[168, 104, 169]","[76, 67, 77]","[105, 7, 83]","[131, 133, 27]","[104, 168, 105]","[0, 136, 135]","[0, 6, 1]","[127, 52, 61]"
610,"[180, 89, 88]","[73, 66, 72]","[3, 97, 109]","[11, 10, 152]","[117, 148, 154]","[47, 49, 41]","[133, 50, 49]","[155, 109, 108]","[140, 56, 141]","[92, 93, 89]","[78, 72, 79]","[158, 159, 154]"
611,"[176, 88, 90]","[111, 38, 39]","[179, 173, 169]","[36, 63, 32]","[97, 16, 73]","[26, 23, 25]","[26, 93, 92]","[179, 151, 0]","[73, 166, 74]","[26, 25, 23]","[22, 16, 15]","[67, 68, 69]"
612,"[94, 171, 170]","[49, 51, 50]","[152, 68, 69]","[54, 59, 55]","[0, 167, 1]","[37, 94, 108]","[171, 72, 170]","[174, 107, 82]","[0, 167, 1]","[109, 37, 41]","[6, 12, 0]","[84, 87, 86]"
613,"[128, 168, 129]","[151, 155, 154]","[48, 42, 154]","[23, 24, 20]","[27, 176, 26]","[70, 133, 66]","[171, 92, 172]","[39, 40, 174]","[25, 7, 139]","[68, 163, 133]","[165, 125, 180]","[115, 105, 106]"
614,"[21, 14, 79]","[47, 42, 41]","[12, 172, 64]","[125, 129, 131]","[150, 4, 33]","[118, 175, 168]","[88, 142, 143]","[179, 0, 180]","[4, 150, 1]","[84, 88, 87]","[180, 3, 176]","[37, 36, 156]"
615,"[26, 152, 110]","[38, 39, 37]","[180, 149, 9]","[83, 60, 143]","[114, 14, 7]","[70, 32, 33]","[108, 49, 109]","[146, 148, 145]","[66, 118, 115]","[70, 34, 36]","[47, 37, 38]","[109, 108, 107]"
616,"[91, 17, 18]","[121, 172, 120]","[155, 14, 156]","[90, 85, 91]","[142, 113, 114]","[50, 68, 126]","[80, 135, 111]","[102, 103, 101]","[169, 54, 171]","[124, 125, 127]","[4, 160, 3]","[52, 53, 98]"
617,"[44, 16, 45]","[59, 58, 84]","[34, 125, 124]","[64, 59, 131]","[22, 15, 21]","[156, 155, 158]","[125, 66, 124]","[41, 93, 94]","[20, 13, 22]","[80, 95, 94]","[28, 17, 27]","[85, 80, 79]"
618,"[44, 69, 43]","[88, 92, 86]","[25, 138, 126]","[88, 114, 87]","[45, 66, 46]","[142, 143, 31]","[100, 134, 89]","[54, 22, 56]","[119, 57, 118]","[176, 177, 30]","[0, 24, 25]","[85, 155, 156]"
619,"[34, 174, 35]","[119, 117, 116]","[29, 164, 6]","[72, 82, 87]","[4, 82, 3]","[153, 161, 154]","[101, 55, 102]","[22, 143, 42]","[129, 54, 3]","[23, 153, 154]","[179, 173, 172]","[138, 110, 107]"
620,"[16, 71, 15]","[171, 168, 169]","[158, 14, 156]","[0, 46, 49]","[27, 145, 36]","[45, 47, 176]","[71, 37, 36]","[6, 7, 156]","[6, 12, 5]","[125, 87, 50]","[159, 50, 51]","[82, 83, 85]"
621,"[157, 52, 158]","[99, 107, 103]","[112, 158, 111]","[53, 131, 52]","[68, 109, 69]","[163, 161, 164]","[143, 149, 144]","[48, 49, 30]","[23, 39, 111]","[167, 169, 166]","[40, 141, 147]","[176, 167, 168]"
622,"[131, 60, 61]","[32, 107, 111]","[37, 170, 36]","[161, 70, 69]","[71, 119, 66]","[114, 115, 35]","[116, 139, 117]","[17, 161, 160]","[68, 148, 178]","[108, 107, 114]","[161, 168, 162]","[122, 121, 41]"
623,"[95, 67, 66]","[11, 148, 149]","[157, 75, 77]","[36, 37, 38]","[0, 178, 86]","[126, 129, 128]","[179, 173, 180]","[80, 81, 82]","[40, 171, 167]","[60, 143, 142]","[162, 170, 167]","[92, 91, 90]"
624,"[38, 109, 87]","[156, 155, 0]","[17, 50, 54]","[130, 155, 75]","[168, 31, 169]","[115, 87, 89]","[141, 127, 126]","[12, 1, 11]","[71, 34, 19]","[142, 98, 52]","[1, 7, 10]","[78, 77, 79]"
625,"[161, 67, 20]","[95, 110, 108]","[113, 10, 111]","[101, 99, 100]","[88, 14, 87]","[47, 48, 46]","[161, 174, 173]","[31, 30, 32]","[164, 9, 165]","[19, 36, 45]","[70, 76, 71]","[114, 113, 111]"
626,"[169, 161, 160]","[31, 58, 132]","[19, 163, 152]","[141, 65, 143]","[29, 50, 49]","[173, 177, 166]","[89, 7, 152]","[68, 67, 61]","[86, 138, 87]","[164, 162, 163]","[0, 6, 37]","[165, 110, 173]"
627,"[159, 124, 123]","[143, 147, 149]","[173, 166, 62]","[11, 18, 19]","[85, 167, 84]","[46, 45, 134]","[74, 149, 73]","[52, 53, 54]","[51, 113, 86]","[176, 177, 8]","[12, 6, 0]","[147, 58, 146]"
628,"[97, 173, 96]","[149, 152, 153]","[180, 47, 179]","[113, 114, 115]","[43, 177, 63]","[111, 110, 109]","[29, 13, 25]","[53, 105, 52]","[129, 44, 46]","[69, 68, 56]","[64, 58, 180]","[110, 147, 112]"
629,"[54, 111, 55]","[162, 100, 13]","[2, 69, 78]","[10, 35, 90]","[154, 10, 152]","[96, 97, 150]","[28, 21, 22]","[143, 142, 41]","[52, 33, 30]","[123, 124, 139]","[57, 46, 56]","[30, 65, 67]"
630,"[19, 28, 27]","[34, 33, 110]","[30, 173, 174]","[93, 136, 138]","[82, 39, 34]","[161, 160, 25]","[116, 67, 175]","[65, 62, 33]","[2, 43, 42]","[21, 66, 64]","[115, 109, 108]","[70, 136, 93]"
631,"[124, 87, 149]","[164, 165, 163]","[109, 179, 140]","[132, 0, 62]","[84, 143, 11]","[95, 94, 37]","[76, 106, 55]","[43, 42, 35]","[3, 77, 4]","[155, 102, 94]","[2, 54, 3]","[140, 101, 141]"
632,"[141, 89, 107]","[46, 123, 69]","[71, 31, 73]","[132, 114, 107]","[138, 106, 105]","[130, 61, 170]","[146, 162, 180]","[60, 59, 98]","[106, 138, 105]","[129, 39, 40]","[0, 9, 10]","[71, 58, 63]"
633,"[165, 134, 2]","[84, 83, 31]","[159, 15, 18]","[38, 40, 70]","[101, 127, 102]","[41, 39, 156]","[22, 134, 169]","[57, 114, 58]","[115, 178, 179]","[67, 4, 157]","[88, 82, 106]","[154, 153, 51]"
634,"[48, 130, 49]","[83, 80, 81]","[148, 76, 149]","[109, 108, 111]","[152, 8, 153]","[118, 122, 96]","[174, 30, 176]","[96, 95, 97]","[152, 8, 153]","[118, 107, 104]","[4, 10, 11]","[76, 77, 64]"
635,"[143, 7, 42]","[36, 31, 125]","[121, 9, 119]","[160, 49, 50]","[18, 8, 17]","[139, 141, 140]","[90, 74, 91]","[161, 160, 5]","[2, 12, 6]","[98, 99, 38]","[13, 23, 14]","[155, 156, 87]"
636,"[68, 133, 75]","[36, 28, 139]","[172, 28, 22]","[0, 33, 68]","[133, 28, 166]","[97, 38, 139]","[121, 6, 123]","[49, 50, 87]","[28, 174, 76]","[97, 96, 95]","[2, 49, 10]","[175, 174, 157]"
637,"[131, 84, 88]","[150, 153, 152]","[20, 171, 19]","[127, 159, 11]","[175, 109, 1]","[59, 49, 60]","[133, 27, 134]","[159, 86, 160]","[5, 120, 6]","[71, 85, 67]","[123, 117, 116]","[69, 156, 142]"
638,"[88, 160, 90]","[156, 155, 132]","[26, 160, 168]","[3, 151, 98]","[49, 27, 50]","[166, 81, 82]","[40, 13, 39]","[85, 84, 83]","[14, 36, 35]","[169, 168, 166]","[140, 146, 139]","[71, 94, 69]"
639,"[128, 11, 127]","[64, 63, 163]","[107, 173, 174]","[115, 53, 52]","[29, 7, 20]","[2, 153, 152]","[46, 40, 88]","[172, 162, 168]","[29, 7, 23]","[3, 78, 30]","[15, 5, 29]","[137, 135, 75]"
640,"[20, 154, 153]","[65, 82, 84]","[130, 169, 71]","[64, 65, 162]","[165, 154, 164]","[90, 129, 63]","[164, 177, 30]","[142, 140, 23]","[71, 32, 17]","[149, 150, 151]","[3, 11, 4]","[98, 97, 94]"
641,"[132, 116, 131]","[100, 103, 99]","[121, 48, 47]","[10, 11, 12]","[38, 113, 126]","[118, 49, 68]","[136, 39, 135]","[4, 59, 63]","[174, 126, 173]","[61, 148, 69]","[3, 10, 0]","[61, 60, 62]"
642,"[25, 169, 168]","[97, 98, 131]","[176, 19, 155]","[168, 121, 178]","[22, 148, 39]","[72, 71, 117]","[113, 140, 114]","[171, 23, 170]","[39, 12, 40]","[76, 142, 122]","[30, 14, 9]","[87, 89, 88]"
643,"[156, 12, 157]","[39, 43, 41]","[179, 84, 86]","[119, 154, 28]","[144, 10, 89]","[36, 39, 38]","[39, 128, 41]","[69, 136, 135]","[177, 119, 162]","[1, 84, 43]","[63, 43, 46]","[129, 128, 151]"
644,"[179, 125, 180]","[108, 132, 107]","[150, 172, 153]","[35, 165, 14]","[48, 150, 83]","[177, 51, 28]","[18, 79, 17]","[24, 86, 25]","[87, 156, 155]","[177, 50, 51]","[153, 159, 152]","[15, 14, 17]"
645,"[31, 84, 126]","[144, 143, 142]","[55, 16, 178]","[48, 47, 74]","[29, 4, 144]","[84, 97, 107]","[108, 89, 88]","[0, 3, 64]","[60, 140, 93]","[99, 104, 110]","[1, 18, 0]","[64, 59, 61]"
646,"[156, 38, 157]","[74, 133, 73]","[121, 97, 22]","[178, 146, 129]","[167, 13, 166]","[47, 46, 62]","[95, 155, 157]","[29, 30, 2]","[169, 15, 168]","[48, 49, 84]","[0, 12, 11]","[162, 72, 110]"
647,"[104, 48, 103]","[6, 171, 148]","[90, 42, 44]","[98, 99, 97]","[82, 11, 83]","[110, 109, 132]","[95, 130, 96]","[26, 19, 25]","[180, 126, 11]","[163, 162, 159]","[113, 107, 106]","[163, 162, 164]"
648,"[29, 176, 28]","[141, 89, 147]","[28, 172, 29]","[84, 101, 99]","[152, 171, 176]","[3, 2, 4]","[60, 160, 161]","[178, 179, 180]","[87, 31, 89]","[10, 4, 5]","[180, 173, 174]","[102, 155, 101]"
649,"[96, 42, 41]","[144, 109, 167]","[135, 156, 157]","[89, 83, 45]","[111, 172, 112]","[150, 149, 151]","[171, 27, 26]","[75, 79, 100]","[0, 139, 2]","[51, 52, 50]","[145, 139, 140]","[98, 100, 99]"
650,"[108, 28, 109]","[123, 124, 140]","[2, 131, 3]","[71, 76, 70]","[25, 131, 26]","[64, 85, 79]","[21, 28, 20]","[35, 84, 86]","[131, 25, 132]","[105, 44, 13]","[37, 27, 35]","[40, 63, 64]"
651,"[64, 76, 56]","[47, 46, 45]","[106, 89, 83]","[40, 151, 157]","[9, 72, 10]","[54, 108, 64]","[126, 110, 129]","[1, 5, 6]","[9, 72, 73]","[177, 158, 34]","[179, 79, 178]","[36, 35, 122]"
652,"[156, 16, 112]","[60, 53, 52]","[102, 5, 122]","[129, 145, 148]","[135, 99, 179]","[53, 60, 54]","[0, 103, 37]","[64, 125, 126]","[143, 107, 179]","[170, 59, 32]","[68, 28, 0]","[130, 131, 132]"
653,"[76, 55, 51]","[31, 136, 30]","[80, 162, 76]","[138, 105, 21]","[63, 20, 62]","[46, 47, 45]","[170, 70, 171]","[29, 32, 28]","[152, 8, 153]","[133, 89, 110]","[30, 10, 29]","[69, 70, 68]"
654,"[166, 131, 104]","[33, 34, 32]","[25, 129, 26]","[53, 163, 161]","[11, 27, 14]","[169, 170, 162]","[43, 67, 44]","[166, 167, 47]","[6, 14, 1]","[56, 53, 55]","[3, 72, 4]","[48, 47, 50]"
655,"[156, 12, 13]","[134, 117, 116]","[175, 6, 0]","[141, 139, 49]","[8, 39, 38]","[167, 160, 177]","[123, 35, 122]","[99, 101, 102]","[40, 8, 41]","[54, 55, 140]","[2, 12, 3]","[104, 105, 103]"
656,"[150, 6, 153]","[173, 174, 118]","[86, 12, 13]","[157, 82, 158]","[77, 38, 37]","[107, 104, 105]","[88, 35, 34]","[158, 26, 157]","[76, 133, 110]","[104, 105, 107]","[180, 174, 172]","[110, 37, 84]"
657,"[36, 178, 162]","[154, 9, 61]","[20, 85, 86]","[76, 93, 95]","[120, 160, 139]","[104, 107, 98]","[180, 33, 93]","[68, 67, 74]","[119, 146, 145]","[96, 44, 104]","[31, 25, 32]","[86, 90, 98]"
658,"[69, 28, 27]","[131, 133, 135]","[165, 152, 164]","[46, 45, 70]","[17, 24, 18]","[97, 158, 29]","[169, 115, 116]","[0, 2, 1]","[2, 15, 3]","[176, 30, 177]","[5, 165, 167]","[113, 141, 80]"
659,"[90, 118, 117]","[55, 176, 47]","[75, 2, 167]","[53, 45, 99]","[162, 84, 165]","[42, 21, 44]","[56, 108, 106]","[128, 180, 144]","[141, 103, 142]","[64, 65, 67]","[176, 167, 177]","[5, 9, 8]"
660,"[11, 173, 103]","[69, 120, 121]","[69, 11, 12]","[113, 106, 173]","[65, 72, 0]","[152, 114, 106]","[139, 54, 138]","[12, 11, 8]","[132, 140, 139]","[117, 116, 115]","[18, 5, 4]","[54, 55, 53]"
661,"[52, 22, 53]","[82, 85, 65]","[114, 7, 24]","[69, 173, 116]","[91, 123, 34]","[115, 45, 48]","[14, 140, 114]","[98, 99, 88]","[159, 107, 106]","[57, 114, 143]","[154, 148, 153]","[71, 72, 17]"
662,"[9, 137, 135]","[60, 59, 106]","[34, 28, 33]","[88, 162, 163]","[18, 3, 114]","[60, 61, 62]","[145, 168, 146]","[70, 71, 63]","[140, 95, 170]","[70, 60, 61]","[0, 21, 22]","[120, 119, 118]"
663,"[11, 106, 10]","[172, 174, 4]","[38, 11, 10]","[178, 81, 77]","[157, 16, 156]","[90, 89, 91]","[32, 95, 139]","[117, 81, 119]","[124, 7, 156]","[92, 80, 81]","[0, 7, 11]","[49, 113, 111]"
664,"[90, 126, 125]","[82, 118, 81]","[63, 160, 64]","[170, 171, 169]","[86, 108, 58]","[112, 113, 31]","[147, 45, 44]","[152, 168, 30]","[108, 86, 163]","[12, 13, 30]","[42, 123, 124]","[52, 53, 51]"
665,"[14, 47, 13]","[26, 126, 90]","[152, 160, 171]","[97, 1, 98]","[7, 75, 4]","[138, 139, 121]","[150, 74, 75]","[1, 99, 100]","[154, 17, 155]","[165, 179, 166]","[149, 53, 150]","[107, 115, 106]"
666,"[79, 119, 80]","[141, 32, 137]","[28, 172, 171]","[160, 55, 35]","[5, 28, 27]","[158, 159, 160]","[146, 89, 147]","[70, 69, 72]","[108, 54, 109]","[142, 141, 143]","[40, 51, 41]","[164, 162, 155]"
667,"[27, 171, 172]","[48, 39, 109]","[69, 32, 70]","[163, 164, 162]","[152, 6, 149]","[53, 91, 85]","[49, 133, 48]","[54, 13, 55]","[49, 5, 150]","[93, 94, 96]","[8, 14, 19]","[116, 117, 60]"
668,"[46, 22, 80]","[97, 0, 98]","[157, 13, 154]","[33, 34, 143]","[48, 146, 49]","[104, 103, 105]","[163, 19, 164]","[134, 93, 86]","[46, 144, 179]","[98, 31, 100]","[34, 41, 35]","[141, 79, 44]"
669,"[33, 179, 178]","[102, 134, 91]","[107, 51, 106]","[88, 100, 142]","[52, 87, 53]","[125, 126, 14]","[58, 12, 152]","[94, 95, 93]","[53, 88, 89]","[125, 14, 132]","[142, 107, 144]","[97, 0, 98]"
670,"[41, 125, 40]","[92, 142, 17]","[31, 79, 30]","[20, 8, 7]","[45, 73, 74]","[109, 14, 110]","[35, 65, 33]","[4, 0, 19]","[62, 35, 169]","[110, 109, 111]","[180, 174, 173]","[88, 87, 148]"
671,"[170, 26, 171]","[101, 100, 151]","[50, 164, 51]","[140, 128, 120]","[29, 14, 28]","[97, 132, 96]","[124, 65, 4]","[17, 96, 16]","[13, 19, 14]","[42, 119, 43]","[17, 11, 12]","[140, 139, 138]"
672,"[65, 102, 44]","[4, 125, 2]","[175, 144, 145]","[77, 78, 171]","[178, 34, 128]","[111, 110, 24]","[66, 51, 65]","[9, 39, 86]","[130, 16, 13]","[111, 159, 62]","[104, 110, 111]","[86, 173, 66]"
673,"[124, 150, 151]","[104, 92, 93]","[150, 10, 151]","[86, 91, 48]","[153, 43, 3]","[128, 131, 127]","[172, 28, 29]","[149, 148, 84]","[57, 114, 113]","[41, 42, 74]","[180, 171, 174]","[45, 39, 3]"
674,"[14, 52, 157]","[31, 32, 132]","[86, 157, 85]","[118, 112, 121]","[0, 80, 1]","[13, 94, 180]","[25, 84, 64]","[112, 127, 58]","[140, 178, 138]","[150, 66, 65]","[54, 169, 180]","[83, 82, 84]"
675,"[2, 151, 150]","[87, 89, 86]","[48, 169, 77]","[69, 112, 30]","[44, 30, 48]","[18, 95, 19]","[42, 61, 60]","[146, 123, 20]","[180, 42, 158]","[95, 96, 0]","[42, 35, 41]","[124, 123, 112]"
676,"[45, 128, 46]","[179, 177, 178]","[125, 60, 124]","[72, 71, 69]","[0, 47, 48]","[58, 149, 87]","[90, 56, 14]","[8, 7, 149]","[0, 47, 2]","[151, 160, 65]","[160, 168, 159]","[98, 99, 97]"
677,"[67, 143, 66]","[80, 79, 78]","[90, 131, 142]","[93, 88, 111]","[156, 79, 155]","[59, 90, 13]","[46, 12, 45]","[3, 2, 4]","[98, 70, 97]","[29, 13, 28]","[0, 22, 21]","[100, 102, 103]"
678,"[38, 11, 37]","[102, 68, 101]","[31, 14, 30]","[148, 162, 172]","[38, 8, 10]","[156, 157, 160]","[167, 145, 166]","[48, 35, 47]","[10, 38, 30]","[160, 162, 161]","[19, 47, 20]","[111, 101, 100]"
679,"[180, 17, 34]","[94, 88, 93]","[16, 64, 60]","[95, 80, 81]","[120, 142, 121]","[64, 87, 148]","[159, 15, 160]","[49, 43, 67]","[142, 120, 143]","[87, 72, 98]","[19, 7, 6]","[73, 72, 56]"
680,"[137, 94, 118]","[153, 160, 152]","[21, 78, 22]","[149, 178, 150]","[56, 70, 55]","[177, 176, 163]","[83, 173, 24]","[29, 33, 32]","[157, 88, 156]","[116, 166, 164]","[71, 59, 65]","[152, 88, 144]"
681,"[82, 163, 140]","[41, 63, 79]","[93, 156, 94]","[133, 134, 137]","[179, 155, 180]","[111, 35, 110]","[15, 130, 16]","[96, 115, 95]","[155, 179, 150]","[109, 105, 111]","[178, 55, 179]","[91, 4, 169]"
682,"[30, 120, 121]","[89, 75, 90]","[88, 179, 180]","[0, 70, 49]","[146, 10, 148]","[30, 90, 89]","[94, 152, 153]","[136, 12, 132]","[116, 22, 157]","[46, 43, 44]","[2, 16, 3]","[45, 40, 39]"
683,"[39, 153, 32]","[26, 164, 163]","[56, 101, 102]","[45, 112, 117]","[34, 44, 35]","[158, 159, 1]","[67, 177, 179]","[146, 145, 18]","[53, 124, 48]","[18, 81, 174]","[56, 62, 55]","[65, 125, 123]"
684,"[67, 51, 66]","[73, 124, 78]","[5, 31, 32]","[124, 117, 119]","[54, 128, 55]","[114, 111, 109]","[35, 133, 57]","[176, 32, 31]","[42, 18, 41]","[9, 8, 11]","[40, 34, 33]","[163, 167, 147]"
685,"[0, 46, 92]","[70, 172, 71]","[9, 51, 20]","[73, 75, 71]","[64, 146, 145]","[80, 75, 104]","[50, 30, 31]","[112, 24, 113]","[153, 68, 151]","[170, 171, 19]","[25, 6, 5]","[85, 86, 87]"
686,"[180, 174, 156]","[54, 58, 81]","[78, 101, 77]","[62, 61, 59]","[132, 163, 131]","[89, 88, 106]","[180, 106, 178]","[85, 90, 89]","[87, 172, 15]","[89, 123, 108]","[161, 167, 162]","[92, 91, 142]"
687,"[9, 61, 60]","[168, 18, 169]","[137, 24, 23]","[42, 174, 127]","[172, 110, 57]","[128, 78, 4]","[130, 54, 129]","[24, 12, 14]","[112, 149, 115]","[78, 76, 68]","[11, 41, 12]","[100, 103, 72]"
688,"[78, 45, 47]","[130, 129, 127]","[178, 138, 137]","[124, 100, 80]","[112, 18, 135]","[65, 145, 129]","[18, 138, 16]","[78, 77, 127]","[180, 71, 70]","[68, 145, 67]","[79, 73, 74]","[145, 127, 144]"
689,"[62, 34, 27]","[74, 172, 173]","[103, 42, 155]","[125, 54, 53]","[1, 31, 81]","[5, 112, 19]","[154, 68, 153]","[149, 172, 4]","[32, 106, 176]","[112, 18, 19]","[180, 174, 173]","[141, 68, 140]"
690,"[89, 136, 123]","[78, 79, 82]","[169, 120, 119]","[105, 106, 103]","[43, 7, 6]","[49, 78, 50]","[69, 114, 0]","[176, 175, 173]","[42, 6, 43]","[80, 130, 48]","[1, 8, 0]","[102, 39, 174]"
691,"[65, 23, 64]","[110, 109, 148]","[125, 106, 89]","[23, 39, 134]","[30, 170, 177]","[115, 40, 43]","[85, 11, 10]","[138, 2, 137]","[170, 30, 169]","[43, 42, 40]","[78, 72, 79]","[156, 155, 104]"
692,"[61, 173, 120]","[108, 109, 100]","[115, 162, 166]","[105, 88, 58]","[137, 94, 136]","[110, 111, 112]","[0, 112, 29]","[49, 50, 52]","[94, 175, 93]","[180, 3, 4]","[112, 8, 7]","[29, 30, 26]"
693,"[85, 109, 135]","[162, 1, 163]","[46, 142, 55]","[30, 31, 158]","[108, 160, 106]","[131, 77, 133]","[145, 14, 144]","[2, 1, 3]","[158, 106, 107]","[86, 85, 154]","[0, 10, 11]","[124, 157, 156]"
694,"[47, 155, 149]","[104, 71, 105]","[180, 32, 31]","[159, 132, 147]","[180, 92, 149]","[33, 40, 41]","[45, 56, 44]","[25, 26, 94]","[63, 102, 64]","[43, 39, 42]","[22, 16, 15]","[102, 100, 92]"
695,"[176, 29, 101]","[118, 56, 172]","[89, 39, 82]","[27, 28, 121]","[4, 91, 90]","[174, 68, 35]","[95, 162, 66]","[144, 24, 9]","[57, 96, 39]","[30, 176, 175]","[152, 158, 151]","[63, 64, 65]"
696,"[97, 48, 95]","[149, 103, 151]","[18, 131, 19]","[50, 46, 47]","[84, 52, 97]","[140, 141, 19]","[33, 88, 37]","[158, 155, 153]","[171, 62, 99]","[7, 8, 18]","[60, 19, 61]","[108, 106, 107]"
697,"[97, 78, 98]","[115, 114, 118]","[47, 89, 90]","[109, 108, 124]","[33, 147, 34]","[3, 126, 179]","[138, 43, 139]","[12, 124, 172]","[147, 33, 34]","[52, 44, 153]","[24, 12, 22]","[172, 60, 173]"
698,"[101, 11, 100]","[71, 36, 35]","[90, 107, 89]","[121, 21, 126]","[118, 12, 6]","[66, 28, 65]","[77, 5, 164]","[151, 154, 146]","[106, 146, 147]","[27, 28, 37]","[0, 6, 7]","[57, 56, 86]"
699,"[31, 175, 174]","[53, 136, 54]","[10, 154, 161]","[106, 105, 108]","[109, 153, 110]","[134, 135, 130]","[54, 101, 45]","[131, 130, 141]","[152, 35, 153]","[132, 135, 133]","[155, 161, 180]","[1, 97, 96]"
700,"[149, 5, 152]","[36, 31, 38]","[51, 163, 96]","[178, 176, 177]","[130, 34, 121]","[69, 83, 84]","[8, 46, 153]","[3, 134, 98]","[3, 14, 134]","[108, 87, 70]","[90, 86, 87]","[58, 57, 67]"
701,"[121, 45, 44]","[102, 101, 34]","[65, 113, 64]","[159, 175, 129]","[169, 5, 33]","[139, 141, 138]","[0, 31, 33]","[153, 154, 157]","[180, 121, 179]","[26, 69, 141]","[0, 19, 20]","[93, 103, 36]"
702,"[129, 51, 121]","[107, 108, 96]","[151, 7, 152]","[115, 114, 92]","[93, 165, 136]","[77, 36, 134]","[165, 25, 24]","[103, 104, 106]","[136, 121, 123]","[106, 107, 108]","[134, 7, 135]","[122, 123, 101]"
703,"[116, 26, 58]","[13, 16, 92]","[125, 164, 124]","[148, 149, 91]","[126, 107, 125]","[25, 27, 24]","[104, 49, 126]","[41, 71, 42]","[70, 150, 89]","[25, 26, 24]","[5, 18, 4]","[63, 66, 64]"
704,"[39, 168, 44]","[73, 110, 75]","[180, 70, 40]","[112, 115, 141]","[95, 169, 168]","[137, 114, 141]","[157, 67, 158]","[21, 144, 12]","[50, 162, 1]","[114, 67, 113]","[25, 8, 22]","[87, 89, 88]"
705,"[64, 40, 143]","[168, 167, 161]","[11, 83, 3]","[38, 40, 42]","[44, 72, 43]","[145, 140, 176]","[164, 60, 59]","[147, 13, 155]","[44, 72, 43]","[177, 145, 178]","[16, 34, 26]","[47, 46, 41]"
706,"[88, 109, 152]","[133, 175, 39]","[168, 24, 167]","[66, 67, 65]","[105, 179, 180]","[167, 10, 98]","[37, 12, 36]","[106, 5, 6]","[26, 64, 104]","[9, 11, 10]","[160, 154, 161]","[43, 42, 123]"
707,"[80, 164, 177]","[132, 68, 131]","[94, 169, 1]","[138, 137, 140]","[140, 127, 50]","[5, 62, 65]","[68, 74, 138]","[12, 13, 11]","[24, 109, 48]","[65, 143, 62]","[71, 135, 137]","[55, 27, 28]"
708,"[48, 155, 46]","[180, 15, 55]","[27, 171, 79]","[148, 3, 4]","[141, 9, 8]","[132, 97, 133]","[179, 172, 177]","[24, 25, 72]","[110, 78, 111]","[144, 133, 145]","[155, 149, 148]","[43, 56, 42]"
709,"[159, 152, 166]","[38, 36, 39]","[38, 92, 41]","[180, 61, 60]","[155, 11, 154]","[120, 89, 35]","[41, 70, 40]","[0, 164, 175]","[124, 46, 123]","[88, 87, 89]","[30, 3, 33]","[127, 126, 56]"
710,"[28, 7, 27]","[92, 96, 95]","[146, 76, 7]","[128, 127, 129]","[30, 153, 65]","[121, 129, 128]","[138, 24, 139]","[36, 37, 1]","[147, 10, 153]","[131, 130, 132]","[43, 50, 62]","[86, 77, 39]"
711,"[150, 134, 151]","[99, 98, 101]","[110, 42, 168]","[180, 12, 37]","[82, 48, 85]","[110, 174, 109]","[161, 17, 81]","[138, 38, 139]","[145, 43, 1]","[134, 133, 135]","[180, 174, 172]","[47, 48, 104]"
712,"[57, 40, 36]","[144, 113, 85]","[28, 172, 171]","[146, 50, 99]","[126, 163, 169]","[60, 38, 112]","[12, 156, 13]","[43, 44, 4]","[98, 124, 163]","[89, 88, 85]","[25, 11, 23]","[108, 115, 84]"
713,"[162, 150, 163]","[115, 82, 68]","[161, 137, 160]","[18, 19, 10]","[3, 171, 114]","[50, 33, 30]","[21, 126, 135]","[154, 10, 155]","[17, 33, 19]","[49, 150, 50]","[82, 76, 77]","[169, 146, 138]"
714,"[144, 175, 145]","[25, 157, 156]","[77, 137, 76]","[68, 117, 37]","[136, 174, 138]","[115, 116, 20]","[30, 72, 73]","[47, 85, 45]","[41, 166, 40]","[116, 115, 117]","[2, 15, 14]","[144, 143, 146]"
715,"[32, 174, 176]","[81, 80, 131]","[180, 37, 38]","[146, 11, 148]","[68, 53, 69]","[88, 84, 87]","[89, 47, 48]","[24, 23, 19]","[58, 43, 44]","[89, 91, 90]","[18, 9, 11]","[124, 117, 118]"
716,"[135, 158, 126]","[21, 70, 25]","[0, 28, 10]","[51, 48, 49]","[146, 106, 107]","[159, 162, 160]","[104, 110, 150]","[165, 166, 119]","[165, 117, 116]","[17, 133, 13]","[178, 19, 180]","[40, 42, 36]"
717,"[34, 8, 33]","[112, 102, 101]","[24, 64, 30]","[153, 152, 110]","[142, 40, 84]","[153, 165, 151]","[123, 170, 96]","[139, 115, 114]","[177, 63, 178]","[17, 113, 117]","[22, 28, 23]","[85, 84, 83]"
718,"[0, 35, 75]","[127, 126, 123]","[98, 45, 76]","[135, 17, 137]","[132, 171, 133]","[141, 143, 15]","[155, 81, 23]","[144, 41, 69]","[132, 171, 172]","[143, 18, 141]","[3, 14, 5]","[119, 115, 120]"
719,"[10, 154, 157]","[136, 137, 135]","[160, 95, 30]","[62, 119, 173]","[180, 129, 133]","[111, 10, 21]","[48, 17, 49]","[174, 172, 153]","[180, 129, 37]","[4, 3, 160]","[26, 9, 0]","[166, 165, 164]"
720,"[76, 131, 77]","[122, 63, 72]","[76, 110, 77]","[60, 50, 59]","[151, 24, 149]","[0, 60, 1]","[129, 167, 168]","[133, 153, 111]","[105, 165, 166]","[60, 101, 43]","[105, 68, 106]","[32, 31, 88]"
721,"[6, 171, 175]","[67, 85, 68]","[63, 4, 10]","[30, 29, 28]","[90, 3, 179]","[161, 102, 160]","[145, 7, 8]","[163, 90, 46]","[90, 3, 45]","[161, 162, 107]","[18, 28, 27]","[103, 124, 104]"
722,"[130, 156, 134]","[73, 75, 69]","[95, 9, 94]","[164, 69, 65]","[166, 22, 165]","[64, 63, 40]","[114, 18, 82]","[162, 164, 163]","[31, 179, 22]","[145, 151, 146]","[90, 84, 85]","[46, 47, 48]"
723,"[94, 64, 95]","[104, 82, 170]","[0, 38, 37]","[150, 170, 149]","[137, 37, 136]","[47, 109, 48]","[59, 118, 79]","[100, 92, 97]","[137, 37, 135]","[74, 72, 75]","[0, 14, 2]","[98, 38, 103]"
724,"[1, 37, 0]","[83, 87, 88]","[25, 40, 4]","[92, 91, 93]","[0, 140, 1]","[36, 37, 76]","[102, 55, 56]","[82, 169, 171]","[157, 84, 158]","[76, 78, 75]","[2, 25, 27]","[143, 126, 142]"
725,"[109, 78, 108]","[36, 101, 96]","[114, 79, 151]","[60, 61, 12]","[153, 124, 42]","[116, 69, 168]","[118, 6, 76]","[26, 32, 56]","[48, 42, 49]","[78, 141, 142]","[174, 167, 180]","[73, 75, 76]"
726,"[110, 53, 111]","[135, 106, 136]","[71, 40, 69]","[114, 113, 118]","[106, 10, 107]","[22, 25, 120]","[36, 77, 35]","[59, 133, 42]","[163, 118, 117]","[26, 67, 106]","[88, 108, 109]","[26, 126, 125]"
727,"[180, 36, 35]","[136, 157, 137]","[37, 111, 102]","[82, 139, 83]","[177, 96, 67]","[85, 137, 136]","[70, 176, 73]","[48, 47, 49]","[89, 170, 171]","[150, 151, 162]","[24, 44, 30]","[133, 137, 134]"
728,"[175, 25, 26]","[78, 157, 102]","[29, 11, 30]","[84, 151, 133]","[65, 151, 140]","[55, 15, 80]","[65, 105, 104]","[52, 46, 45]","[65, 151, 150]","[12, 8, 11]","[0, 9, 1]","[107, 102, 103]"
729,"[34, 175, 171]","[132, 131, 154]","[175, 101, 82]","[11, 12, 4]","[169, 92, 170]","[153, 31, 151]","[61, 132, 33]","[24, 143, 14]","[42, 76, 79]","[27, 152, 153]","[1, 13, 2]","[133, 33, 53]"
730,"[162, 174, 163]","[14, 15, 46]","[62, 5, 4]","[126, 71, 99]","[27, 101, 150]","[136, 52, 54]","[64, 135, 180]","[152, 8, 167]","[68, 172, 92]","[54, 55, 57]","[3, 9, 2]","[92, 93, 27]"
731,"[36, 21, 133]","[111, 73, 74]","[136, 18, 137]","[42, 38, 37]","[12, 74, 71]","[127, 125, 97]","[128, 20, 127]","[114, 115, 34]","[71, 9, 74]","[57, 58, 127]","[2, 16, 1]","[55, 122, 83]"
732,"[174, 168, 29]","[3, 56, 4]","[66, 129, 97]","[180, 179, 178]","[66, 11, 65]","[82, 24, 23]","[134, 9, 8]","[2, 1, 0]","[66, 11, 65]","[80, 79, 34]","[0, 166, 165]","[100, 79, 99]"
733,"[71, 159, 153]","[20, 54, 55]","[41, 103, 42]","[145, 112, 108]","[179, 151, 178]","[37, 36, 112]","[88, 136, 135]","[145, 125, 77]","[102, 141, 142]","[113, 132, 111]","[145, 139, 146]","[171, 62, 19]"
734,"[46, 174, 112]","[172, 79, 83]","[11, 155, 172]","[116, 118, 117]","[169, 61, 0]","[42, 46, 140]","[1, 68, 69]","[166, 43, 165]","[125, 22, 74]","[140, 148, 150]","[12, 108, 0]","[79, 78, 81]"
735,"[171, 150, 1]","[45, 4, 41]","[139, 91, 92]","[33, 34, 32]","[14, 6, 22]","[174, 175, 176]","[135, 6, 27]","[173, 174, 34]","[44, 99, 85]","[92, 93, 154]","[40, 32, 33]","[180, 78, 79]"
736,"[165, 87, 88]","[113, 64, 63]","[138, 65, 140]","[12, 13, 15]","[92, 44, 94]","[7, 4, 10]","[28, 49, 27]","[16, 110, 15]","[54, 124, 125]","[180, 3, 2]","[125, 131, 124]","[76, 75, 77]"
737,"[72, 16, 14]","[0, 146, 124]","[89, 150, 88]","[116, 115, 142]","[90, 53, 52]","[46, 47, 35]","[45, 108, 23]","[81, 72, 46]","[138, 12, 152]","[46, 44, 120]","[48, 42, 53]","[4, 2, 6]"
738,"[42, 107, 41]","[146, 147, 159]","[2, 15, 3]","[78, 82, 81]","[98, 61, 63]","[170, 137, 169]","[180, 118, 131]","[92, 18, 62]","[118, 67, 98]","[171, 170, 169]","[117, 111, 116]","[139, 148, 145]"
739,"[160, 169, 177]","[128, 129, 2]","[53, 155, 54]","[40, 57, 180]","[36, 151, 35]","[12, 14, 15]","[90, 173, 89]","[42, 40, 166]","[96, 172, 99]","[119, 122, 12]","[7, 34, 46]","[66, 82, 67]"
740,"[3, 129, 4]","[153, 126, 25]","[62, 10, 133]","[86, 85, 164]","[72, 28, 75]","[38, 39, 42]","[46, 99, 67]","[137, 138, 136]","[174, 132, 135]","[169, 170, 171]","[25, 19, 18]","[44, 77, 70]"
741,"[13, 59, 14]","[106, 109, 107]","[178, 74, 179]","[166, 91, 66]","[156, 12, 157]","[134, 130, 133]","[174, 27, 173]","[153, 154, 155]","[84, 116, 85]","[55, 54, 53]","[0, 31, 17]","[100, 105, 104]"
742,"[152, 8, 9]","[143, 142, 141]","[127, 162, 126]","[12, 9, 178]","[8, 136, 35]","[84, 86, 83]","[34, 87, 118]","[179, 180, 8]","[49, 77, 48]","[11, 14, 97]","[64, 70, 65]","[161, 162, 160]"
743,"[31, 72, 30]","[157, 156, 137]","[118, 12, 117]","[172, 174, 173]","[9, 34, 10]","[60, 61, 83]","[56, 12, 31]","[139, 141, 140]","[73, 13, 15]","[174, 175, 173]","[132, 138, 50]","[91, 60, 87]"
744,"[131, 138, 127]","[163, 157, 48]","[26, 44, 45]","[178, 176, 177]","[78, 30, 81]","[53, 119, 117]","[131, 157, 133]","[6, 10, 71]","[84, 158, 173]","[123, 176, 53]","[150, 135, 133]","[115, 116, 114]"
745,"[143, 25, 136]","[178, 177, 176]","[88, 38, 61]","[24, 23, 33]","[126, 65, 89]","[63, 149, 145]","[90, 129, 115]","[148, 73, 166]","[65, 126, 35]","[171, 110, 172]","[1, 127, 2]","[123, 122, 158]"
746,"[31, 165, 32]","[136, 68, 67]","[148, 159, 174]","[39, 85, 38]","[36, 164, 166]","[96, 28, 81]","[170, 63, 175]","[92, 95, 94]","[9, 36, 37]","[29, 33, 78]","[22, 6, 0]","[120, 138, 122]"
747,"[1, 59, 0]","[134, 128, 129]","[116, 133, 115]","[61, 60, 97]","[70, 39, 38]","[129, 48, 168]","[77, 175, 76]","[99, 100, 107]","[40, 136, 41]","[80, 149, 79]","[0, 1, 2]","[169, 170, 171]"
748,"[85, 172, 86]","[122, 126, 7]","[51, 167, 52]","[121, 119, 142]","[145, 160, 8]","[51, 83, 82]","[115, 59, 106]","[153, 152, 15]","[39, 87, 86]","[73, 74, 75]","[157, 151, 149]","[136, 43, 135]"
749,"[109, 41, 180]","[68, 86, 85]","[0, 118, 83]","[168, 149, 130]","[23, 167, 22]","[49, 141, 43]","[127, 82, 59]","[95, 94, 114]","[117, 74, 17]","[44, 45, 139]","[115, 121, 120]","[63, 67, 66]"
750,"[177, 137, 178]","[81, 19, 83]","[64, 34, 63]","[106, 107, 179]","[41, 20, 42]","[125, 118, 119]","[35, 120, 69]","[13, 108, 10]","[20, 41, 40]","[105, 82, 119]","[61, 55, 62]","[125, 101, 114]"
751,"[35, 163, 162]","[134, 144, 136]","[92, 156, 93]","[112, 141, 104]","[179, 71, 177]","[42, 55, 54]","[42, 117, 82]","[156, 159, 152]","[71, 179, 180]","[46, 43, 54]","[33, 109, 34]","[66, 128, 108]"
752,"[0, 86, 65]","[176, 22, 24]","[116, 153, 102]","[66, 65, 64]","[97, 8, 98]","[26, 150, 27]","[88, 105, 145]","[33, 176, 34]","[8, 97, 9]","[87, 84, 83]","[136, 142, 139]","[54, 56, 57]"
753,"[180, 4, 3]","[64, 66, 67]","[14, 124, 15]","[48, 142, 45]","[140, 93, 145]","[110, 71, 113]","[176, 74, 73]","[154, 153, 152]","[65, 146, 145]","[110, 112, 113]","[34, 27, 28]","[157, 156, 155]"
754,"[70, 130, 129]","[89, 32, 31]","[125, 100, 126]","[174, 175, 0]","[95, 118, 151]","[34, 33, 32]","[110, 87, 109]","[16, 13, 14]","[39, 174, 41]","[36, 159, 165]","[9, 113, 8]","[1, 149, 155]"
755,"[174, 168, 167]","[77, 17, 19]","[177, 87, 179]","[123, 127, 125]","[180, 124, 163]","[140, 104, 136]","[33, 2, 72]","[32, 31, 30]","[180, 124, 112]","[137, 140, 141]","[81, 43, 79]","[12, 60, 59]"
756,"[161, 53, 14]","[86, 87, 4]","[121, 154, 155]","[6, 5, 89]","[151, 7, 152]","[95, 148, 6]","[148, 105, 149]","[65, 61, 165]","[79, 39, 41]","[158, 159, 10]","[35, 20, 22]","[169, 150, 58]"
757,"[40, 167, 41]","[128, 127, 179]","[0, 32, 118]","[49, 57, 50]","[44, 121, 122]","[21, 72, 20]","[116, 13, 113]","[52, 54, 58]","[124, 46, 89]","[21, 67, 79]","[0, 10, 9]","[97, 98, 20]"
758,"[68, 42, 99]","[154, 152, 150]","[68, 142, 69]","[26, 78, 20]","[162, 2, 165]","[20, 18, 16]","[4, 80, 140]","[153, 124, 125]","[162, 113, 161]","[88, 87, 89]","[180, 102, 179]","[106, 107, 145]"
759,"[28, 172, 27]","[127, 34, 129]","[86, 45, 87]","[70, 71, 162]","[54, 139, 138]","[164, 163, 162]","[91, 16, 86]","[119, 166, 121]","[44, 86, 85]","[62, 60, 61]","[90, 96, 95]","[116, 117, 118]"
760,"[127, 178, 129]","[98, 85, 86]","[36, 167, 37]","[84, 83, 82]","[120, 103, 93]","[73, 72, 74]","[37, 148, 34]","[7, 8, 5]","[178, 13, 91]","[75, 77, 74]","[5, 13, 7]","[133, 138, 134]"
761,"[0, 23, 1]","[60, 79, 122]","[96, 179, 101]","[142, 143, 166]","[28, 11, 29]","[158, 49, 43]","[28, 85, 84]","[164, 170, 130]","[28, 11, 29]","[161, 162, 57]","[0, 11, 10]","[167, 166, 77]"
762,"[44, 169, 107]","[113, 133, 135]","[44, 175, 179]","[76, 81, 20]","[160, 55, 54]","[75, 73, 78]","[108, 165, 88]","[2, 24, 47]","[180, 172, 178]","[86, 67, 158]","[0, 27, 9]","[171, 107, 170]"
763,"[35, 179, 34]","[9, 8, 11]","[143, 13, 58]","[44, 67, 70]","[25, 169, 24]","[150, 149, 4]","[106, 21, 105]","[159, 160, 3]","[144, 106, 145]","[2, 0, 31]","[1, 18, 0]","[128, 153, 42]"
764,"[31, 173, 85]","[61, 60, 59]","[155, 174, 66]","[113, 112, 69]","[52, 85, 51]","[146, 92, 179]","[104, 31, 32]","[94, 96, 116]","[22, 86, 21]","[162, 163, 92]","[110, 116, 107]","[163, 180, 179]"
765,"[58, 22, 57]","[180, 97, 178]","[127, 166, 165]","[143, 69, 142]","[4, 11, 5]","[125, 126, 72]","[92, 39, 121]","[165, 162, 164]","[166, 8, 10]","[107, 30, 31]","[18, 12, 0]","[119, 22, 103]"
766,"[178, 138, 157]","[86, 85, 94]","[30, 174, 31]","[35, 32, 142]","[41, 153, 152]","[92, 62, 97]","[159, 15, 180]","[4, 43, 6]","[68, 158, 83]","[101, 172, 99]","[2, 12, 3]","[102, 100, 99]"
767,"[83, 37, 96]","[116, 158, 115]","[7, 66, 6]","[145, 95, 94]","[13, 71, 70]","[58, 144, 143]","[107, 20, 108]","[7, 148, 17]","[0, 98, 1]","[131, 130, 129]","[22, 33, 23]","[67, 144, 52]"
768,"[166, 138, 137]","[79, 78, 82]","[180, 16, 178]","[124, 66, 160]","[173, 29, 27]","[32, 74, 71]","[5, 92, 4]","[164, 161, 166]","[29, 173, 26]","[44, 46, 138]","[139, 145, 146]","[116, 115, 12]"
769,"[62, 119, 128]","[17, 13, 180]","[117, 83, 152]","[57, 58, 88]","[0, 32, 1]","[175, 148, 149]","[175, 24, 177]","[129, 57, 59]","[33, 86, 85]","[43, 132, 103]","[0, 13, 1]","[39, 168, 44]"
770,"[29, 7, 6]","[154, 155, 153]","[28, 143, 1]","[51, 52, 54]","[49, 33, 32]","[72, 71, 106]","[135, 36, 161]","[7, 11, 10]","[3, 25, 29]","[77, 78, 76]","[0, 6, 5]","[104, 102, 103]"
771,"[20, 32, 21]","[50, 53, 49]","[179, 173, 156]","[109, 23, 124]","[35, 162, 163]","[55, 54, 126]","[75, 170, 169]","[54, 144, 55]","[149, 22, 21]","[122, 53, 54]","[19, 13, 20]","[131, 130, 129]"
772,"[175, 9, 48]","[128, 129, 153]","[26, 12, 13]","[146, 147, 43]","[152, 8, 153]","[133, 72, 134]","[91, 31, 132]","[160, 165, 163]","[8, 152, 155]","[98, 97, 132]","[0, 6, 1]","[115, 116, 117]"
773,"[29, 12, 13]","[92, 91, 179]","[43, 155, 44]","[67, 49, 172]","[105, 175, 141]","[27, 28, 26]","[119, 14, 13]","[38, 110, 2]","[38, 22, 85]","[112, 148, 115]","[0, 6, 4]","[58, 127, 22]"
774,"[176, 86, 165]","[42, 47, 49]","[165, 21, 164]","[51, 173, 53]","[36, 5, 6]","[144, 143, 142]","[45, 158, 44]","[98, 97, 14]","[37, 6, 38]","[143, 94, 144]","[114, 108, 110]","[91, 73, 90]"
775,"[174, 98, 175]","[62, 145, 74]","[144, 178, 145]","[33, 39, 165]","[158, 36, 59]","[133, 132, 162]","[119, 38, 36]","[156, 157, 154]","[174, 140, 175]","[27, 162, 28]","[2, 8, 1]","[69, 90, 70]"
776,"[0, 112, 1]","[137, 62, 63]","[126, 11, 127]","[56, 82, 55]","[154, 36, 112]","[50, 54, 51]","[145, 154, 56]","[113, 112, 114]","[128, 28, 27]","[144, 163, 145]","[3, 14, 2]","[142, 141, 143]"
777,"[85, 125, 84]","[3, 4, 2]","[160, 7, 121]","[58, 56, 59]","[22, 28, 19]","[153, 154, 149]","[168, 174, 169]","[46, 47, 42]","[97, 179, 180]","[4, 158, 5]","[133, 157, 137]","[132, 107, 108]"
778,"[29, 174, 30]","[4, 133, 118]","[127, 46, 45]","[166, 7, 8]","[169, 27, 165]","[123, 159, 44]","[110, 60, 96]","[161, 164, 162]","[54, 13, 20]","[121, 159, 123]","[117, 169, 116]","[5, 4, 3]"
779,"[125, 151, 124]","[18, 11, 49]","[30, 113, 10]","[159, 61, 156]","[26, 177, 27]","[155, 156, 153]","[175, 144, 46]","[151, 152, 153]","[69, 166, 48]","[168, 171, 170]","[20, 11, 21]","[152, 151, 150]"
780,"[12, 63, 65]","[124, 179, 123]","[76, 47, 80]","[120, 165, 118]","[42, 9, 52]","[89, 118, 87]","[58, 173, 172]","[68, 80, 151]","[32, 55, 31]","[119, 89, 87]","[0, 6, 1]","[158, 156, 157]"
781,"[30, 7, 8]","[168, 167, 113]","[12, 35, 34]","[62, 66, 61]","[180, 16, 26]","[124, 126, 149]","[18, 96, 19]","[55, 56, 28]","[100, 16, 101]","[80, 68, 69]","[63, 69, 62]","[129, 127, 130]"
782,"[27, 171, 172]","[90, 93, 70]","[146, 9, 152]","[80, 112, 79]","[7, 165, 6]","[151, 145, 32]","[97, 17, 98]","[9, 7, 6]","[28, 59, 26]","[16, 89, 116]","[3, 9, 11]","[173, 174, 36]"
783,"[118, 15, 116]","[87, 39, 42]","[159, 56, 57]","[45, 14, 92]","[80, 159, 81]","[118, 146, 22]","[133, 161, 132]","[38, 98, 45]","[19, 134, 89]","[22, 3, 146]","[0, 50, 49]","[115, 69, 116]"
784,"[144, 38, 39]","[121, 116, 114]","[76, 20, 21]","[108, 109, 106]","[39, 98, 99]","[144, 162, 55]","[135, 10, 134]","[74, 75, 109]","[3, 149, 4]","[162, 137, 161]","[166, 172, 164]","[115, 114, 74]"
785,"[21, 73, 170]","[147, 144, 145]","[131, 51, 130]","[113, 114, 112]","[26, 54, 55]","[172, 164, 171]","[130, 138, 131]","[172, 3, 2]","[0, 11, 3]","[173, 177, 113]","[50, 63, 46]","[141, 140, 138]"
786,"[161, 57, 56]","[63, 64, 62]","[16, 8, 13]","[117, 125, 124]","[53, 60, 61]","[29, 30, 32]","[106, 132, 105]","[69, 68, 27]","[53, 60, 61]","[32, 30, 94]","[35, 22, 36]","[172, 171, 106]"
787,"[134, 37, 135]","[53, 96, 54]","[50, 15, 49]","[136, 135, 101]","[35, 13, 36]","[0, 96, 3]","[36, 128, 56]","[163, 51, 164]","[35, 13, 179]","[71, 98, 99]","[20, 162, 163]","[102, 43, 44]"
788,"[100, 145, 143]","[74, 18, 180]","[23, 110, 25]","[40, 158, 157]","[37, 9, 10]","[155, 120, 122]","[147, 175, 176]","[46, 163, 53]","[104, 3, 107]","[155, 156, 56]","[1, 12, 0]","[175, 176, 177]"
789,"[69, 27, 70]","[62, 63, 100]","[73, 142, 72]","[40, 104, 43]","[25, 138, 26]","[177, 45, 111]","[64, 151, 65]","[6, 113, 13]","[25, 138, 27]","[176, 173, 175]","[180, 173, 172]","[138, 47, 48]"
790,"[54, 20, 55]","[77, 153, 150]","[81, 119, 115]","[43, 51, 52]","[139, 32, 117]","[90, 99, 100]","[8, 106, 105]","[52, 41, 54]","[168, 144, 170]","[90, 83, 91]","[107, 31, 108]","[173, 172, 96]"
791,"[69, 143, 13]","[35, 38, 36]","[160, 24, 156]","[114, 81, 117]","[120, 50, 51]","[36, 77, 38]","[27, 171, 28]","[13, 140, 139]","[21, 165, 109]","[33, 36, 34]","[57, 108, 58]","[106, 132, 176]"
792,"[133, 122, 134]","[83, 87, 82]","[104, 135, 103]","[111, 18, 164]","[2, 146, 108]","[156, 72, 157]","[33, 176, 177]","[10, 9, 8]","[54, 177, 108]","[161, 11, 12]","[177, 104, 176]","[92, 91, 166]"
793,"[56, 13, 57]","[92, 83, 93]","[99, 168, 47]","[131, 130, 65]","[20, 10, 21]","[160, 164, 158]","[122, 74, 55]","[7, 60, 6]","[132, 98, 70]","[36, 31, 45]","[140, 134, 133]","[81, 79, 82]"
794,"[161, 154, 91]","[54, 50, 55]","[74, 98, 72]","[158, 159, 125]","[86, 56, 85]","[28, 148, 121]","[76, 121, 80]","[40, 43, 41]","[67, 5, 4]","[113, 114, 116]","[68, 93, 69]","[164, 160, 165]"
795,"[134, 86, 133]","[34, 42, 33]","[7, 13, 0]","[152, 151, 150]","[62, 110, 61]","[39, 20, 21]","[56, 104, 57]","[166, 39, 43]","[110, 62, 108]","[38, 39, 37]","[141, 135, 142]","[158, 159, 157]"
796,"[0, 118, 27]","[83, 136, 98]","[94, 36, 135]","[173, 152, 172]","[2, 20, 106]","[30, 31, 162]","[57, 156, 58]","[104, 105, 9]","[102, 44, 104]","[30, 128, 160]","[83, 89, 82]","[109, 108, 110]"
797,"[85, 112, 174]","[137, 53, 180]","[179, 173, 180]","[26, 138, 24]","[126, 103, 95]","[151, 152, 148]","[152, 119, 120]","[10, 11, 52]","[124, 89, 90]","[151, 152, 50]","[53, 59, 52]","[44, 43, 42]"
798,"[177, 156, 178]","[144, 75, 143]","[173, 41, 174]","[134, 107, 133]","[159, 15, 55]","[143, 141, 179]","[37, 103, 35]","[151, 0, 152]","[102, 78, 101]","[128, 65, 129]","[19, 25, 13]","[60, 134, 135]"
799,"[126, 58, 125]","[41, 179, 37]","[143, 15, 144]","[175, 124, 122]","[169, 177, 3]","[78, 93, 94]","[144, 24, 152]","[179, 180, 178]","[115, 173, 103]","[78, 94, 93]","[35, 29, 30]","[148, 165, 166]"
800,"[107, 7, 106]","[51, 50, 58]","[180, 102, 178]","[12, 21, 11]","[40, 164, 6]","[170, 59, 58]","[98, 147, 35]","[20, 21, 24]","[164, 40, 115]","[26, 25, 20]","[129, 151, 165]","[24, 29, 62]"
801,"[3, 12, 1]","[138, 154, 53]","[0, 18, 1]","[40, 61, 60]","[34, 147, 15]","[94, 129, 95]","[67, 13, 36]","[172, 167, 173]","[180, 145, 124]","[60, 107, 106]","[2, 8, 1]","[138, 63, 158]"
802,"[37, 119, 28]","[138, 134, 135]","[70, 4, 3]","[173, 176, 175]","[4, 71, 33]","[84, 83, 82]","[66, 153, 29]","[139, 59, 58]","[98, 35, 34]","[152, 115, 114]","[33, 40, 39]","[41, 42, 43]"
803,"[5, 70, 6]","[93, 28, 151]","[99, 178, 177]","[38, 0, 72]","[49, 108, 151]","[169, 92, 90]","[77, 164, 163]","[35, 33, 180]","[46, 151, 47]","[175, 92, 90]","[161, 167, 168]","[137, 136, 138]"
804,"[72, 122, 69]","[96, 5, 164]","[2, 114, 84]","[37, 39, 51]","[127, 165, 106]","[70, 71, 68]","[112, 25, 24]","[40, 39, 160]","[125, 165, 36]","[158, 65, 160]","[180, 71, 70]","[32, 31, 33]"
805,"[180, 11, 168]","[36, 35, 34]","[97, 165, 166]","[158, 20, 157]","[140, 55, 141]","[109, 104, 108]","[0, 149, 61]","[146, 47, 33]","[61, 141, 82]","[154, 160, 115]","[146, 152, 151]","[50, 42, 47]"
806,"[2, 41, 1]","[151, 149, 148]","[71, 152, 72]","[167, 169, 168]","[1, 66, 67]","[36, 37, 9]","[30, 154, 27]","[48, 6, 7]","[151, 132, 150]","[72, 115, 91]","[23, 13, 24]","[43, 113, 44]"
807,"[134, 106, 133]","[165, 27, 141]","[48, 69, 57]","[89, 1, 0]","[157, 130, 129]","[94, 93, 96]","[176, 80, 79]","[34, 101, 8]","[50, 114, 132]","[174, 3, 168]","[180, 174, 173]","[130, 132, 129]"
808,"[56, 99, 10]","[79, 140, 141]","[82, 176, 175]","[123, 91, 92]","[180, 108, 122]","[171, 137, 150]","[74, 127, 41]","[4, 99, 5]","[61, 34, 63]","[58, 59, 31]","[99, 71, 90]","[24, 96, 23]"
809,"[2, 16, 0]","[177, 95, 116]","[156, 92, 93]","[153, 24, 150]","[45, 80, 8]","[112, 111, 145]","[85, 125, 124]","[134, 133, 24]","[90, 163, 6]","[109, 108, 113]","[4, 153, 5]","[41, 90, 45]"
810,"[55, 158, 56]","[16, 14, 15]","[52, 87, 50]","[153, 155, 152]","[112, 170, 161]","[138, 40, 137]","[52, 103, 104]","[3, 4, 5]","[114, 174, 173]","[134, 47, 37]","[170, 176, 171]","[63, 16, 103]"
811,"[149, 174, 148]","[142, 117, 115]","[48, 97, 98]","[68, 67, 149]","[26, 158, 25]","[144, 140, 116]","[91, 40, 90]","[147, 141, 146]","[180, 28, 37]","[144, 145, 146]","[145, 139, 143]","[86, 82, 84]"
812,"[180, 131, 179]","[83, 84, 86]","[137, 54, 53]","[166, 168, 87]","[37, 116, 180]","[110, 108, 107]","[173, 166, 172]","[4, 3, 30]","[89, 131, 37]","[159, 110, 54]","[20, 14, 15]","[66, 65, 76]"
813,"[162, 73, 74]","[37, 136, 33]","[23, 51, 34]","[117, 87, 116]","[0, 79, 65]","[93, 133, 122]","[154, 50, 126]","[34, 31, 4]","[70, 36, 10]","[132, 130, 123]","[26, 13, 39]","[99, 93, 98]"
814,"[25, 18, 20]","[147, 99, 148]","[90, 8, 151]","[180, 137, 33]","[100, 25, 24]","[47, 3, 129]","[31, 145, 146]","[2, 5, 3]","[100, 25, 26]","[47, 46, 49]","[8, 28, 6]","[91, 109, 171]"
815,"[137, 170, 138]","[108, 109, 101]","[9, 3, 19]","[34, 135, 132]","[65, 71, 72]","[45, 42, 44]","[67, 50, 69]","[134, 8, 164]","[102, 54, 101]","[33, 31, 32]","[160, 154, 153]","[115, 116, 117]"
816,"[90, 141, 142]","[168, 167, 166]","[25, 132, 52]","[98, 97, 65]","[6, 30, 111]","[74, 141, 90]","[6, 151, 150]","[7, 98, 87]","[30, 113, 114]","[0, 1, 124]","[132, 123, 135]","[30, 31, 29]"
817,"[126, 111, 48]","[91, 90, 89]","[132, 4, 133]","[168, 167, 33]","[99, 179, 178]","[80, 150, 82]","[147, 28, 71]","[104, 157, 50]","[178, 98, 179]","[82, 80, 151]","[149, 156, 165]","[144, 143, 102]"
818,"[148, 21, 147]","[149, 92, 151]","[139, 171, 136]","[105, 106, 107]","[61, 111, 0]","[11, 95, 39]","[59, 53, 58]","[170, 171, 169]","[0, 121, 148]","[89, 90, 23]","[4, 110, 3]","[54, 53, 52]"
819,"[19, 126, 21]","[149, 150, 78]","[5, 45, 4]","[92, 94, 90]","[0, 26, 73]","[80, 89, 88]","[163, 19, 84]","[117, 116, 146]","[3, 42, 39]","[89, 122, 123]","[43, 37, 42]","[173, 57, 56]"
820,"[113, 104, 143]","[53, 24, 130]","[150, 174, 148]","[46, 64, 63]","[59, 132, 3]","[42, 157, 43]","[144, 9, 110]","[40, 33, 39]","[107, 84, 59]","[153, 154, 38]","[49, 43, 42]","[79, 70, 81]"
821,"[153, 101, 100]","[143, 145, 141]","[29, 53, 137]","[99, 16, 98]","[20, 10, 18]","[127, 128, 126]","[56, 96, 95]","[113, 114, 180]","[172, 28, 171]","[120, 124, 147]","[0, 6, 1]","[93, 102, 101]"
822,"[83, 12, 13]","[70, 136, 147]","[104, 73, 103]","[63, 144, 24]","[67, 139, 92]","[159, 99, 106]","[75, 136, 76]","[9, 8, 7]","[86, 34, 87]","[143, 107, 99]","[138, 55, 54]","[24, 22, 23]"
823,"[173, 86, 172]","[138, 139, 44]","[119, 11, 123]","[82, 80, 67]","[109, 146, 144]","[60, 176, 177]","[107, 147, 108]","[43, 44, 89]","[173, 131, 174]","[71, 48, 28]","[0, 7, 6]","[14, 118, 12]"
824,"[116, 24, 113]","[166, 167, 57]","[82, 119, 81]","[164, 163, 165]","[90, 133, 134]","[72, 71, 73]","[60, 115, 146]","[0, 1, 66]","[153, 136, 135]","[14, 71, 72]","[0, 34, 35]","[74, 75, 45]"
825,"[152, 2, 13]","[160, 57, 171]","[148, 118, 152]","[91, 97, 94]","[74, 63, 62]","[134, 131, 133]","[106, 37, 107]","[82, 83, 79]","[121, 59, 120]","[89, 84, 83]","[4, 19, 20]","[76, 77, 85]"
826,"[77, 174, 76]","[112, 104, 105]","[130, 36, 33]","[24, 16, 180]","[90, 21, 19]","[154, 153, 9]","[148, 40, 101]","[145, 132, 142]","[27, 92, 28]","[154, 173, 155]","[111, 31, 112]","[58, 62, 165]"
827,"[180, 37, 141]","[110, 111, 26]","[83, 13, 82]","[125, 74, 73]","[141, 84, 142]","[74, 156, 172]","[21, 176, 71]","[102, 101, 99]","[109, 179, 180]","[74, 49, 46]","[24, 9, 20]","[95, 119, 91]"
828,"[23, 17, 1]","[174, 49, 173]","[149, 100, 150]","[113, 49, 48]","[35, 12, 11]","[124, 121, 122]","[180, 158, 65]","[27, 33, 135]","[35, 12, 0]","[122, 123, 121]","[62, 55, 61]","[72, 92, 91]"
829,"[117, 9, 4]","[69, 68, 66]","[70, 37, 36]","[17, 167, 166]","[127, 92, 128]","[53, 160, 32]","[26, 146, 28]","[161, 162, 97]","[91, 127, 90]","[109, 54, 178]","[179, 173, 178]","[93, 115, 113]"
830,"[51, 177, 50]","[19, 128, 20]","[158, 11, 74]","[95, 94, 96]","[167, 23, 166]","[86, 89, 41]","[25, 120, 24]","[98, 55, 56]","[160, 103, 166]","[4, 150, 146]","[35, 133, 34]","[171, 172, 74]"
831,"[1, 100, 108]","[63, 119, 62]","[153, 27, 154]","[81, 41, 79]","[0, 167, 25]","[38, 37, 122]","[132, 16, 70]","[0, 86, 85]","[113, 25, 96]","[69, 70, 71]","[50, 146, 145]","[69, 91, 90]"
832,"[125, 156, 176]","[160, 159, 31]","[12, 118, 25]","[55, 58, 89]","[155, 126, 161]","[74, 75, 76]","[14, 131, 130]","[70, 112, 69]","[162, 8, 163]","[147, 53, 55]","[28, 17, 27]","[80, 79, 78]"
833,"[179, 45, 178]","[121, 33, 9]","[104, 45, 103]","[160, 159, 33]","[0, 145, 11]","[39, 41, 40]","[38, 137, 39]","[1, 153, 155]","[60, 18, 166]","[40, 39, 41]","[178, 28, 177]","[29, 47, 30]"
834,"[152, 8, 10]","[36, 32, 37]","[125, 156, 124]","[179, 180, 85]","[126, 89, 146]","[19, 38, 39]","[135, 96, 136]","[24, 111, 22]","[54, 162, 55]","[126, 45, 121]","[108, 114, 107]","[39, 91, 90]"
835,"[91, 74, 92]","[154, 155, 25]","[11, 155, 157]","[104, 173, 106]","[90, 55, 91]","[24, 25, 26]","[75, 143, 74]","[99, 98, 1]","[30, 121, 4]","[56, 55, 156]","[178, 18, 180]","[95, 94, 96]"
836,"[177, 23, 22]","[93, 98, 99]","[52, 178, 150]","[147, 20, 165]","[173, 10, 174]","[150, 138, 149]","[95, 25, 24]","[82, 147, 148]","[102, 9, 2]","[148, 149, 170]","[0, 8, 5]","[73, 74, 75]"
837,"[31, 178, 14]","[43, 86, 44]","[12, 139, 132]","[34, 42, 40]","[130, 60, 61]","[12, 0, 16]","[128, 69, 5]","[130, 132, 131]","[60, 130, 61]","[9, 147, 4]","[162, 156, 157]","[69, 70, 68]"
838,"[16, 160, 159]","[1, 0, 2]","[129, 57, 128]","[91, 84, 92]","[170, 18, 171]","[43, 149, 136]","[28, 57, 58]","[138, 137, 135]","[128, 8, 16]","[149, 45, 135]","[165, 159, 160]","[99, 98, 103]"
839,"[171, 27, 29]","[0, 1, 39]","[175, 92, 93]","[38, 107, 34]","[2, 20, 53]","[65, 170, 41]","[155, 78, 131]","[123, 3, 6]","[38, 151, 42]","[170, 169, 171]","[0, 6, 1]","[111, 112, 110]"
840,"[151, 3, 6]","[34, 107, 108]","[26, 170, 168]","[72, 44, 73]","[180, 112, 10]","[63, 64, 65]","[30, 140, 29]","[77, 52, 51]","[180, 112, 111]","[56, 57, 2]","[139, 171, 140]","[67, 68, 66]"
841,"[79, 113, 19]","[29, 175, 158]","[127, 40, 128]","[111, 74, 81]","[30, 178, 147]","[110, 38, 57]","[66, 34, 67]","[9, 19, 10]","[6, 60, 5]","[102, 62, 126]","[1, 13, 2]","[79, 80, 117]"
842,"[180, 172, 179]","[157, 159, 156]","[61, 8, 62]","[87, 85, 86]","[70, 179, 69]","[34, 33, 46]","[64, 94, 65]","[109, 33, 32]","[179, 70, 3]","[33, 34, 157]","[3, 13, 4]","[162, 107, 43]"
843,"[77, 159, 155]","[92, 93, 26]","[101, 35, 120]","[44, 45, 43]","[57, 147, 41]","[93, 91, 26]","[164, 10, 101]","[45, 46, 132]","[147, 57, 148]","[81, 16, 80]","[5, 176, 6]","[8, 9, 10]"
844,"[91, 61, 92]","[98, 97, 152]","[115, 171, 169]","[73, 94, 95]","[96, 140, 152]","[18, 19, 16]","[118, 141, 54]","[158, 0, 159]","[24, 109, 110]","[36, 18, 40]","[1, 14, 0]","[47, 45, 99]"
845,"[82, 51, 117]","[26, 25, 24]","[4, 59, 5]","[93, 91, 90]","[148, 77, 147]","[30, 27, 29]","[30, 174, 173]","[102, 103, 100]","[86, 51, 87]","[32, 19, 61]","[48, 37, 38]","[118, 125, 123]"
846,"[0, 13, 1]","[148, 149, 161]","[18, 91, 80]","[142, 47, 48]","[37, 123, 38]","[157, 81, 76]","[173, 78, 172]","[136, 137, 134]","[180, 151, 38]","[77, 76, 64]","[31, 42, 32]","[104, 100, 79]"
847,"[97, 9, 10]","[75, 162, 113]","[180, 131, 108]","[38, 39, 47]","[42, 18, 93]","[138, 137, 135]","[4, 88, 0]","[115, 157, 77]","[177, 39, 176]","[130, 23, 22]","[76, 82, 107]","[68, 93, 156]"
848,"[2, 144, 84]","[28, 27, 174]","[161, 151, 98]","[53, 57, 107]","[176, 17, 177]","[43, 129, 44]","[8, 58, 10]","[119, 103, 104]","[105, 176, 81]","[39, 38, 36]","[180, 4, 5]","[59, 86, 75]"
849,"[129, 54, 53]","[145, 146, 156]","[27, 171, 28]","[4, 115, 116]","[122, 108, 107]","[50, 76, 147]","[124, 148, 4]","[30, 32, 94]","[6, 29, 5]","[76, 77, 73]","[55, 48, 54]","[166, 165, 115]"
850,"[119, 86, 118]","[108, 65, 78]","[31, 37, 5]","[160, 159, 151]","[125, 74, 73]","[168, 165, 25]","[122, 164, 102]","[44, 43, 166]","[137, 172, 174]","[23, 24, 22]","[1, 13, 2]","[133, 134, 50]"
851,"[113, 59, 58]","[68, 67, 73]","[45, 86, 44]","[146, 145, 168]","[175, 11, 174]","[77, 159, 68]","[58, 7, 170]","[178, 180, 82]","[146, 100, 174]","[77, 61, 60]","[46, 32, 33]","[157, 156, 105]"
852,"[92, 7, 151]","[30, 51, 53]","[95, 68, 97]","[63, 62, 61]","[31, 120, 107]","[88, 142, 173]","[127, 110, 111]","[117, 132, 77]","[179, 104, 103]","[88, 142, 137]","[52, 46, 47]","[153, 155, 150]"
853,"[144, 16, 145]","[66, 67, 41]","[176, 123, 3]","[26, 24, 30]","[31, 70, 30]","[123, 85, 122]","[142, 87, 139]","[37, 1, 45]","[156, 99, 155]","[2, 0, 5]","[8, 160, 7]","[113, 34, 39]"
854,"[142, 62, 169]","[134, 135, 114]","[66, 83, 9]","[159, 145, 126]","[19, 89, 90]","[174, 169, 41]","[137, 80, 165]","[113, 20, 21]","[157, 74, 156]","[171, 174, 175]","[0, 16, 15]","[137, 136, 138]"
855,"[7, 42, 6]","[78, 77, 76]","[3, 100, 101]","[144, 70, 73]","[35, 64, 34]","[106, 143, 121]","[149, 124, 24]","[2, 1, 168]","[142, 100, 143]","[10, 11, 9]","[136, 142, 139]","[177, 178, 176]"
856,"[4, 109, 3]","[69, 77, 39]","[39, 13, 153]","[162, 163, 161]","[9, 125, 126]","[38, 168, 37]","[64, 117, 63]","[36, 39, 35]","[123, 7, 124]","[38, 39, 169]","[124, 179, 123]","[42, 59, 58]"
857,"[107, 15, 106]","[57, 24, 34]","[26, 153, 27]","[86, 127, 42]","[29, 145, 178]","[56, 156, 55]","[93, 45, 163]","[114, 113, 67]","[146, 30, 145]","[56, 167, 55]","[178, 172, 179]","[36, 56, 42]"
858,"[16, 29, 17]","[113, 112, 135]","[152, 77, 151]","[61, 11, 59]","[153, 128, 23]","[10, 11, 1]","[38, 128, 129]","[7, 19, 18]","[146, 92, 174]","[1, 0, 2]","[30, 17, 29]","[83, 82, 81]"
859,"[39, 22, 54]","[129, 136, 132]","[4, 156, 160]","[148, 138, 134]","[20, 96, 97]","[74, 75, 25]","[60, 163, 117]","[133, 135, 134]","[96, 20, 148]","[132, 170, 23]","[0, 7, 8]","[120, 157, 154]"
860,"[94, 11, 93]","[19, 133, 27]","[7, 60, 57]","[94, 35, 98]","[39, 171, 172]","[71, 73, 46]","[170, 154, 178]","[23, 85, 24]","[104, 65, 64]","[28, 120, 149]","[22, 28, 20]","[70, 69, 68]"
861,"[149, 172, 150]","[126, 24, 23]","[142, 67, 97]","[161, 155, 156]","[57, 41, 67]","[146, 147, 145]","[9, 179, 16]","[97, 165, 96]","[8, 152, 9]","[108, 109, 71]","[124, 130, 24]","[169, 163, 162]"
862,"[19, 5, 14]","[95, 98, 97]","[166, 174, 173]","[88, 91, 89]","[178, 78, 79]","[141, 27, 121]","[97, 6, 36]","[58, 158, 59]","[54, 8, 55]","[14, 137, 136]","[0, 6, 17]","[49, 76, 46]"
863,"[105, 168, 71]","[162, 161, 155]","[162, 65, 180]","[97, 44, 45]","[28, 113, 27]","[14, 15, 163]","[161, 63, 88]","[108, 130, 131]","[47, 101, 48]","[13, 8, 15]","[158, 170, 163]","[75, 76, 70]"
864,"[66, 130, 129]","[106, 105, 111]","[99, 44, 159]","[171, 173, 174]","[5, 139, 142]","[69, 66, 67]","[142, 21, 1]","[126, 70, 120]","[179, 152, 178]","[63, 62, 60]","[0, 6, 179]","[72, 36, 75]"
865,"[25, 106, 27]","[120, 46, 72]","[10, 60, 59]","[76, 151, 145]","[177, 126, 127]","[72, 76, 74]","[21, 8, 161]","[134, 135, 61]","[8, 31, 9]","[110, 111, 115]","[23, 17, 16]","[144, 163, 164]"
866,"[177, 47, 97]","[73, 54, 56]","[45, 163, 46]","[79, 78, 76]","[156, 12, 157]","[95, 46, 45]","[93, 42, 90]","[13, 14, 131]","[122, 130, 99]","[3, 5, 1]","[61, 148, 169]","[131, 152, 130]"
867,"[177, 113, 66]","[90, 94, 95]","[40, 80, 37]","[103, 107, 165]","[57, 29, 4]","[166, 122, 146]","[109, 41, 42]","[101, 100, 102]","[54, 105, 47]","[6, 147, 123]","[33, 16, 4]","[133, 129, 132]"
868,"[48, 175, 68]","[22, 23, 97]","[0, 87, 167]","[111, 113, 115]","[155, 83, 156]","[114, 113, 180]","[124, 80, 123]","[13, 18, 109]","[66, 123, 122]","[3, 2, 1]","[0, 17, 25]","[77, 62, 114]"
869,"[111, 140, 141]","[35, 30, 163]","[121, 163, 19]","[6, 5, 76]","[102, 162, 96]","[73, 82, 21]","[163, 155, 175]","[75, 74, 0]","[49, 55, 50]","[87, 88, 178]","[15, 6, 0]","[44, 94, 179]"
870,"[76, 139, 77]","[165, 162, 161]","[63, 36, 49]","[116, 117, 87]","[14, 162, 13]","[0, 5, 71]","[180, 93, 88]","[113, 73, 112]","[153, 21, 49]","[27, 0, 28]","[172, 166, 171]","[83, 29, 26]"
871,"[109, 33, 112]","[99, 95, 101]","[125, 95, 96]","[176, 168, 175]","[95, 80, 113]","[130, 131, 143]","[111, 131, 112]","[47, 38, 39]","[74, 46, 62]","[153, 152, 151]","[33, 41, 32]","[130, 131, 129]"
872,"[0, 180, 1]","[83, 80, 82]","[128, 82, 129]","[47, 74, 75]","[158, 81, 157]","[114, 113, 112]","[79, 46, 98]","[158, 162, 161]","[30, 148, 167]","[86, 85, 87]","[4, 15, 16]","[151, 102, 73]"
873,"[180, 128, 129]","[48, 46, 165]","[48, 81, 57]","[138, 129, 69]","[86, 172, 45]","[109, 108, 110]","[72, 144, 71]","[23, 24, 161]","[172, 86, 171]","[164, 163, 162]","[16, 8, 15]","[169, 171, 170]"
874,"[67, 164, 100]","[160, 159, 161]","[31, 3, 2]","[116, 132, 130]","[42, 176, 177]","[117, 112, 110]","[85, 174, 168]","[5, 6, 7]","[67, 16, 144]","[124, 126, 125]","[0, 14, 20]","[44, 43, 42]"
875,"[48, 78, 51]","[1, 164, 6]","[96, 176, 175]","[11, 10, 23]","[145, 44, 65]","[171, 170, 169]","[145, 153, 148]","[22, 21, 23]","[65, 36, 35]","[0, 17, 6]","[44, 52, 45]","[125, 124, 66]"
876,"[30, 173, 168]","[2, 1, 3]","[8, 24, 23]","[135, 85, 134]","[169, 25, 26]","[64, 29, 145]","[62, 151, 147]","[104, 103, 105]","[28, 172, 169]","[69, 119, 79]","[179, 38, 178]","[77, 68, 16]"
877,"[30, 11, 31]","[131, 132, 82]","[0, 83, 159]","[52, 51, 54]","[79, 154, 78]","[56, 57, 33]","[68, 31, 118]","[55, 142, 53]","[180, 2, 1]","[18, 19, 17]","[0, 6, 1]","[115, 114, 104]"
878,"[45, 104, 44]","[15, 99, 14]","[148, 71, 46]","[174, 76, 162]","[128, 85, 129]","[113, 159, 160]","[134, 12, 135]","[9, 69, 8]","[132, 150, 95]","[137, 135, 138]","[1, 7, 2]","[91, 90, 143]"
879,"[18, 6, 7]","[153, 152, 163]","[159, 15, 158]","[140, 136, 148]","[16, 37, 15]","[109, 134, 113]","[146, 5, 145]","[76, 105, 106]","[16, 37, 28]","[108, 130, 132]","[151, 154, 150]","[146, 102, 145]"
880,"[42, 3, 180]","[164, 163, 88]","[96, 74, 75]","[105, 41, 36]","[96, 12, 95]","[163, 132, 105]","[153, 79, 103]","[120, 119, 56]","[60, 153, 59]","[132, 131, 169]","[25, 12, 13]","[76, 78, 152]"
881,"[110, 39, 42]","[173, 91, 174]","[169, 62, 168]","[119, 120, 25]","[173, 64, 76]","[95, 96, 94]","[61, 40, 33]","[110, 111, 101]","[29, 146, 80]","[91, 5, 92]","[30, 14, 3]","[82, 75, 112]"
882,"[54, 160, 118]","[14, 36, 37]","[177, 164, 172]","[46, 75, 45]","[180, 17, 16]","[129, 130, 146]","[109, 48, 47]","[3, 2, 74]","[6, 145, 60]","[147, 118, 169]","[178, 172, 4]","[128, 43, 122]"
883,"[122, 40, 42]","[57, 58, 129]","[61, 125, 62]","[21, 22, 23]","[2, 70, 133]","[62, 145, 144]","[127, 14, 128]","[112, 114, 113]","[0, 37, 40]","[32, 60, 111]","[26, 37, 36]","[16, 93, 89]"
884,"[39, 87, 73]","[70, 69, 82]","[38, 108, 40]","[68, 89, 69]","[23, 9, 24]","[144, 180, 99]","[132, 54, 55]","[37, 38, 23]","[136, 116, 109]","[146, 143, 144]","[21, 6, 7]","[140, 139, 142]"
885,"[110, 135, 109]","[180, 179, 166]","[1, 102, 141]","[179, 4, 105]","[48, 105, 95]","[69, 67, 68]","[142, 175, 159]","[17, 68, 8]","[110, 77, 85]","[11, 3, 9]","[167, 174, 173]","[39, 106, 32]"
886,"[89, 25, 163]","[112, 56, 53]","[27, 97, 28]","[3, 156, 53]","[135, 6, 144]","[83, 94, 38]","[57, 101, 56]","[68, 66, 67]","[118, 81, 59]","[10, 4, 5]","[23, 17, 18]","[88, 87, 163]"
887,"[154, 75, 153]","[117, 101, 116]","[54, 8, 45]","[122, 64, 180]","[148, 173, 161]","[63, 62, 2]","[162, 18, 161]","[172, 169, 170]","[45, 82, 148]","[3, 9, 2]","[71, 110, 70]","[9, 8, 7]"
888,"[178, 146, 147]","[59, 58, 57]","[78, 157, 77]","[122, 125, 127]","[172, 28, 171]","[123, 119, 121]","[139, 95, 96]","[100, 101, 99]","[1, 145, 2]","[123, 86, 120]","[13, 24, 14]","[63, 61, 62]"
889,"[175, 117, 174]","[159, 33, 32]","[171, 122, 172]","[113, 99, 104]","[169, 22, 75]","[124, 114, 126]","[1, 156, 151]","[113, 112, 116]","[136, 79, 77]","[116, 126, 117]","[126, 177, 127]","[79, 115, 83]"
890,"[0, 126, 1]","[90, 111, 110]","[159, 109, 157]","[63, 15, 65]","[170, 26, 158]","[99, 103, 138]","[1, 53, 52]","[90, 76, 79]","[65, 55, 47]","[167, 164, 168]","[36, 47, 37]","[114, 83, 84]"
891,"[37, 103, 111]","[13, 10, 7]","[22, 141, 21]","[93, 94, 95]","[134, 77, 5]","[68, 54, 69]","[36, 147, 38]","[12, 10, 11]","[77, 134, 5]","[163, 164, 88]","[2, 11, 10]","[156, 132, 46]"
892,"[6, 158, 162]","[148, 74, 146]","[159, 15, 158]","[122, 142, 123]","[36, 14, 76]","[18, 109, 108]","[131, 50, 134]","[101, 95, 102]","[76, 88, 75]","[112, 111, 97]","[8, 14, 46]","[89, 86, 90]"
893,"[70, 4, 71]","[149, 148, 145]","[16, 71, 110]","[59, 171, 68]","[77, 140, 76]","[103, 53, 104]","[109, 159, 134]","[63, 62, 61]","[38, 67, 66]","[95, 99, 100]","[136, 130, 137]","[104, 52, 50]"
894,"[177, 116, 178]","[67, 65, 61]","[98, 82, 85]","[45, 61, 60]","[1, 179, 180]","[36, 114, 69]","[180, 63, 10]","[114, 147, 102]","[180, 1, 2]","[53, 51, 66]","[13, 7, 6]","[78, 77, 74]"
895,"[38, 97, 98]","[173, 176, 175]","[52, 73, 71]","[169, 170, 168]","[64, 32, 68]","[121, 117, 127]","[131, 159, 136]","[68, 53, 173]","[68, 35, 69]","[127, 117, 115]","[37, 44, 38]","[131, 130, 129]"
896,"[25, 9, 23]","[128, 88, 47]","[148, 42, 147]","[84, 85, 73]","[157, 13, 159]","[85, 84, 86]","[180, 143, 101]","[3, 5, 4]","[173, 141, 59]","[100, 127, 126]","[0, 12, 11]","[107, 106, 104]"
897,"[27, 123, 122]","[177, 165, 173]","[80, 5, 0]","[177, 176, 121]","[1, 61, 0]","[103, 170, 168]","[31, 177, 180]","[156, 158, 154]","[179, 151, 180]","[106, 86, 8]","[45, 10, 44]","[149, 150, 148]"
898,"[128, 174, 173]","[44, 54, 83]","[1, 134, 0]","[79, 80, 72]","[111, 85, 109]","[33, 34, 30]","[99, 126, 119]","[146, 27, 58]","[138, 89, 139]","[165, 168, 163]","[180, 70, 179]","[154, 164, 155]"
899,"[149, 5, 151]","[29, 33, 31]","[107, 172, 175]","[49, 47, 158]","[132, 2, 98]","[92, 90, 91]","[156, 169, 155]","[85, 120, 110]","[131, 175, 178]","[117, 89, 26]","[24, 33, 25]","[142, 119, 146]"
900,"[60, 72, 61]","[29, 26, 28]","[115, 33, 116]","[141, 142, 143]","[1, 80, 0]","[137, 148, 142]","[125, 43, 124]","[22, 23, 15]","[43, 99, 100]","[104, 103, 8]","[24, 13, 25]","[74, 75, 73]"
901,"[80, 134, 108]","[77, 63, 62]","[8, 152, 153]","[175, 108, 106]","[17, 161, 18]","[73, 59, 74]","[173, 29, 174]","[84, 135, 134]","[26, 14, 1]","[73, 108, 64]","[104, 21, 105]","[34, 155, 154]"
902,"[103, 146, 104]","[160, 29, 28]","[18, 168, 17]","[32, 31, 160]","[73, 37, 104]","[24, 84, 85]","[139, 148, 140]","[114, 113, 119]","[175, 104, 50]","[80, 24, 84]","[18, 28, 55]","[161, 158, 162]"
903,"[151, 7, 152]","[70, 75, 71]","[110, 176, 174]","[5, 4, 67]","[44, 172, 174]","[156, 28, 147]","[77, 48, 49]","[147, 0, 151]","[81, 110, 111]","[154, 144, 5]","[21, 12, 20]","[122, 58, 60]"
904,"[97, 137, 98]","[48, 47, 120]","[123, 5, 124]","[52, 166, 132]","[103, 63, 104]","[77, 171, 76]","[39, 166, 38]","[154, 159, 153]","[178, 38, 180]","[77, 120, 119]","[29, 35, 28]","[93, 92, 159]"
905,"[1, 20, 0]","[79, 80, 95]","[55, 12, 13]","[72, 165, 43]","[171, 8, 7]","[34, 100, 33]","[136, 75, 19]","[42, 37, 38]","[172, 12, 11]","[34, 49, 48]","[17, 11, 10]","[80, 165, 58]"
906,"[174, 104, 173]","[169, 99, 142]","[0, 18, 19]","[138, 158, 134]","[90, 150, 149]","[51, 50, 154]","[177, 154, 175]","[101, 57, 56]","[92, 152, 93]","[50, 49, 48]","[0, 12, 1]","[33, 69, 51]"
907,"[137, 155, 136]","[5, 29, 20]","[113, 52, 75]","[168, 6, 165]","[180, 118, 179]","[62, 171, 170]","[24, 6, 156]","[173, 123, 91]","[104, 143, 103]","[171, 79, 172]","[0, 12, 24]","[168, 108, 26]"
908,"[71, 148, 70]","[60, 116, 61]","[168, 4, 125]","[79, 77, 78]","[145, 8, 146]","[0, 174, 102]","[110, 104, 111]","[54, 53, 56]","[66, 121, 86]","[175, 102, 169]","[0, 15, 31]","[72, 90, 147]"
909,"[119, 25, 24]","[147, 149, 148]","[28, 167, 168]","[8, 134, 7]","[120, 60, 13]","[95, 3, 4]","[118, 35, 145]","[159, 157, 158]","[55, 66, 56]","[4, 34, 35]","[177, 37, 178]","[103, 100, 102]"
910,"[163, 19, 164]","[37, 34, 38]","[124, 5, 4]","[144, 145, 143]","[37, 76, 48]","[74, 73, 75]","[95, 168, 96]","[142, 145, 143]","[42, 167, 43]","[75, 73, 72]","[56, 50, 55]","[82, 109, 64]"
911,"[114, 88, 115]","[56, 57, 58]","[59, 2, 33]","[99, 126, 102]","[106, 37, 105]","[125, 74, 126]","[33, 62, 35]","[14, 15, 13]","[53, 28, 54]","[124, 57, 125]","[11, 20, 22]","[0, 113, 95]"
912,"[180, 16, 157]","[85, 102, 4]","[179, 43, 180]","[14, 153, 155]","[130, 31, 131]","[40, 44, 174]","[0, 27, 45]","[87, 86, 85]","[4, 77, 134]","[177, 175, 176]","[63, 150, 64]","[104, 16, 17]"
913,"[78, 168, 77]","[42, 31, 88]","[133, 11, 134]","[72, 81, 71]","[37, 106, 132]","[97, 102, 98]","[113, 15, 112]","[97, 93, 92]","[158, 5, 4]","[65, 98, 97]","[128, 134, 127]","[66, 30, 29]"
914,"[128, 27, 25]","[114, 44, 95]","[8, 156, 155]","[22, 21, 140]","[84, 131, 130]","[161, 162, 163]","[137, 12, 136]","[68, 100, 101]","[29, 55, 30]","[106, 108, 109]","[0, 8, 7]","[56, 75, 12]"
915,"[172, 28, 24]","[46, 155, 65]","[92, 40, 41]","[172, 114, 173]","[21, 165, 164]","[29, 141, 99]","[90, 14, 13]","[145, 146, 144]","[13, 22, 21]","[39, 65, 40]","[70, 76, 75]","[116, 117, 115]"
916,"[22, 100, 98]","[44, 43, 49]","[142, 89, 90]","[27, 24, 26]","[87, 34, 131]","[48, 49, 50]","[118, 79, 51]","[30, 28, 31]","[138, 10, 53]","[151, 150, 154]","[82, 54, 18]","[48, 49, 170]"
917,"[146, 136, 15]","[126, 127, 128]","[110, 11, 9]","[71, 87, 136]","[3, 71, 4]","[155, 157, 156]","[51, 99, 85]","[58, 3, 0]","[0, 68, 69]","[157, 156, 158]","[53, 59, 52]","[83, 84, 82]"
918,"[153, 3, 156]","[58, 59, 57]","[122, 10, 38]","[58, 49, 55]","[162, 9, 164]","[144, 114, 115]","[46, 85, 23]","[64, 62, 58]","[25, 10, 54]","[144, 142, 79]","[2, 8, 3]","[18, 93, 82]"
919,"[26, 166, 27]","[8, 7, 9]","[22, 112, 113]","[131, 74, 172]","[75, 59, 39]","[127, 158, 157]","[29, 76, 170]","[103, 55, 19]","[145, 64, 65]","[176, 131, 128]","[146, 152, 145]","[94, 44, 42]"
920,"[32, 161, 90]","[74, 75, 77]","[173, 70, 71]","[147, 79, 129]","[171, 18, 93]","[89, 85, 63]","[12, 107, 11]","[31, 32, 30]","[18, 171, 170]","[89, 85, 87]","[29, 23, 30]","[162, 112, 67]"
921,"[178, 12, 107]","[104, 121, 145]","[127, 28, 2]","[43, 160, 159]","[21, 51, 52]","[176, 175, 177]","[25, 158, 180]","[77, 4, 64]","[22, 52, 21]","[12, 13, 40]","[5, 12, 13]","[121, 103, 117]"
922,"[96, 11, 72]","[154, 147, 153]","[172, 115, 119]","[44, 167, 168]","[150, 27, 149]","[71, 70, 101]","[8, 14, 7]","[80, 127, 32]","[170, 24, 2]","[154, 153, 32]","[144, 51, 143]","[12, 161, 158]"
923,"[170, 26, 173]","[144, 146, 148]","[96, 162, 49]","[133, 132, 61]","[22, 166, 165]","[180, 179, 66]","[126, 76, 73]","[33, 34, 43]","[165, 21, 164]","[178, 177, 74]","[40, 34, 39]","[88, 133, 89]"
924,"[1, 26, 4]","[145, 144, 146]","[28, 19, 27]","[156, 110, 122]","[3, 109, 1]","[60, 170, 136]","[31, 172, 30]","[129, 12, 128]","[59, 5, 163]","[146, 147, 148]","[50, 56, 57]","[108, 109, 29]"
925,"[0, 95, 96]","[116, 14, 117]","[136, 130, 128]","[26, 25, 22]","[9, 17, 10]","[35, 36, 58]","[48, 131, 128]","[76, 174, 170]","[156, 172, 173]","[35, 33, 34]","[102, 108, 103]","[79, 158, 78]"
926,"[31, 121, 32]","[140, 139, 141]","[52, 173, 36]","[107, 22, 93]","[153, 41, 152]","[129, 24, 130]","[153, 117, 151]","[56, 67, 26]","[37, 93, 36]","[128, 7, 178]","[85, 113, 86]","[6, 84, 5]"
927,"[177, 32, 31]","[58, 83, 12]","[17, 123, 122]","[6, 106, 4]","[133, 162, 132]","[63, 19, 20]","[97, 170, 174]","[48, 13, 54]","[65, 49, 165]","[17, 15, 18]","[3, 9, 4]","[97, 93, 92]"
928,"[96, 51, 95]","[142, 123, 146]","[31, 9, 29]","[173, 172, 174]","[4, 74, 178]","[53, 54, 135]","[149, 179, 178]","[46, 20, 19]","[4, 74, 73]","[135, 54, 55]","[0, 15, 1]","[75, 74, 25]"
929,"[3, 155, 4]","[64, 19, 17]","[137, 14, 136]","[64, 77, 171]","[24, 121, 110]","[166, 165, 160]","[106, 35, 69]","[144, 145, 143]","[57, 101, 56]","[164, 166, 165]","[108, 115, 114]","[71, 151, 20]"
930,"[51, 141, 33]","[16, 169, 168]","[28, 104, 74]","[61, 88, 89]","[28, 116, 6]","[136, 50, 64]","[114, 170, 99]","[48, 6, 50]","[77, 29, 28]","[124, 95, 93]","[26, 18, 0]","[126, 125, 127]"
931,"[0, 156, 141]","[33, 34, 20]","[40, 163, 133]","[70, 22, 66]","[180, 10, 97]","[121, 130, 129]","[1, 93, 2]","[27, 24, 48]","[35, 155, 56]","[123, 121, 166]","[133, 165, 134]","[90, 50, 49]"
932,"[14, 25, 55]","[114, 164, 165]","[118, 9, 80]","[62, 112, 157]","[167, 154, 153]","[24, 25, 28]","[1, 177, 52]","[125, 80, 124]","[7, 50, 51]","[91, 119, 179]","[38, 31, 30]","[144, 84, 83]"
933,"[18, 9, 136]","[66, 68, 167]","[16, 81, 120]","[46, 44, 150]","[101, 141, 140]","[14, 117, 116]","[38, 86, 80]","[172, 173, 171]","[35, 91, 90]","[174, 158, 172]","[143, 28, 140]","[104, 106, 48]"
934,"[168, 24, 169]","[87, 117, 88]","[41, 132, 43]","[34, 80, 75]","[29, 173, 28]","[6, 7, 111]","[42, 64, 43]","[4, 102, 55]","[180, 33, 35]","[94, 7, 81]","[15, 37, 16]","[160, 157, 161]"
935,"[25, 177, 57]","[150, 85, 82]","[82, 142, 72]","[43, 45, 177]","[0, 57, 74]","[179, 180, 17]","[0, 55, 129]","[110, 134, 133]","[117, 92, 158]","[73, 139, 70]","[3, 144, 4]","[93, 65, 62]"
936,"[154, 108, 152]","[52, 51, 49]","[145, 170, 162]","[53, 55, 54]","[90, 84, 91]","[25, 39, 33]","[130, 74, 129]","[0, 42, 41]","[108, 74, 109]","[24, 25, 36]","[3, 20, 2]","[45, 111, 156]"
937,"[140, 19, 139]","[90, 76, 121]","[164, 39, 38]","[80, 81, 82]","[156, 12, 120]","[178, 180, 179]","[100, 54, 57]","[48, 162, 44]","[72, 120, 119]","[51, 179, 180]","[24, 148, 23]","[172, 60, 138]"
938,"[153, 42, 40]","[65, 63, 62]","[23, 118, 4]","[147, 144, 124]","[115, 142, 3]","[74, 76, 38]","[139, 17, 137]","[4, 54, 5]","[142, 114, 115]","[152, 63, 94]","[5, 11, 4]","[91, 79, 82]"
939,"[8, 2, 11]","[110, 163, 166]","[167, 136, 137]","[82, 34, 74]","[163, 4, 5]","[45, 46, 47]","[0, 60, 99]","[44, 45, 42]","[5, 164, 4]","[173, 172, 117]","[77, 83, 78]","[122, 46, 155]"
940,"[2, 179, 180]","[83, 84, 81]","[6, 123, 122]","[180, 134, 116]","[178, 109, 45]","[70, 72, 87]","[165, 175, 164]","[23, 28, 25]","[35, 46, 129]","[76, 66, 75]","[158, 174, 157]","[92, 78, 130]"
941,"[61, 35, 64]","[161, 53, 52]","[77, 165, 81]","[129, 138, 130]","[121, 7, 77]","[27, 157, 26]","[45, 112, 46]","[133, 89, 134]","[54, 77, 140]","[27, 26, 100]","[47, 41, 46]","[86, 85, 80]"
942,"[0, 117, 1]","[149, 51, 53]","[13, 140, 12]","[176, 54, 53]","[76, 14, 16]","[97, 98, 96]","[43, 72, 45]","[153, 97, 92]","[76, 14, 77]","[49, 48, 47]","[0, 20, 21]","[54, 105, 53]"
943,"[32, 139, 164]","[108, 64, 76]","[91, 119, 158]","[170, 169, 59]","[54, 105, 51]","[74, 180, 72]","[44, 153, 43]","[7, 3, 5]","[51, 102, 128]","[74, 46, 45]","[0, 6, 1]","[160, 162, 161]"
944,"[27, 138, 28]","[98, 163, 64]","[82, 123, 122]","[114, 115, 116]","[14, 178, 176]","[48, 35, 82]","[121, 18, 120]","[112, 109, 111]","[21, 68, 176]","[49, 47, 46]","[86, 80, 79]","[136, 137, 135]"
945,"[66, 11, 67]","[120, 25, 127]","[37, 19, 39]","[175, 66, 174]","[128, 115, 116]","[48, 74, 73]","[96, 136, 48]","[162, 161, 3]","[173, 124, 172]","[65, 159, 23]","[0, 6, 7]","[61, 14, 143]"
946,"[47, 97, 46]","[141, 150, 151]","[111, 171, 79]","[52, 51, 49]","[39, 151, 38]","[168, 180, 177]","[105, 74, 103]","[10, 120, 0]","[5, 71, 4]","[104, 180, 144]","[137, 131, 136]","[85, 86, 87]"
947,"[134, 8, 15]","[51, 49, 163]","[158, 15, 159]","[41, 31, 28]","[107, 177, 176]","[86, 4, 138]","[82, 132, 45]","[3, 1, 2]","[125, 62, 63]","[141, 145, 146]","[139, 162, 66]","[110, 111, 106]"
948,"[46, 78, 62]","[128, 97, 96]","[71, 35, 70]","[151, 145, 165]","[30, 85, 29]","[128, 72, 129]","[180, 20, 94]","[90, 139, 89]","[37, 92, 93]","[169, 168, 170]","[16, 10, 15]","[99, 100, 101]"
949,"[180, 171, 170]","[84, 82, 133]","[16, 120, 119]","[82, 81, 86]","[173, 29, 172]","[36, 33, 71]","[98, 41, 99]","[18, 138, 140]","[148, 175, 147]","[80, 116, 117]","[19, 3, 0]","[180, 179, 178]"
950,"[36, 71, 95]","[175, 58, 153]","[118, 150, 149]","[169, 168, 171]","[49, 58, 3]","[62, 63, 64]","[160, 133, 161]","[5, 6, 96]","[3, 179, 180]","[166, 70, 164]","[4, 13, 12]","[78, 77, 76]"
951,"[37, 12, 11]","[63, 70, 133]","[168, 37, 38]","[116, 17, 82]","[58, 13, 157]","[124, 79, 39]","[2, 166, 4]","[102, 52, 103]","[157, 7, 156]","[49, 42, 50]","[136, 158, 151]","[122, 121, 51]"
952,"[177, 127, 176]","[22, 24, 21]","[111, 131, 133]","[86, 65, 66]","[129, 160, 130]","[149, 179, 178]","[107, 61, 108]","[13, 148, 11]","[175, 143, 142]","[12, 155, 24]","[4, 19, 5]","[122, 84, 86]"
953,"[2, 11, 1]","[149, 148, 147]","[132, 19, 180]","[108, 166, 91]","[4, 37, 0]","[173, 32, 160]","[101, 76, 79]","[22, 75, 161]","[140, 74, 81]","[116, 49, 117]","[21, 4, 22]","[177, 46, 176]"
954,"[1, 67, 2]","[128, 129, 127]","[39, 171, 172]","[147, 150, 146]","[1, 20, 0]","[99, 26, 25]","[27, 114, 118]","[161, 98, 100]","[3, 110, 5]","[93, 100, 160]","[165, 22, 164]","[108, 66, 79]"
955,"[174, 110, 169]","[86, 88, 89]","[127, 37, 36]","[77, 115, 85]","[37, 13, 36]","[55, 56, 116]","[171, 165, 166]","[135, 51, 52]","[23, 142, 22]","[56, 55, 116]","[155, 9, 7]","[87, 153, 36]"
956,"[126, 168, 125]","[177, 175, 176]","[1, 129, 0]","[172, 95, 77]","[100, 19, 1]","[82, 27, 30]","[162, 13, 161]","[68, 57, 56]","[51, 118, 50]","[85, 137, 138]","[97, 103, 90]","[127, 28, 123]"
957,"[161, 9, 65]","[81, 105, 77]","[177, 165, 164]","[102, 142, 96]","[12, 156, 13]","[74, 72, 129]","[92, 112, 24]","[9, 83, 41]","[21, 15, 156]","[72, 74, 71]","[0, 8, 1]","[121, 122, 123]"
958,"[115, 161, 114]","[39, 174, 12]","[40, 146, 61]","[79, 173, 172]","[39, 16, 15]","[66, 151, 167]","[19, 13, 17]","[10, 5, 1]","[38, 15, 39]","[162, 121, 160]","[4, 10, 3]","[166, 167, 168]"
959,"[0, 64, 1]","[31, 32, 33]","[109, 45, 16]","[63, 164, 71]","[129, 164, 128]","[55, 56, 67]","[46, 99, 98]","[84, 91, 85]","[105, 113, 106]","[71, 12, 13]","[4, 34, 6]","[79, 171, 42]"
960,"[173, 105, 107]","[40, 28, 149]","[109, 174, 110]","[58, 66, 43]","[2, 177, 3]","[145, 140, 164]","[95, 166, 96]","[53, 40, 39]","[46, 110, 116]","[138, 136, 36]","[64, 95, 94]","[151, 152, 153]"
961,"[163, 76, 78]","[88, 56, 6]","[180, 91, 179]","[55, 18, 32]","[130, 10, 129]","[60, 177, 61]","[174, 102, 118]","[82, 83, 81]","[151, 74, 75]","[121, 119, 120]","[11, 169, 44]","[95, 94, 93]"
962,"[165, 129, 166]","[40, 41, 42]","[3, 13, 4]","[140, 153, 149]","[27, 56, 28]","[150, 130, 155]","[48, 107, 52]","[133, 171, 134]","[26, 55, 27]","[149, 132, 131]","[156, 163, 155]","[114, 115, 116]"
963,"[32, 76, 75]","[148, 146, 81]","[26, 162, 18]","[126, 85, 59]","[83, 124, 82]","[70, 175, 174]","[161, 62, 60]","[5, 151, 133]","[1, 124, 125]","[174, 148, 173]","[0, 7, 8]","[180, 178, 177]"
964,"[21, 88, 89]","[156, 155, 154]","[173, 166, 172]","[37, 36, 35]","[5, 26, 4]","[58, 144, 57]","[180, 102, 82]","[66, 129, 65]","[31, 10, 9]","[77, 75, 76]","[0, 6, 1]","[135, 111, 137]"
965,"[176, 170, 171]","[102, 103, 101]","[178, 29, 8]","[61, 60, 165]","[171, 151, 170]","[91, 29, 94]","[55, 140, 14]","[118, 119, 120]","[150, 9, 8]","[162, 160, 163]","[170, 176, 171]","[65, 23, 116]"
966,"[138, 55, 56]","[160, 161, 159]","[71, 154, 124]","[100, 94, 36]","[32, 86, 174]","[78, 144, 81]","[111, 75, 110]","[24, 25, 22]","[88, 32, 86]","[175, 134, 139]","[31, 25, 19]","[87, 58, 88]"
967,"[15, 42, 41]","[157, 156, 177]","[15, 73, 32]","[63, 156, 96]","[11, 159, 158]","[47, 46, 48]","[35, 14, 15]","[137, 148, 150]","[89, 26, 88]","[44, 46, 49]","[19, 30, 28]","[110, 175, 177]"
968,"[152, 73, 153]","[62, 95, 97]","[70, 99, 111]","[170, 166, 31]","[78, 5, 77]","[12, 13, 139]","[67, 12, 179]","[3, 2, 1]","[1, 34, 0]","[14, 89, 13]","[144, 2, 146]","[111, 3, 131]"
969,"[91, 16, 1]","[108, 105, 169]","[0, 6, 15]","[32, 31, 28]","[88, 25, 89]","[105, 103, 51]","[1, 64, 124]","[153, 106, 104]","[5, 85, 4]","[104, 178, 173]","[122, 116, 119]","[156, 157, 155]"
970,"[177, 60, 62]","[82, 24, 81]","[56, 179, 180]","[75, 76, 80]","[49, 126, 127]","[103, 150, 69]","[39, 119, 99]","[143, 73, 20]","[89, 40, 112]","[159, 151, 169]","[156, 34, 6]","[67, 68, 92]"
971,"[21, 165, 20]","[123, 59, 122]","[0, 132, 133]","[75, 166, 165]","[7, 86, 8]","[18, 17, 16]","[13, 123, 14]","[56, 176, 54]","[47, 15, 132]","[104, 105, 103]","[178, 15, 19]","[46, 95, 47]"
972,"[6, 12, 13]","[72, 73, 75]","[0, 58, 59]","[25, 24, 158]","[90, 131, 132]","[31, 30, 176]","[152, 69, 157]","[38, 35, 125]","[152, 8, 153]","[82, 79, 87]","[66, 113, 67]","[141, 162, 161]"
973,"[117, 143, 118]","[128, 129, 130]","[65, 117, 1]","[174, 86, 147]","[175, 102, 118]","[20, 21, 16]","[104, 134, 106]","[45, 168, 166]","[175, 102, 118]","[42, 44, 16]","[5, 12, 6]","[46, 47, 45]"
974,"[79, 58, 72]","[138, 174, 137]","[22, 49, 21]","[111, 112, 136]","[123, 17, 122]","[159, 160, 149]","[2, 144, 167]","[72, 71, 70]","[28, 172, 27]","[39, 42, 139]","[58, 49, 30]","[147, 103, 97]"
975,"[51, 165, 50]","[30, 147, 146]","[81, 12, 37]","[163, 161, 164]","[177, 16, 178]","[74, 75, 118]","[39, 142, 141]","[172, 103, 104]","[16, 177, 179]","[29, 30, 28]","[31, 20, 27]","[87, 108, 104]"
976,"[100, 173, 172]","[132, 131, 129]","[97, 46, 45]","[77, 76, 79]","[25, 154, 24]","[68, 66, 67]","[106, 32, 31]","[39, 15, 2]","[170, 40, 25]","[67, 69, 60]","[10, 16, 15]","[155, 177, 176]"
977,"[135, 159, 160]","[50, 52, 51]","[38, 74, 75]","[55, 146, 147]","[112, 11, 143]","[77, 78, 151]","[107, 172, 106]","[79, 154, 69]","[18, 143, 169]","[84, 85, 89]","[180, 174, 167]","[142, 158, 159]"
978,"[124, 149, 148]","[76, 177, 75]","[97, 23, 96]","[166, 167, 168]","[1, 47, 0]","[152, 62, 141]","[102, 28, 29]","[145, 87, 146]","[77, 111, 174]","[150, 35, 151]","[119, 151, 180]","[0, 42, 41]"
979,"[51, 134, 50]","[13, 175, 77]","[0, 156, 116]","[27, 53, 61]","[89, 132, 148]","[162, 161, 160]","[99, 151, 150]","[30, 31, 101]","[59, 144, 137]","[162, 163, 161]","[3, 21, 2]","[93, 83, 92]"
980,"[174, 113, 114]","[98, 100, 102]","[22, 1, 2]","[107, 61, 116]","[115, 59, 113]","[42, 147, 97]","[107, 120, 106]","[172, 174, 173]","[57, 113, 56]","[147, 79, 90]","[108, 160, 158]","[85, 86, 84]"
981,"[175, 17, 10]","[125, 141, 120]","[145, 35, 31]","[43, 48, 49]","[132, 96, 134]","[3, 151, 147]","[70, 172, 75]","[107, 41, 0]","[99, 135, 98]","[145, 4, 150]","[119, 113, 120]","[56, 70, 71]"
982,"[153, 48, 45]","[117, 118, 115]","[0, 89, 88]","[19, 60, 20]","[178, 139, 135]","[106, 105, 108]","[99, 32, 178]","[158, 157, 126]","[11, 134, 12]","[111, 118, 152]","[148, 158, 149]","[123, 126, 124]"
983,"[169, 10, 168]","[68, 69, 70]","[104, 68, 84]","[147, 148, 143]","[31, 97, 98]","[54, 126, 172]","[149, 32, 33]","[55, 128, 116]","[73, 102, 50]","[145, 124, 123]","[3, 15, 2]","[100, 99, 101]"
984,"[169, 62, 66]","[74, 76, 81]","[135, 14, 134]","[79, 31, 97]","[124, 158, 125]","[169, 168, 170]","[85, 112, 180]","[17, 18, 13]","[0, 150, 23]","[60, 18, 78]","[106, 148, 147]","[36, 37, 38]"
985,"[21, 128, 153]","[113, 107, 134]","[154, 10, 155]","[105, 43, 44]","[152, 92, 151]","[179, 178, 143]","[73, 145, 74]","[177, 176, 1]","[153, 24, 154]","[143, 144, 9]","[0, 13, 12]","[138, 135, 146]"
986,"[7, 13, 5]","[180, 145, 148]","[0, 115, 159]","[100, 91, 64]","[65, 21, 179]","[96, 97, 99]","[120, 150, 148]","[127, 125, 96]","[65, 21, 107]","[157, 158, 143]","[176, 106, 172]","[146, 145, 144]"
987,"[91, 47, 43]","[101, 102, 164]","[176, 42, 177]","[136, 135, 137]","[50, 10, 169]","[82, 53, 80]","[97, 142, 177]","[170, 167, 169]","[147, 124, 77]","[15, 14, 75]","[30, 13, 6]","[43, 40, 42]"
988,"[141, 121, 120]","[101, 41, 99]","[49, 112, 50]","[140, 143, 144]","[0, 175, 1]","[137, 146, 145]","[98, 172, 99]","[73, 137, 76]","[2, 177, 131]","[141, 140, 142]","[0, 179, 180]","[124, 125, 123]"
989,"[156, 7, 157]","[16, 17, 18]","[163, 99, 98]","[30, 28, 31]","[59, 7, 46]","[92, 93, 118]","[155, 112, 0]","[11, 10, 9]","[70, 126, 38]","[86, 87, 88]","[173, 86, 172]","[49, 48, 50]"
990,"[145, 170, 139]","[57, 58, 41]","[72, 133, 52]","[44, 142, 118]","[180, 94, 178]","[46, 73, 72]","[155, 54, 154]","[120, 119, 121]","[180, 94, 178]","[46, 73, 72]","[0, 6, 1]","[39, 40, 10]"
991,"[50, 10, 49]","[70, 78, 76]","[72, 142, 55]","[48, 84, 147]","[178, 8, 180]","[78, 77, 81]","[74, 43, 174]","[179, 5, 180]","[129, 178, 179]","[36, 102, 67]","[26, 15, 16]","[41, 129, 122]"
992,"[151, 162, 150]","[89, 87, 88]","[2, 128, 1]","[88, 57, 56]","[171, 104, 172]","[89, 88, 92]","[0, 79, 5]","[142, 50, 51]","[111, 13, 14]","[89, 177, 134]","[177, 149, 0]","[57, 72, 56]"
993,"[148, 70, 152]","[132, 118, 139]","[46, 148, 16]","[101, 102, 166]","[144, 99, 88]","[166, 171, 172]","[141, 47, 142]","[15, 21, 20]","[51, 12, 13]","[170, 166, 171]","[86, 92, 88]","[168, 167, 169]"
994,"[113, 31, 34]","[45, 44, 154]","[29, 111, 40]","[147, 149, 150]","[54, 33, 34]","[60, 13, 123]","[21, 168, 142]","[4, 9, 156]","[70, 80, 81]","[97, 95, 96]","[180, 174, 173]","[152, 115, 151]"
995,"[105, 25, 85]","[102, 103, 158]","[92, 38, 91]","[132, 7, 133]","[179, 92, 178]","[119, 170, 65]","[66, 156, 98]","[141, 21, 142]","[179, 92, 178]","[119, 65, 80]","[4, 11, 5]","[112, 114, 111]"
996,"[20, 142, 18]","[101, 109, 161]","[134, 165, 164]","[87, 91, 73]","[170, 26, 25]","[140, 138, 141]","[17, 95, 19]","[121, 7, 120]","[180, 34, 179]","[142, 134, 133]","[148, 141, 147]","[97, 95, 96]"
997,"[172, 28, 27]","[4, 88, 143]","[73, 5, 75]","[172, 59, 60]","[52, 91, 90]","[124, 129, 145]","[176, 118, 175]","[41, 39, 38]","[91, 51, 58]","[145, 144, 141]","[104, 98, 103]","[144, 160, 143]"
998,"[106, 130, 105]","[44, 117, 180]","[34, 100, 35]","[137, 117, 63]","[0, 11, 15]","[42, 46, 90]","[26, 93, 29]","[42, 141, 146]","[15, 7, 32]","[47, 46, 171]","[121, 115, 120]","[28, 112, 27]"
999,"[61, 95, 60]","[176, 138, 178]","[16, 160, 24]","[129, 120, 93]","[165, 21, 163]","[100, 99, 44]","[36, 132, 35]","[173, 25, 166]","[23, 53, 25]","[143, 144, 140]","[4, 12, 3]","[148, 147, 74]"
1000,"[26, 154, 130]","[115, 116, 56]","[50, 154, 49]","[166, 168, 178]","[165, 11, 26]","[36, 34, 35]","[58, 158, 57]","[23, 15, 8]","[26, 73, 70]","[140, 141, 139]","[1, 11, 0]","[154, 158, 155]"
1001,"[173, 50, 51]","[66, 140, 148]","[95, 13, 77]","[27, 26, 25]","[25, 171, 23]","[136, 94, 180]","[153, 77, 28]","[13, 69, 71]","[176, 109, 177]","[136, 15, 6]","[0, 24, 158]","[33, 34, 32]"
1002,"[166, 4, 167]","[161, 157, 158]","[2, 127, 146]","[78, 20, 16]","[43, 2, 50]","[63, 61, 62]","[144, 80, 145]","[14, 12, 31]","[47, 2, 1]","[61, 102, 60]","[14, 133, 137]","[102, 99, 100]"
1003,"[4, 17, 16]","[123, 92, 94]","[1, 19, 97]","[101, 151, 150]","[7, 59, 6]","[131, 129, 128]","[67, 19, 66]","[119, 118, 120]","[59, 7, 8]","[129, 131, 128]","[140, 146, 141]","[81, 83, 82]"
1004,"[168, 178, 174]","[129, 135, 134]","[83, 138, 81]","[29, 92, 147]","[171, 27, 172]","[138, 0, 1]","[99, 50, 101]","[178, 179, 180]","[23, 167, 26]","[107, 93, 91]","[0, 6, 1]","[95, 94, 97]"
1005,"[26, 63, 62]","[161, 121, 136]","[116, 7, 90]","[180, 179, 178]","[157, 151, 158]","[79, 58, 102]","[63, 27, 26]","[123, 179, 122]","[172, 151, 170]","[124, 70, 69]","[115, 121, 124]","[150, 85, 74]"
1006,"[43, 9, 42]","[126, 157, 64]","[176, 164, 177]","[14, 43, 92]","[35, 102, 36]","[79, 124, 171]","[34, 101, 33]","[76, 69, 96]","[57, 167, 56]","[81, 82, 85]","[19, 30, 15]","[133, 134, 132]"
1007,"[169, 35, 48]","[144, 141, 143]","[31, 175, 79]","[162, 163, 155]","[127, 100, 114]","[26, 131, 34]","[111, 122, 121]","[180, 179, 74]","[114, 13, 151]","[130, 174, 51]","[155, 149, 154]","[22, 23, 34]"
1008,"[130, 5, 129]","[106, 180, 107]","[34, 92, 112]","[122, 121, 0]","[24, 151, 23]","[104, 180, 131]","[32, 172, 49]","[91, 76, 11]","[22, 164, 36]","[77, 79, 80]","[6, 12, 5]","[121, 122, 123]"
1009,"[47, 71, 46]","[111, 109, 110]","[180, 35, 176]","[140, 110, 138]","[34, 176, 31]","[65, 99, 98]","[179, 168, 180]","[90, 84, 60]","[115, 135, 118]","[12, 11, 13]","[20, 4, 21]","[91, 108, 88]"
1010,"[21, 99, 123]","[87, 85, 81]","[57, 177, 4]","[70, 72, 73]","[101, 74, 73]","[157, 130, 158]","[32, 96, 34]","[152, 153, 151]","[89, 61, 90]","[7, 140, 124]","[16, 8, 15]","[45, 46, 44]"
1011,"[53, 65, 50]","[77, 147, 19]","[3, 16, 2]","[65, 66, 90]","[167, 20, 19]","[84, 142, 143]","[53, 161, 56]","[41, 10, 7]","[180, 116, 179]","[85, 143, 138]","[43, 35, 37]","[69, 68, 67]"
1012,"[117, 35, 120]","[52, 99, 134]","[59, 166, 60]","[132, 53, 54]","[81, 158, 3]","[174, 155, 45]","[15, 87, 86]","[109, 111, 112]","[156, 80, 157]","[45, 47, 171]","[177, 10, 178]","[14, 15, 20]"
1013,"[52, 162, 38]","[112, 117, 76]","[17, 6, 18]","[158, 157, 93]","[15, 176, 177]","[36, 48, 27]","[35, 164, 180]","[107, 56, 111]","[99, 52, 122]","[9, 11, 12]","[1, 19, 0]","[52, 50, 51]"
1014,"[106, 28, 107]","[148, 146, 149]","[27, 135, 136]","[73, 99, 173]","[160, 8, 159]","[72, 74, 71]","[20, 127, 128]","[144, 142, 149]","[85, 96, 0]","[148, 29, 147]","[0, 6, 1]","[138, 51, 52]"
1015,"[23, 162, 103]","[4, 112, 129]","[149, 3, 150]","[99, 145, 98]","[179, 39, 125]","[165, 175, 144]","[84, 155, 80]","[179, 29, 4]","[26, 123, 27]","[51, 48, 55]","[153, 119, 118]","[56, 53, 54]"
1016,"[166, 179, 167]","[14, 12, 13]","[83, 19, 20]","[12, 11, 179]","[106, 77, 61]","[176, 174, 175]","[155, 11, 156]","[128, 29, 28]","[105, 76, 104]","[176, 177, 96]","[110, 116, 109]","[91, 92, 90]"
1017,"[28, 108, 109]","[47, 52, 8]","[95, 62, 96]","[124, 125, 126]","[36, 146, 31]","[123, 121, 124]","[155, 99, 154]","[176, 174, 175]","[100, 155, 101]","[179, 180, 178]","[24, 11, 25]","[115, 124, 119]"
1018,"[156, 12, 157]","[122, 129, 127]","[179, 32, 72]","[174, 97, 173]","[0, 44, 99]","[169, 162, 165]","[149, 175, 74]","[117, 55, 116]","[127, 154, 123]","[88, 89, 90]","[92, 98, 89]","[12, 144, 11]"
1019,"[25, 18, 30]","[144, 145, 33]","[5, 19, 156]","[177, 176, 95]","[21, 165, 22]","[147, 140, 136]","[23, 10, 9]","[156, 126, 125]","[160, 16, 159]","[136, 137, 138]","[35, 29, 36]","[109, 108, 106]"
1020,"[27, 11, 68]","[73, 20, 74]","[43, 52, 51]","[117, 116, 81]","[19, 37, 36]","[142, 115, 117]","[11, 54, 53]","[98, 103, 104]","[91, 24, 18]","[165, 167, 84]","[45, 29, 30]","[80, 81, 82]"
1021,"[6, 34, 36]","[82, 90, 125]","[88, 161, 66]","[180, 58, 147]","[151, 27, 150]","[55, 154, 85]","[15, 21, 22]","[137, 136, 135]","[16, 109, 42]","[0, 89, 1]","[180, 174, 173]","[128, 129, 127]"
1022,"[109, 174, 108]","[95, 58, 59]","[90, 13, 88]","[37, 177, 178]","[75, 53, 68]","[122, 123, 121]","[136, 49, 135]","[70, 20, 102]","[21, 50, 20]","[107, 41, 135]","[169, 89, 88]","[37, 36, 34]"
1023,"[132, 66, 152]","[172, 173, 84]","[30, 144, 29]","[95, 92, 94]","[5, 16, 13]","[121, 90, 139]","[53, 101, 54]","[144, 174, 143]","[10, 19, 41]","[34, 80, 113]","[3, 16, 4]","[116, 92, 91]"
1024,"[77, 142, 146]","[118, 117, 116]","[3, 119, 2]","[68, 136, 69]","[161, 40, 163]","[75, 68, 74]","[48, 156, 155]","[34, 170, 171]","[161, 41, 162]","[100, 74, 134]","[44, 25, 26]","[92, 144, 87]"
1025,"[84, 129, 83]","[67, 68, 65]","[143, 36, 141]","[77, 78, 96]","[64, 149, 37]","[49, 157, 50]","[96, 127, 27]","[52, 144, 145]","[129, 164, 130]","[34, 135, 30]","[158, 151, 152]","[91, 137, 138]"
1026,"[155, 12, 161]","[115, 120, 47]","[124, 35, 161]","[13, 14, 139]","[79, 158, 80]","[147, 144, 146]","[179, 138, 139]","[65, 61, 133]","[99, 63, 62]","[166, 168, 164]","[156, 162, 115]","[32, 29, 33]"
1027,"[66, 7, 6]","[100, 96, 98]","[178, 77, 78]","[71, 119, 144]","[3, 62, 0]","[85, 145, 83]","[70, 149, 69]","[41, 38, 37]","[177, 101, 176]","[5, 4, 147]","[25, 12, 26]","[58, 105, 104]"
1028,"[24, 101, 26]","[71, 83, 144]","[79, 122, 80]","[41, 147, 8]","[81, 26, 116]","[84, 87, 85]","[11, 155, 156]","[164, 147, 90]","[97, 4, 95]","[46, 123, 44]","[172, 178, 177]","[103, 104, 102]"
1029,"[11, 72, 41]","[135, 159, 158]","[163, 122, 0]","[76, 75, 74]","[29, 55, 49]","[159, 123, 42]","[137, 89, 138]","[153, 154, 36]","[55, 29, 49]","[123, 42, 159]","[159, 16, 0]","[58, 115, 41]"
1030,"[105, 4, 110]","[137, 136, 161]","[108, 12, 109]","[46, 144, 160]","[170, 51, 1]","[125, 119, 127]","[173, 117, 137]","[0, 67, 1]","[44, 80, 45]","[120, 124, 123]","[173, 179, 180]","[21, 144, 22]"
1031,"[155, 11, 154]","[94, 133, 98]","[29, 173, 28]","[143, 137, 133]","[178, 141, 49]","[149, 10, 150]","[48, 158, 119]","[46, 43, 42]","[48, 157, 144]","[39, 16, 38]","[155, 149, 154]","[93, 175, 87]"
1032,"[65, 77, 78]","[29, 28, 106]","[59, 33, 173]","[3, 4, 140]","[50, 25, 49]","[153, 152, 138]","[88, 57, 179]","[147, 150, 149]","[24, 49, 48]","[101, 99, 100]","[28, 34, 35]","[156, 133, 106]"
1033,"[163, 84, 85]","[153, 98, 97]","[155, 2, 41]","[101, 104, 140]","[119, 80, 25]","[75, 178, 47]","[100, 165, 99]","[119, 4, 155]","[168, 89, 167]","[75, 70, 71]","[47, 35, 46]","[67, 70, 71]"
1034,"[21, 146, 147]","[0, 6, 5]","[158, 70, 98]","[143, 144, 142]","[118, 88, 117]","[170, 171, 172]","[78, 57, 158]","[126, 129, 127]","[180, 167, 106]","[27, 130, 51]","[0, 6, 1]","[116, 115, 113]"
1035,"[22, 72, 23]","[34, 33, 10]","[34, 16, 15]","[136, 70, 68]","[87, 156, 86]","[101, 104, 102]","[114, 15, 116]","[102, 99, 101]","[165, 46, 166]","[8, 99, 52]","[0, 13, 12]","[168, 90, 98]"
1036,"[134, 177, 133]","[87, 112, 15]","[163, 86, 85]","[113, 114, 112]","[27, 91, 24]","[56, 57, 148]","[128, 170, 131]","[54, 53, 91]","[158, 113, 134]","[11, 13, 12]","[1, 22, 0]","[166, 165, 163]"
1037,"[28, 11, 30]","[124, 123, 125]","[151, 7, 152]","[177, 176, 166]","[81, 162, 163]","[113, 15, 112]","[126, 47, 125]","[85, 83, 86]","[180, 109, 39]","[14, 12, 17]","[0, 16, 1]","[30, 81, 82]"
1038,"[22, 166, 21]","[85, 88, 87]","[149, 40, 36]","[104, 90, 105]","[26, 93, 21]","[83, 81, 80]","[158, 14, 13]","[89, 90, 85]","[20, 5, 6]","[59, 136, 58]","[21, 27, 26]","[28, 178, 179]"
1039,"[41, 157, 158]","[21, 22, 147]","[109, 148, 24]","[128, 136, 127]","[173, 29, 28]","[115, 86, 116]","[73, 19, 69]","[133, 134, 135]","[1, 14, 79]","[11, 10, 115]","[0, 6, 7]","[99, 100, 30]"
1040,"[57, 148, 58]","[69, 99, 67]","[149, 9, 21]","[154, 119, 26]","[165, 77, 75]","[153, 129, 152]","[127, 26, 144]","[78, 168, 79]","[56, 110, 57]","[142, 144, 140]","[5, 23, 22]","[39, 40, 127]"
1041,"[123, 48, 47]","[164, 146, 25]","[11, 169, 12]","[45, 43, 38]","[0, 27, 2]","[80, 81, 180]","[3, 16, 180]","[139, 141, 140]","[142, 17, 141]","[127, 126, 125]","[104, 138, 137]","[38, 39, 40]"
1042,"[101, 14, 100]","[124, 125, 123]","[0, 147, 136]","[39, 48, 41]","[118, 14, 15]","[179, 7, 178]","[124, 10, 70]","[63, 102, 101]","[53, 141, 52]","[39, 177, 38]","[0, 6, 7]","[93, 149, 150]"
1043,"[96, 27, 107]","[14, 33, 161]","[166, 7, 134]","[71, 36, 50]","[30, 175, 29]","[52, 53, 57]","[52, 148, 145]","[64, 63, 59]","[159, 22, 23]","[57, 59, 58]","[2, 118, 3]","[54, 50, 52]"
1044,"[54, 176, 177]","[142, 143, 144]","[168, 8, 6]","[34, 108, 26]","[52, 80, 51]","[121, 151, 164]","[120, 134, 169]","[58, 72, 56]","[78, 50, 49]","[108, 111, 96]","[15, 31, 30]","[164, 163, 166]"
1045,"[135, 9, 180]","[122, 119, 123]","[27, 171, 28]","[48, 49, 126]","[10, 46, 45]","[114, 137, 113]","[93, 43, 92]","[103, 102, 120]","[17, 65, 18]","[5, 69, 171]","[111, 120, 119]","[2, 10, 3]"
1046,"[120, 38, 119]","[8, 11, 7]","[68, 14, 60]","[143, 144, 149]","[63, 108, 145]","[89, 88, 81]","[1, 144, 78]","[169, 170, 155]","[119, 150, 30]","[8, 7, 101]","[180, 3, 179]","[111, 120, 110]"
1047,"[167, 110, 122]","[35, 23, 34]","[3, 127, 101]","[153, 154, 50]","[9, 50, 10]","[98, 100, 99]","[15, 64, 14]","[48, 46, 45]","[157, 136, 137]","[110, 117, 109]","[14, 7, 8]","[133, 131, 132]"
1048,"[1, 175, 0]","[72, 75, 122]","[102, 6, 104]","[47, 110, 165]","[133, 175, 149]","[82, 80, 77]","[49, 8, 83]","[125, 126, 127]","[149, 137, 2]","[96, 80, 82]","[8, 48, 56]","[141, 143, 142]"
1049,"[67, 19, 66]","[160, 37, 125]","[139, 63, 67]","[37, 178, 53]","[89, 50, 55]","[112, 111, 158]","[144, 67, 143]","[83, 82, 74]","[143, 10, 16]","[118, 23, 115]","[180, 138, 135]","[170, 163, 112]"
1050,"[168, 24, 25]","[62, 63, 6]","[131, 18, 19]","[86, 116, 85]","[129, 144, 143]","[57, 56, 55]","[23, 169, 24]","[98, 99, 13]","[29, 173, 28]","[64, 115, 116]","[146, 170, 143]","[147, 19, 25]"
1051,"[1, 178, 0]","[123, 124, 99]","[162, 18, 161]","[58, 57, 96]","[54, 10, 53]","[173, 167, 170]","[9, 63, 64]","[26, 118, 125]","[61, 138, 109]","[2, 3, 175]","[28, 13, 27]","[93, 94, 95]"
1052,"[8, 70, 71]","[123, 49, 48]","[27, 171, 160]","[143, 145, 144]","[3, 44, 178]","[51, 52, 38]","[81, 163, 100]","[90, 92, 57]","[84, 42, 116]","[11, 9, 10]","[1, 8, 165]","[119, 121, 120]"
1053,"[50, 173, 49]","[63, 2, 163]","[4, 98, 99]","[151, 152, 135]","[26, 179, 180]","[165, 46, 169]","[41, 8, 163]","[93, 96, 37]","[176, 169, 175]","[68, 44, 43]","[0, 6, 163]","[49, 34, 62]"
1054,"[108, 156, 107]","[98, 85, 86]","[7, 95, 8]","[42, 43, 41]","[67, 48, 66]","[152, 151, 149]","[151, 171, 150]","[50, 49, 51]","[38, 57, 58]","[3, 122, 2]","[0, 11, 12]","[93, 160, 60]"
1055,"[54, 10, 55]","[96, 95, 94]","[25, 86, 85]","[75, 76, 77]","[21, 88, 90]","[69, 77, 70]","[87, 26, 86]","[180, 47, 130]","[36, 106, 37]","[12, 69, 77]","[3, 10, 1]","[44, 46, 45]"
1056,"[127, 146, 126]","[166, 79, 35]","[32, 128, 127]","[86, 76, 85]","[20, 14, 180]","[61, 173, 62]","[156, 149, 151]","[1, 5, 4]","[103, 21, 30]","[142, 117, 61]","[124, 118, 123]","[147, 148, 38]"
1057,"[162, 112, 163]","[28, 29, 139]","[3, 109, 1]","[162, 169, 46]","[0, 153, 3]","[17, 166, 123]","[109, 124, 108]","[56, 65, 55]","[53, 149, 113]","[166, 123, 144]","[33, 44, 43]","[167, 168, 166]"
1058,"[178, 161, 155]","[134, 132, 47]","[20, 160, 159]","[143, 78, 144]","[153, 124, 125]","[2, 174, 169]","[87, 80, 101]","[136, 137, 138]","[100, 143, 102]","[170, 2, 3]","[136, 165, 160]","[84, 63, 86]"
1059,"[58, 109, 108]","[86, 126, 127]","[39, 139, 54]","[77, 76, 75]","[53, 94, 54]","[170, 108, 169]","[144, 174, 145]","[6, 7, 5]","[48, 89, 51]","[71, 12, 69]","[43, 49, 42]","[70, 69, 71]"
1060,"[146, 7, 145]","[136, 135, 134]","[171, 27, 160]","[104, 103, 150]","[60, 15, 61]","[150, 149, 148]","[128, 97, 129]","[135, 52, 53]","[52, 7, 26]","[151, 141, 150]","[1, 22, 0]","[142, 141, 149]"
1061,"[90, 163, 162]","[5, 4, 127]","[88, 7, 89]","[3, 30, 110]","[151, 129, 150]","[12, 13, 20]","[106, 51, 105]","[172, 170, 113]","[128, 150, 129]","[21, 19, 20]","[129, 18, 128]","[69, 68, 109]"
1062,"[35, 164, 163]","[113, 42, 41]","[140, 36, 34]","[76, 60, 78]","[72, 11, 73]","[85, 84, 83]","[0, 125, 1]","[113, 114, 112]","[49, 10, 48]","[180, 26, 178]","[0, 24, 23]","[179, 163, 126]"
1063,"[20, 164, 163]","[137, 136, 139]","[179, 16, 15]","[23, 152, 150]","[43, 159, 180]","[61, 80, 73]","[18, 124, 102]","[173, 171, 172]","[124, 56, 147]","[115, 116, 113]","[1, 99, 5]","[119, 113, 117]"
1064,"[18, 9, 10]","[163, 164, 162]","[135, 112, 111]","[131, 130, 61]","[83, 37, 28]","[177, 176, 49]","[2, 174, 56]","[25, 162, 78]","[93, 36, 83]","[172, 24, 42]","[0, 15, 16]","[47, 174, 178]"
1065,"[112, 179, 111]","[76, 74, 81]","[177, 110, 178]","[86, 117, 85]","[138, 121, 136]","[173, 66, 77]","[89, 4, 43]","[148, 143, 85]","[127, 167, 7]","[77, 81, 45]","[180, 174, 173]","[38, 90, 88]"
1066,"[166, 78, 180]","[131, 110, 111]","[122, 65, 121]","[97, 150, 154]","[180, 50, 124]","[147, 88, 135]","[84, 117, 116]","[128, 136, 135]","[180, 50, 49]","[3, 4, 0]","[166, 175, 167]","[67, 158, 92]"
1067,"[28, 172, 26]","[12, 143, 144]","[37, 123, 122]","[167, 168, 78]","[89, 58, 90]","[113, 141, 112]","[148, 61, 121]","[94, 96, 91]","[89, 58, 88]","[149, 172, 106]","[44, 31, 43]","[67, 114, 68]"
1068,"[48, 66, 20]","[13, 16, 14]","[89, 8, 172]","[76, 78, 74]","[90, 24, 89]","[178, 134, 180]","[142, 100, 141]","[5, 54, 4]","[172, 53, 51]","[179, 18, 17]","[34, 42, 40]","[177, 49, 176]"
1069,"[91, 49, 47]","[143, 145, 144]","[125, 10, 124]","[59, 37, 60]","[28, 54, 7]","[159, 160, 82]","[6, 118, 5]","[155, 167, 86]","[0, 78, 178]","[70, 47, 69]","[0, 24, 1]","[158, 159, 154]"
1070,"[127, 89, 90]","[95, 21, 13]","[24, 102, 0]","[76, 140, 135]","[134, 49, 133]","[13, 141, 143]","[27, 105, 26]","[85, 59, 115]","[49, 134, 48]","[14, 98, 13]","[146, 140, 142]","[85, 83, 84]"
1071,"[161, 36, 35]","[1, 2, 153]","[1, 20, 0]","[87, 89, 88]","[162, 22, 23]","[41, 51, 40]","[29, 177, 30]","[131, 145, 123]","[48, 128, 22]","[94, 93, 91]","[9, 21, 10]","[76, 97, 100]"
1072,"[180, 157, 51]","[121, 120, 162]","[90, 23, 19]","[148, 177, 38]","[169, 25, 26]","[31, 32, 91]","[96, 19, 18]","[30, 156, 29]","[80, 165, 79]","[30, 93, 48]","[26, 9, 27]","[80, 77, 76]"
1073,"[154, 115, 153]","[19, 20, 24]","[149, 5, 3]","[117, 118, 119]","[27, 11, 20]","[107, 125, 106]","[98, 149, 148]","[13, 136, 11]","[36, 5, 1]","[160, 158, 159]","[180, 166, 169]","[122, 123, 124]"
1074,"[1, 107, 158]","[65, 61, 50]","[90, 10, 89]","[123, 126, 42]","[112, 139, 21]","[141, 142, 36]","[0, 51, 31]","[67, 70, 87]","[56, 13, 18]","[105, 159, 106]","[20, 14, 17]","[64, 60, 56]"
1075,"[50, 5, 51]","[31, 148, 135]","[71, 152, 69]","[171, 170, 174]","[126, 56, 18]","[144, 152, 140]","[151, 73, 72]","[95, 96, 97]","[109, 81, 82]","[169, 168, 40]","[56, 128, 127]","[28, 106, 165]"
1076,"[4, 16, 18]","[97, 98, 104]","[176, 116, 80]","[28, 27, 31]","[96, 150, 46]","[2, 132, 27]","[35, 42, 178]","[10, 98, 9]","[3, 151, 97]","[63, 27, 105]","[180, 112, 42]","[76, 78, 77]"
1077,"[130, 9, 131]","[48, 49, 46]","[170, 26, 146]","[38, 83, 45]","[146, 176, 175]","[54, 164, 55]","[109, 14, 13]","[102, 148, 147]","[142, 172, 143]","[9, 80, 76]","[0, 6, 7]","[94, 93, 97]"
1078,"[98, 60, 95]","[160, 158, 21]","[77, 61, 62]","[164, 163, 162]","[46, 134, 31]","[15, 14, 141]","[135, 46, 118]","[15, 53, 18]","[46, 134, 133]","[19, 14, 16]","[5, 18, 1]","[151, 143, 137]"
1079,"[40, 9, 155]","[178, 179, 92]","[105, 11, 12]","[37, 39, 38]","[80, 109, 79]","[51, 52, 142]","[126, 76, 108]","[23, 24, 25]","[175, 46, 77]","[5, 16, 6]","[55, 63, 54]","[53, 123, 124]"
1080,"[2, 18, 1]","[55, 51, 82]","[1, 168, 172]","[142, 141, 19]","[162, 60, 13]","[43, 80, 83]","[15, 148, 14]","[90, 28, 89]","[59, 161, 57]","[0, 53, 5]","[0, 11, 1]","[162, 168, 163]"
1081,"[22, 166, 21]","[86, 99, 126]","[119, 160, 124]","[82, 175, 84]","[146, 112, 89]","[55, 54, 53]","[136, 78, 135]","[46, 85, 83]","[28, 89, 90]","[56, 54, 55]","[16, 7, 17]","[171, 175, 170]"
1082,"[180, 138, 28]","[146, 131, 33]","[78, 85, 83]","[116, 144, 69]","[77, 120, 78]","[130, 131, 172]","[161, 22, 21]","[44, 45, 119]","[83, 178, 135]","[129, 125, 46]","[159, 165, 0]","[69, 32, 31]"
1083,"[150, 6, 151]","[170, 169, 50]","[92, 143, 0]","[168, 159, 167]","[180, 69, 176]","[104, 129, 39]","[165, 176, 164]","[180, 151, 65]","[180, 69, 70]","[98, 104, 82]","[151, 157, 154]","[62, 88, 63]"
1084,"[166, 45, 163]","[110, 109, 108]","[21, 98, 99]","[118, 119, 123]","[79, 158, 157]","[98, 97, 99]","[145, 32, 144]","[111, 110, 169]","[83, 163, 84]","[107, 108, 104]","[18, 5, 6]","[33, 112, 111]"
1085,"[34, 92, 90]","[131, 132, 126]","[106, 23, 105]","[130, 0, 52]","[106, 159, 105]","[50, 44, 45]","[157, 104, 158]","[144, 165, 58]","[83, 147, 89]","[44, 50, 14]","[90, 55, 89]","[153, 150, 154]"
1086,"[128, 8, 0]","[120, 147, 52]","[26, 67, 49]","[35, 143, 34]","[115, 12, 87]","[1, 109, 54]","[85, 124, 86]","[29, 154, 156]","[87, 132, 88]","[6, 4, 3]","[162, 169, 168]","[82, 144, 81]"
1087,"[152, 8, 153]","[45, 47, 44]","[67, 149, 66]","[35, 179, 10]","[153, 66, 175]","[96, 88, 36]","[179, 85, 180]","[29, 2, 28]","[154, 173, 153]","[33, 46, 120]","[99, 14, 98]","[23, 74, 73]"
1088,"[136, 161, 137]","[54, 53, 56]","[85, 76, 179]","[47, 44, 48]","[178, 143, 180]","[28, 29, 24]","[126, 17, 125]","[31, 29, 115]","[69, 164, 70]","[92, 91, 87]","[4, 158, 1]","[44, 46, 65]"
1089,"[149, 161, 148]","[13, 65, 12]","[174, 52, 172]","[144, 93, 145]","[2, 117, 116]","[59, 121, 166]","[30, 94, 93]","[16, 18, 17]","[49, 110, 48]","[5, 128, 0]","[20, 6, 5]","[90, 152, 91]"
1090,"[3, 28, 2]","[154, 153, 148]","[33, 127, 34]","[44, 52, 57]","[178, 131, 177]","[44, 46, 34]","[177, 28, 178]","[62, 63, 64]","[180, 133, 132]","[86, 45, 154]","[2, 100, 3]","[144, 145, 151]"
1091,"[29, 23, 13]","[173, 127, 132]","[86, 27, 29]","[161, 160, 137]","[0, 46, 43]","[136, 139, 98]","[36, 78, 35]","[54, 18, 56]","[118, 155, 150]","[28, 27, 29]","[156, 150, 157]","[132, 41, 40]"
1092,"[164, 16, 143]","[74, 77, 76]","[83, 110, 87]","[162, 107, 129]","[10, 28, 116]","[43, 178, 177]","[144, 12, 142]","[129, 130, 131]","[142, 31, 41]","[178, 177, 176]","[60, 66, 67]","[141, 9, 179]"
1093,"[11, 155, 167]","[87, 84, 88]","[74, 27, 180]","[108, 62, 112]","[180, 13, 179]","[77, 167, 166]","[152, 18, 20]","[135, 116, 131]","[133, 154, 70]","[0, 5, 55]","[149, 155, 158]","[97, 96, 79]"
1094,"[131, 14, 13]","[37, 36, 47]","[45, 151, 132]","[33, 52, 51]","[131, 14, 133]","[159, 85, 86]","[27, 20, 136]","[67, 66, 116]","[48, 10, 49]","[180, 33, 86]","[0, 8, 1]","[31, 30, 107]"
1095,"[62, 126, 178]","[93, 22, 101]","[17, 95, 16]","[162, 163, 156]","[169, 86, 168]","[17, 41, 42]","[87, 33, 130]","[164, 168, 169]","[166, 124, 123]","[17, 18, 13]","[22, 7, 21]","[104, 105, 140]"
1096,"[32, 5, 35]","[61, 63, 62]","[156, 142, 41]","[108, 57, 168]","[5, 28, 26]","[115, 113, 127]","[117, 53, 116]","[66, 170, 171]","[92, 169, 137]","[159, 18, 178]","[0, 8, 10]","[93, 94, 89]"
1097,"[2, 85, 3]","[105, 106, 165]","[138, 177, 176]","[90, 88, 87]","[26, 7, 27]","[169, 152, 170]","[63, 144, 118]","[53, 42, 38]","[161, 108, 112]","[7, 156, 155]","[2, 13, 1]","[23, 58, 57]"
1098,"[85, 158, 97]","[146, 72, 73]","[154, 169, 168]","[48, 74, 47]","[167, 23, 22]","[86, 54, 53]","[153, 39, 152]","[91, 141, 142]","[73, 119, 74]","[142, 151, 136]","[40, 34, 33]","[91, 161, 92]"
1099,"[163, 130, 165]","[155, 35, 40]","[77, 179, 180]","[141, 140, 32]","[27, 66, 28]","[10, 99, 150]","[122, 144, 143]","[113, 112, 49]","[66, 27, 67]","[13, 99, 96]","[2, 9, 8]","[155, 156, 83]"
1100,"[128, 7, 127]","[77, 27, 70]","[30, 12, 14]","[123, 173, 172]","[167, 37, 166]","[94, 95, 92]","[44, 81, 174]","[111, 112, 109]","[42, 120, 41]","[95, 94, 46]","[163, 156, 162]","[102, 103, 97]"
1101,"[109, 60, 110]","[22, 23, 24]","[164, 154, 166]","[101, 99, 102]","[0, 92, 23]","[179, 180, 56]","[38, 164, 42]","[29, 30, 55]","[0, 92, 29]","[178, 15, 148]","[37, 31, 30]","[177, 176, 51]"
1102,"[13, 7, 153]","[170, 171, 169]","[111, 79, 110]","[131, 130, 129]","[48, 156, 49]","[171, 172, 173]","[154, 94, 5]","[86, 89, 87]","[95, 126, 91]","[58, 85, 115]","[66, 18, 175]","[9, 124, 102]"
1103,"[35, 119, 42]","[180, 175, 101]","[97, 6, 170]","[103, 75, 104]","[104, 40, 39]","[174, 173, 172]","[28, 177, 29]","[49, 50, 48]","[104, 41, 40]","[27, 26, 11]","[0, 16, 1]","[55, 135, 132]"
1104,"[180, 47, 87]","[33, 5, 14]","[6, 173, 174]","[103, 106, 105]","[94, 21, 95]","[137, 41, 138]","[150, 72, 73]","[158, 121, 124]","[156, 17, 15]","[42, 138, 137]","[173, 179, 172]","[118, 153, 152]"
1105,"[123, 74, 124]","[2, 134, 50]","[22, 175, 23]","[37, 40, 44]","[1, 21, 2]","[130, 131, 134]","[99, 67, 66]","[125, 127, 126]","[1, 21, 2]","[32, 104, 33]","[156, 150, 149]","[124, 123, 125]"
1106,"[9, 33, 35]","[87, 77, 102]","[109, 26, 13]","[62, 166, 9]","[7, 32, 33]","[167, 168, 166]","[6, 31, 30]","[83, 82, 84]","[1, 11, 2]","[142, 141, 140]","[0, 6, 1]","[76, 110, 113]"
1107,"[180, 155, 13]","[131, 149, 40]","[109, 12, 18]","[66, 40, 67]","[122, 6, 74]","[103, 104, 109]","[33, 178, 1]","[139, 115, 114]","[74, 144, 122]","[104, 103, 62]","[1, 17, 0]","[28, 27, 112]"
1108,"[102, 9, 104]","[127, 122, 113]","[116, 33, 84]","[65, 122, 121]","[151, 108, 179]","[30, 32, 33]","[84, 111, 83]","[64, 51, 52]","[94, 126, 125]","[32, 63, 30]","[178, 144, 177]","[73, 72, 71]"
1109,"[136, 167, 135]","[32, 120, 122]","[63, 142, 65]","[91, 37, 97]","[176, 30, 175]","[173, 2, 4]","[145, 59, 25]","[87, 103, 0]","[29, 175, 123]","[3, 2, 1]","[0, 21, 20]","[146, 147, 66]"
1110,"[170, 133, 169]","[0, 31, 151]","[147, 78, 130]","[33, 6, 108]","[146, 162, 150]","[8, 180, 9]","[29, 137, 61]","[73, 166, 147]","[144, 101, 145]","[61, 4, 54]","[0, 9, 8]","[148, 147, 27]"
1111,"[180, 147, 151]","[116, 117, 119]","[124, 167, 60]","[22, 41, 34]","[165, 21, 166]","[96, 150, 58]","[9, 83, 10]","[14, 13, 12]","[165, 30, 166]","[100, 101, 57]","[18, 8, 15]","[94, 95, 96]"
1112,"[105, 23, 106]","[134, 149, 31]","[56, 120, 59]","[38, 36, 37]","[109, 92, 93]","[69, 130, 74]","[152, 101, 151]","[132, 144, 145]","[34, 50, 51]","[176, 69, 177]","[2, 12, 1]","[93, 90, 88]"
1113,"[31, 53, 32]","[63, 110, 23]","[138, 27, 137]","[174, 180, 173]","[139, 131, 130]","[172, 173, 43]","[130, 35, 36]","[68, 157, 160]","[157, 117, 160]","[172, 43, 174]","[120, 6, 119]","[95, 94, 96]"
1114,"[117, 69, 110]","[73, 136, 137]","[166, 61, 60]","[118, 120, 121]","[114, 47, 115]","[133, 134, 132]","[55, 6, 171]","[142, 148, 143]","[49, 116, 142]","[99, 94, 96]","[161, 167, 166]","[91, 84, 108]"
1115,"[132, 46, 47]","[118, 30, 151]","[180, 9, 173]","[154, 132, 82]","[102, 34, 85]","[62, 63, 116]","[7, 26, 6]","[49, 48, 50]","[100, 177, 101]","[99, 2, 1]","[27, 39, 38]","[167, 168, 44]"
1116,"[1, 158, 2]","[133, 69, 179]","[92, 30, 31]","[123, 121, 171]","[98, 165, 99]","[23, 24, 32]","[24, 109, 105]","[7, 124, 3]","[120, 6, 121]","[80, 23, 55]","[0, 16, 15]","[92, 161, 159]"
1117,"[10, 122, 121]","[46, 47, 42]","[1, 131, 0]","[61, 60, 57]","[75, 59, 74]","[174, 180, 175]","[12, 128, 59]","[37, 76, 111]","[19, 82, 59]","[174, 165, 162]","[127, 17, 128]","[125, 74, 176]"
1118,"[34, 134, 133]","[76, 75, 74]","[11, 131, 1]","[148, 82, 147]","[180, 109, 43]","[88, 90, 89]","[31, 147, 90]","[81, 180, 179]","[2, 72, 1]","[95, 94, 93]","[21, 11, 22]","[47, 138, 139]"
1119,"[129, 27, 28]","[140, 137, 144]","[1, 75, 79]","[119, 118, 112]","[147, 61, 79]","[174, 175, 172]","[1, 81, 176]","[10, 9, 11]","[86, 173, 179]","[33, 48, 121]","[0, 9, 8]","[151, 152, 38]"
1120,"[180, 121, 152]","[92, 143, 87]","[24, 54, 154]","[122, 121, 119]","[0, 43, 1]","[153, 62, 151]","[150, 97, 170]","[107, 109, 114]","[49, 129, 1]","[62, 155, 61]","[76, 82, 75]","[127, 109, 110]"
1121,"[179, 150, 178]","[138, 52, 132]","[56, 127, 128]","[172, 4, 0]","[168, 178, 179]","[28, 29, 31]","[112, 165, 113]","[74, 76, 77]","[175, 167, 176]","[33, 28, 29]","[180, 167, 179]","[35, 34, 5]"
1122,"[78, 22, 80]","[13, 171, 14]","[160, 15, 162]","[98, 93, 45]","[93, 67, 144]","[1, 4, 42]","[8, 43, 46]","[143, 72, 71]","[68, 94, 95]","[8, 4, 1]","[109, 78, 8]","[25, 26, 23]"
1123,"[98, 19, 97]","[72, 71, 134]","[111, 139, 110]","[103, 104, 132]","[0, 97, 98]","[19, 18, 54]","[178, 171, 175]","[112, 131, 111]","[0, 97, 1]","[132, 138, 136]","[34, 40, 33]","[154, 153, 152]"
1124,"[116, 54, 52]","[63, 31, 62]","[137, 65, 66]","[102, 101, 74]","[20, 13, 36]","[59, 149, 148]","[168, 99, 98]","[120, 119, 121]","[169, 87, 168]","[53, 46, 49]","[1, 16, 2]","[168, 44, 106]"
1125,"[1, 63, 0]","[146, 155, 148]","[26, 133, 28]","[75, 111, 105]","[47, 7, 52]","[106, 113, 141]","[87, 57, 131]","[157, 163, 156]","[47, 8, 46]","[105, 104, 138]","[31, 25, 22]","[70, 121, 67]"
1126,"[136, 39, 38]","[142, 13, 141]","[31, 59, 30]","[172, 103, 147]","[158, 80, 156]","[36, 35, 34]","[118, 56, 59]","[142, 143, 1]","[150, 14, 83]","[95, 179, 97]","[37, 31, 38]","[138, 77, 78]"
1127,"[161, 168, 160]","[3, 81, 1]","[114, 88, 124]","[104, 102, 103]","[57, 109, 60]","[137, 138, 145]","[91, 110, 94]","[167, 168, 160]","[59, 8, 61]","[155, 137, 28]","[173, 100, 172]","[52, 51, 50]"
1128,"[49, 172, 173]","[113, 18, 14]","[165, 9, 166]","[179, 129, 128]","[0, 8, 13]","[110, 134, 133]","[131, 103, 132]","[0, 156, 158]","[176, 40, 154]","[93, 92, 95]","[20, 33, 11]","[73, 72, 141]"
1129,"[99, 151, 149]","[60, 64, 63]","[0, 153, 23]","[104, 103, 108]","[179, 135, 180]","[16, 13, 14]","[150, 93, 149]","[23, 25, 24]","[74, 161, 177]","[16, 14, 15]","[62, 56, 55]","[108, 109, 161]"
1130,"[135, 85, 134]","[162, 35, 157]","[63, 161, 144]","[100, 169, 43]","[160, 39, 38]","[138, 139, 107]","[87, 41, 88]","[106, 107, 8]","[81, 174, 63]","[169, 138, 45]","[2, 13, 1]","[90, 89, 64]"
1131,"[144, 24, 145]","[78, 79, 131]","[36, 93, 91]","[70, 7, 78]","[165, 3, 20]","[86, 114, 170]","[177, 112, 176]","[158, 142, 159]","[50, 16, 20]","[86, 172, 113]","[44, 38, 41]","[180, 178, 177]"
1132,"[76, 95, 73]","[147, 148, 146]","[65, 98, 96]","[39, 169, 177]","[152, 8, 151]","[104, 105, 135]","[73, 103, 41]","[147, 146, 144]","[72, 86, 87]","[29, 105, 36]","[131, 137, 132]","[32, 26, 49]"
1133,"[165, 148, 147]","[172, 171, 173]","[170, 112, 169]","[54, 42, 95]","[126, 37, 35]","[142, 143, 144]","[76, 105, 75]","[23, 86, 87]","[122, 32, 26]","[0, 1, 180]","[5, 15, 0]","[38, 43, 47]"
1134,"[24, 168, 26]","[91, 68, 72]","[95, 15, 29]","[176, 142, 67]","[175, 31, 99]","[63, 64, 62]","[73, 40, 72]","[29, 28, 94]","[97, 38, 29]","[161, 64, 79]","[30, 6, 4]","[60, 61, 76]"
1135,"[164, 85, 177]","[120, 121, 122]","[154, 114, 140]","[78, 81, 40]","[11, 67, 13]","[174, 51, 125]","[153, 65, 19]","[127, 172, 28]","[159, 61, 16]","[175, 53, 174]","[25, 5, 4]","[73, 74, 177]"
1136,"[11, 20, 23]","[142, 143, 141]","[23, 108, 126]","[100, 107, 102]","[31, 136, 32]","[63, 62, 113]","[125, 25, 107]","[16, 80, 41]","[71, 25, 24]","[147, 159, 158]","[27, 33, 34]","[115, 138, 114]"
1137,"[180, 104, 2]","[143, 142, 135]","[137, 44, 138]","[179, 125, 104]","[172, 33, 32]","[145, 144, 146]","[39, 4, 40]","[124, 109, 125]","[18, 68, 179]","[153, 1, 152]","[148, 172, 173]","[31, 30, 41]"
1138,"[104, 45, 105]","[132, 107, 134]","[158, 171, 157]","[41, 40, 62]","[105, 168, 106]","[65, 64, 63]","[177, 11, 12]","[138, 136, 134]","[106, 169, 105]","[160, 138, 137]","[132, 126, 131]","[54, 55, 53]"
1139,"[133, 173, 167]","[93, 94, 92]","[67, 144, 145]","[97, 105, 98]","[138, 26, 137]","[101, 98, 99]","[139, 21, 19]","[135, 138, 104]","[27, 139, 140]","[9, 16, 18]","[6, 17, 7]","[98, 97, 96]"
1140,"[46, 8, 47]","[144, 135, 143]","[155, 179, 178]","[57, 72, 109]","[177, 31, 178]","[37, 103, 106]","[116, 18, 74]","[100, 42, 95]","[159, 56, 55]","[64, 72, 71]","[0, 6, 1]","[139, 130, 141]"
1141,"[151, 4, 74]","[88, 93, 94]","[2, 97, 3]","[73, 74, 50]","[114, 20, 19]","[73, 81, 30]","[105, 30, 4]","[167, 137, 152]","[140, 3, 139]","[80, 31, 30]","[48, 32, 49]","[82, 83, 78]"
1142,"[19, 12, 18]","[163, 164, 165]","[107, 81, 71]","[60, 24, 7]","[179, 8, 180]","[34, 163, 126]","[108, 62, 87]","[106, 40, 39]","[89, 109, 96]","[0, 3, 4]","[163, 157, 180]","[50, 51, 52]"
1143,"[2, 155, 3]","[173, 129, 175]","[27, 171, 167]","[147, 84, 38]","[141, 55, 56]","[111, 109, 110]","[160, 41, 161]","[122, 111, 110]","[135, 14, 137]","[40, 41, 42]","[180, 169, 168]","[34, 0, 154]"
1144,"[89, 137, 90]","[47, 153, 48]","[4, 100, 5]","[110, 59, 26]","[176, 12, 177]","[168, 163, 57]","[148, 140, 147]","[119, 120, 26]","[102, 111, 118]","[133, 163, 169]","[1, 23, 0]","[121, 64, 72]"
1145,"[90, 34, 33]","[119, 112, 162]","[72, 55, 122]","[162, 170, 161]","[156, 91, 126]","[143, 142, 141]","[23, 4, 0]","[109, 49, 108]","[122, 88, 91]","[140, 139, 138]","[19, 13, 18]","[111, 26, 139]"
1146,"[163, 19, 67]","[10, 9, 6]","[16, 7, 62]","[77, 144, 149]","[56, 105, 104]","[118, 115, 117]","[29, 175, 30]","[136, 102, 138]","[105, 56, 106]","[118, 117, 7]","[151, 157, 150]","[126, 127, 99]"
1147,"[157, 173, 158]","[103, 7, 104]","[136, 69, 80]","[156, 155, 72]","[132, 24, 131]","[165, 166, 160]","[61, 126, 62]","[5, 34, 33]","[62, 134, 178]","[13, 166, 11]","[22, 8, 9]","[118, 53, 49]"
1148,"[22, 109, 110]","[176, 10, 35]","[132, 10, 133]","[105, 102, 101]","[13, 107, 15]","[86, 87, 67]","[114, 140, 142]","[62, 154, 162]","[107, 134, 106]","[73, 172, 175]","[2, 19, 1]","[68, 40, 67]"
1149,"[176, 6, 100]","[91, 92, 94]","[120, 57, 58]","[71, 23, 70]","[180, 159, 60]","[3, 4, 148]","[153, 69, 70]","[2, 17, 135]","[180, 159, 60]","[37, 5, 4]","[0, 18, 16]","[106, 101, 113]"
1150,"[89, 174, 90]","[153, 120, 42]","[117, 142, 124]","[66, 68, 73]","[7, 176, 8]","[155, 153, 154]","[100, 124, 99]","[79, 6, 5]","[90, 128, 7]","[155, 154, 153]","[147, 175, 148]","[87, 88, 135]"
1151,"[170, 128, 127]","[26, 84, 27]","[38, 14, 18]","[24, 160, 163]","[138, 17, 15]","[78, 174, 117]","[98, 10, 97]","[42, 38, 114]","[138, 17, 136]","[116, 115, 117]","[0, 7, 1]","[85, 129, 128]"
1152,"[70, 26, 71]","[12, 11, 88]","[95, 133, 132]","[76, 86, 77]","[94, 19, 93]","[151, 150, 146]","[24, 37, 22]","[104, 11, 3]","[50, 125, 91]","[53, 3, 2]","[0, 6, 94]","[113, 40, 120]"
1153,"[87, 42, 49]","[129, 159, 126]","[144, 1, 156]","[93, 108, 172]","[73, 114, 76]","[52, 175, 18]","[9, 131, 8]","[71, 83, 68]","[149, 112, 33]","[52, 136, 53]","[0, 14, 19]","[74, 68, 73]"
1154,"[175, 61, 173]","[152, 168, 161]","[180, 13, 179]","[168, 171, 162]","[73, 51, 178]","[92, 98, 102]","[58, 172, 41]","[164, 152, 153]","[59, 8, 161]","[92, 99, 95]","[0, 19, 2]","[86, 88, 87]"
1155,"[8, 66, 13]","[118, 124, 116]","[172, 28, 171]","[152, 97, 54]","[88, 134, 86]","[109, 62, 29]","[117, 75, 67]","[80, 82, 79]","[12, 92, 91]","[29, 30, 126]","[11, 93, 12]","[55, 54, 56]"
1156,"[130, 169, 131]","[113, 112, 23]","[63, 172, 171]","[30, 122, 54]","[45, 124, 123]","[37, 82, 166]","[35, 141, 43]","[109, 106, 108]","[39, 120, 38]","[5, 6, 7]","[3, 16, 2]","[68, 141, 99]"
1157,"[147, 169, 4]","[100, 104, 97]","[172, 84, 173]","[35, 89, 13]","[111, 135, 134]","[2, 83, 0]","[149, 178, 179]","[91, 89, 90]","[116, 138, 139]","[59, 60, 61]","[52, 58, 55]","[120, 113, 121]"
1158,"[180, 84, 64]","[92, 154, 172]","[23, 46, 22]","[85, 84, 0]","[38, 144, 37]","[93, 126, 127]","[152, 7, 153]","[90, 93, 92]","[85, 39, 82]","[155, 59, 58]","[100, 72, 101]","[166, 165, 134]"
1159,"[24, 82, 83]","[93, 142, 145]","[160, 129, 165]","[0, 3, 82]","[147, 45, 145]","[102, 33, 112]","[40, 68, 41]","[174, 171, 175]","[43, 145, 44]","[34, 79, 108]","[0, 6, 1]","[121, 122, 117]"
1160,"[165, 42, 149]","[95, 3, 94]","[5, 15, 131]","[156, 143, 141]","[180, 159, 54]","[78, 79, 149]","[78, 143, 122]","[24, 27, 18]","[64, 105, 106]","[176, 177, 174]","[2, 9, 10]","[68, 67, 69]"
1161,"[55, 4, 57]","[32, 31, 86]","[164, 8, 9]","[52, 35, 53]","[133, 30, 132]","[114, 113, 73]","[0, 147, 115]","[129, 70, 72]","[35, 140, 28]","[114, 113, 116]","[0, 88, 89]","[177, 24, 23]"
1162,"[28, 172, 27]","[75, 152, 84]","[57, 74, 58]","[103, 105, 106]","[42, 22, 5]","[178, 118, 174]","[88, 160, 89]","[134, 28, 7]","[155, 6, 157]","[133, 132, 130]","[0, 32, 31]","[83, 84, 78]"
1163,"[4, 20, 98]","[15, 55, 172]","[95, 25, 24]","[162, 167, 164]","[21, 80, 20]","[164, 56, 162]","[178, 34, 177]","[108, 107, 109]","[21, 80, 20]","[164, 163, 162]","[36, 30, 29]","[51, 85, 40]"
1164,"[180, 173, 0]","[135, 31, 134]","[14, 8, 6]","[91, 55, 162]","[88, 125, 84]","[160, 48, 49]","[178, 32, 179]","[77, 35, 73]","[174, 84, 176]","[48, 49, 160]","[0, 126, 129]","[67, 66, 53]"
1165,"[77, 10, 78]","[97, 46, 44]","[135, 40, 39]","[118, 117, 115]","[0, 6, 1]","[125, 124, 131]","[25, 62, 26]","[114, 113, 139]","[180, 174, 163]","[131, 134, 60]","[104, 110, 48]","[170, 169, 131]"
1166,"[74, 161, 77]","[146, 147, 148]","[28, 62, 29]","[151, 4, 116]","[164, 11, 163]","[35, 142, 140]","[7, 26, 8]","[173, 172, 66]","[57, 7, 55]","[35, 151, 51]","[180, 119, 179]","[51, 48, 74]"
1167,"[23, 145, 144]","[1, 2, 97]","[86, 60, 111]","[58, 56, 57]","[170, 176, 177]","[55, 56, 54]","[79, 168, 173]","[74, 75, 71]","[168, 177, 167]","[28, 23, 22]","[28, 20, 21]","[72, 152, 98]"
1168,"[90, 21, 89]","[169, 170, 171]","[119, 44, 91]","[73, 72, 75]","[129, 115, 116]","[164, 163, 162]","[1, 45, 0]","[82, 83, 25]","[54, 102, 53]","[163, 164, 165]","[9, 121, 8]","[71, 62, 154]"
1169,"[146, 19, 18]","[88, 157, 158]","[29, 173, 172]","[55, 49, 52]","[122, 61, 44]","[94, 95, 97]","[65, 36, 177]","[54, 57, 55]","[106, 22, 105]","[96, 97, 1]","[69, 63, 62]","[122, 127, 142]"
1170,"[121, 79, 106]","[172, 10, 13]","[173, 29, 169]","[42, 49, 44]","[180, 159, 2]","[20, 21, 70]","[174, 157, 155]","[51, 121, 124]","[78, 58, 2]","[16, 20, 21]","[12, 3, 4]","[125, 126, 124]"
1171,"[108, 67, 66]","[132, 85, 76]","[141, 163, 162]","[38, 77, 60]","[151, 50, 150]","[126, 134, 125]","[29, 179, 146]","[51, 91, 93]","[49, 150, 149]","[124, 125, 165]","[23, 9, 22]","[129, 128, 130]"
1172,"[2, 132, 3]","[77, 76, 81]","[53, 40, 45]","[158, 161, 137]","[58, 175, 57]","[114, 124, 129]","[62, 74, 173]","[36, 37, 34]","[175, 58, 177]","[89, 141, 109]","[160, 12, 11]","[93, 92, 94]"
1173,"[164, 123, 165]","[147, 145, 107]","[80, 7, 5]","[167, 46, 122]","[45, 134, 179]","[172, 170, 15]","[121, 172, 120]","[109, 108, 107]","[179, 98, 134]","[172, 77, 39]","[43, 10, 44]","[125, 60, 61]"
1174,"[178, 160, 180]","[61, 64, 62]","[147, 101, 148]","[12, 13, 44]","[70, 113, 71]","[90, 26, 25]","[148, 102, 107]","[62, 178, 179]","[114, 71, 70]","[90, 89, 92]","[1, 14, 0]","[166, 72, 68]"
1175,"[0, 176, 34]","[97, 44, 96]","[102, 149, 147]","[82, 30, 32]","[23, 170, 46]","[72, 75, 64]","[17, 128, 129]","[54, 55, 53]","[43, 131, 9]","[75, 103, 74]","[6, 12, 0]","[115, 116, 79]"
1176,"[28, 174, 169]","[55, 57, 56]","[85, 154, 87]","[57, 101, 30]","[148, 95, 9]","[130, 131, 132]","[31, 63, 62]","[2, 16, 43]","[32, 75, 33]","[47, 92, 91]","[168, 162, 16]","[72, 73, 74]"
1177,"[62, 145, 65]","[48, 46, 131]","[159, 15, 170]","[132, 133, 143]","[42, 19, 174]","[131, 123, 124]","[154, 104, 153]","[60, 61, 133]","[140, 27, 37]","[96, 97, 155]","[48, 33, 49]","[152, 151, 156]"
1178,"[20, 7, 19]","[111, 149, 148]","[38, 127, 39]","[104, 52, 106]","[180, 18, 179]","[54, 150, 151]","[160, 11, 60]","[0, 45, 150]","[123, 135, 67]","[1, 2, 0]","[3, 9, 2]","[153, 149, 93]"
1179,"[10, 171, 9]","[118, 94, 92]","[26, 42, 94]","[76, 39, 151]","[79, 132, 80]","[48, 145, 47]","[93, 34, 91]","[159, 158, 166]","[120, 171, 172]","[44, 139, 102]","[16, 5, 6]","[154, 156, 157]"
1180,"[121, 48, 120]","[154, 2, 0]","[40, 127, 37]","[160, 122, 165]","[18, 145, 37]","[91, 95, 93]","[150, 156, 149]","[40, 95, 99]","[53, 31, 30]","[91, 92, 93]","[25, 50, 22]","[126, 94, 163]"
1181,"[109, 39, 38]","[134, 133, 128]","[175, 89, 79]","[38, 1, 98]","[86, 9, 87]","[152, 151, 149]","[151, 145, 150]","[118, 133, 134]","[85, 8, 110]","[154, 157, 62]","[32, 163, 161]","[89, 60, 87]"
1182,"[28, 172, 15]","[174, 57, 92]","[89, 169, 21]","[149, 148, 29]","[137, 166, 165]","[62, 63, 57]","[167, 55, 166]","[84, 88, 82]","[115, 98, 116]","[178, 17, 18]","[26, 33, 27]","[35, 103, 102]"
1183,"[179, 66, 65]","[117, 93, 116]","[120, 48, 77]","[171, 172, 111]","[145, 138, 29]","[143, 69, 117]","[74, 158, 73]","[99, 144, 126]","[50, 164, 49]","[68, 41, 40]","[148, 154, 147]","[60, 132, 93]"
1184,"[170, 26, 27]","[43, 42, 44]","[73, 174, 74]","[39, 33, 160]","[142, 156, 144]","[177, 10, 169]","[74, 26, 126]","[144, 142, 143]","[137, 14, 138]","[24, 82, 25]","[172, 71, 1]","[38, 36, 39]"
1185,"[28, 20, 171]","[68, 67, 69]","[10, 46, 45]","[156, 157, 106]","[121, 12, 141]","[41, 172, 88]","[156, 20, 21]","[123, 122, 5]","[93, 118, 84]","[174, 173, 169]","[0, 12, 11]","[46, 87, 83]"
1186,"[118, 30, 112]","[93, 86, 38]","[0, 157, 68]","[114, 84, 113]","[88, 36, 84]","[142, 144, 143]","[180, 5, 96]","[75, 23, 74]","[27, 84, 28]","[150, 151, 152]","[117, 41, 119]","[82, 83, 76]"
1187,"[0, 113, 1]","[141, 66, 158]","[97, 76, 45]","[152, 144, 146]","[1, 52, 0]","[117, 44, 118]","[103, 24, 102]","[151, 152, 150]","[35, 8, 135]","[117, 122, 43]","[161, 167, 162]","[84, 52, 77]"
1188,"[122, 168, 48]","[165, 161, 23]","[148, 23, 1]","[67, 64, 76]","[102, 38, 39]","[7, 73, 86]","[141, 8, 66]","[22, 83, 124]","[89, 165, 145]","[76, 75, 74]","[71, 60, 72]","[75, 95, 76]"
1189,"[170, 129, 168]","[96, 105, 28]","[170, 106, 169]","[137, 68, 39]","[180, 102, 101]","[127, 4, 126]","[91, 161, 92]","[42, 30, 130]","[177, 102, 178]","[75, 151, 130]","[0, 152, 1]","[126, 104, 130]"
1190,"[47, 59, 45]","[13, 38, 11]","[107, 10, 106]","[96, 95, 155]","[78, 137, 143]","[158, 17, 157]","[36, 76, 37]","[30, 138, 29]","[160, 100, 168]","[17, 87, 154]","[32, 16, 17]","[147, 143, 144]"
1191,"[19, 100, 0]","[91, 92, 173]","[86, 65, 76]","[142, 154, 8]","[117, 27, 26]","[153, 10, 155]","[139, 29, 7]","[160, 161, 146]","[111, 130, 27]","[10, 153, 14]","[68, 61, 67]","[130, 129, 71]"
1192,"[56, 105, 57]","[87, 93, 177]","[11, 170, 171]","[135, 144, 113]","[40, 13, 39]","[125, 121, 116]","[171, 23, 24]","[72, 126, 71]","[86, 131, 85]","[142, 43, 44]","[53, 47, 52]","[126, 90, 91]"
1193,"[40, 123, 39]","[0, 71, 72]","[52, 130, 132]","[88, 87, 101]","[148, 54, 56]","[124, 138, 137]","[175, 31, 173]","[35, 123, 36]","[75, 14, 76]","[127, 64, 141]","[17, 31, 32]","[62, 61, 56]"
1194,"[0, 63, 64]","[99, 119, 94]","[133, 17, 61]","[155, 163, 124]","[157, 85, 86]","[70, 167, 92]","[78, 159, 84]","[129, 163, 82]","[38, 99, 40]","[66, 70, 146]","[87, 81, 88]","[78, 157, 159]"
1195,"[30, 66, 67]","[148, 79, 119]","[39, 14, 40]","[163, 169, 153]","[40, 150, 149]","[100, 97, 171]","[179, 163, 164]","[10, 89, 87]","[117, 105, 21]","[52, 51, 53]","[3, 38, 4]","[94, 108, 107]"
1196,"[150, 78, 148]","[127, 128, 129]","[58, 125, 144]","[179, 176, 0]","[114, 135, 136]","[29, 165, 28]","[62, 108, 61]","[137, 141, 139]","[119, 141, 135]","[165, 172, 173]","[24, 30, 23]","[110, 99, 100]"
1197,"[52, 1, 85]","[114, 121, 123]","[16, 160, 159]","[58, 57, 59]","[53, 132, 55]","[170, 169, 173]","[0, 170, 173]","[48, 169, 180]","[53, 132, 133]","[173, 169, 166]","[70, 64, 63]","[140, 103, 157]"
1198,"[98, 59, 99]","[143, 144, 145]","[80, 33, 34]","[133, 180, 106]","[38, 28, 173]","[84, 83, 162]","[52, 167, 53]","[6, 76, 79]","[149, 17, 147]","[154, 156, 53]","[4, 48, 47]","[81, 83, 148]"
1199,"[144, 86, 143]","[160, 156, 154]","[0, 16, 1]","[120, 119, 128]","[1, 22, 166]","[78, 70, 102]","[176, 35, 175]","[59, 61, 63]","[83, 112, 82]","[176, 177, 132]","[126, 45, 128]","[9, 67, 10]"
1200,"[3, 11, 137]","[93, 102, 81]","[64, 7, 66]","[31, 140, 30]","[104, 131, 102]","[11, 28, 155]","[116, 41, 42]","[140, 11, 141]","[63, 3, 0]","[28, 24, 31]","[115, 109, 114]","[157, 158, 160]"
1201,"[27, 20, 21]","[72, 73, 51]","[151, 7, 8]","[92, 93, 119]","[27, 171, 32]","[148, 66, 69]","[158, 13, 15]","[60, 157, 107]","[29, 173, 30]","[137, 135, 68]","[1, 13, 0]","[54, 47, 55]"
1202,"[180, 113, 179]","[27, 154, 131]","[2, 110, 111]","[18, 16, 17]","[88, 156, 90]","[26, 103, 171]","[53, 154, 38]","[18, 21, 17]","[86, 154, 88]","[54, 130, 53]","[111, 27, 28]","[77, 78, 79]"
1203,"[154, 8, 153]","[122, 176, 85]","[158, 84, 81]","[165, 180, 179]","[9, 26, 25]","[104, 102, 107]","[139, 10, 141]","[153, 152, 151]","[6, 30, 100]","[44, 43, 42]","[5, 31, 34]","[106, 80, 107]"
1204,"[17, 101, 18]","[179, 178, 4]","[175, 62, 66]","[79, 78, 77]","[64, 162, 62]","[144, 145, 141]","[73, 123, 71]","[28, 31, 91]","[172, 52, 53]","[150, 142, 141]","[4, 167, 3]","[24, 25, 106]"
1205,"[38, 16, 15]","[131, 119, 134]","[173, 66, 67]","[144, 71, 145]","[0, 116, 79]","[174, 160, 171]","[40, 98, 21]","[135, 134, 158]","[108, 70, 71]","[171, 172, 173]","[180, 174, 173]","[25, 24, 102]"
1206,"[144, 175, 145]","[130, 76, 85]","[125, 149, 133]","[171, 170, 57]","[160, 16, 14]","[72, 142, 86]","[44, 98, 99]","[7, 67, 65]","[162, 36, 34]","[121, 167, 168]","[33, 41, 35]","[98, 81, 82]"
1207,"[135, 17, 136]","[127, 153, 154]","[158, 104, 157]","[22, 21, 25]","[114, 27, 28]","[74, 177, 178]","[140, 16, 139]","[0, 4, 3]","[163, 139, 162]","[78, 75, 74]","[2, 14, 0]","[175, 174, 65]"
1208,"[22, 14, 159]","[73, 39, 38]","[141, 75, 74]","[167, 165, 166]","[153, 17, 154]","[38, 64, 113]","[35, 67, 66]","[14, 120, 119]","[26, 69, 68]","[48, 160, 64]","[30, 10, 31]","[57, 168, 58]"
1209,"[107, 134, 101]","[61, 60, 168]","[13, 148, 149]","[172, 171, 174]","[105, 132, 106]","[96, 156, 66]","[25, 128, 145]","[73, 168, 38]","[153, 55, 54]","[96, 144, 68]","[168, 174, 169]","[165, 115, 114]"
1210,"[66, 84, 111]","[88, 116, 140]","[146, 107, 145]","[120, 119, 122]","[36, 12, 58]","[142, 141, 179]","[28, 172, 66]","[31, 76, 74]","[18, 162, 29]","[5, 4, 94]","[22, 38, 19]","[89, 90, 91]"
1211,"[170, 24, 171]","[56, 55, 11]","[177, 24, 45]","[54, 53, 55]","[108, 27, 109]","[9, 131, 11]","[23, 174, 91]","[130, 56, 133]","[108, 27, 33]","[9, 59, 11]","[34, 55, 37]","[157, 156, 93]"
1212,"[45, 11, 10]","[87, 86, 85]","[76, 169, 167]","[9, 92, 10]","[106, 139, 140]","[165, 166, 167]","[134, 100, 135]","[8, 4, 9]","[8, 95, 94]","[168, 164, 165]","[17, 4, 21]","[72, 71, 50]"
1213,"[3, 30, 4]","[69, 71, 78]","[34, 137, 138]","[176, 146, 147]","[67, 26, 110]","[179, 178, 103]","[173, 77, 21]","[81, 180, 179]","[163, 130, 159]","[4, 87, 6]","[8, 1, 2]","[76, 77, 75]"
1214,"[86, 121, 122]","[48, 21, 19]","[168, 37, 34]","[179, 177, 178]","[7, 30, 39]","[91, 92, 144]","[158, 32, 33]","[49, 178, 140]","[30, 7, 160]","[125, 144, 86]","[155, 161, 156]","[31, 32, 33]"
1215,"[148, 4, 5]","[39, 24, 72]","[110, 157, 40]","[85, 83, 66]","[1, 143, 0]","[120, 117, 116]","[149, 107, 151]","[3, 130, 131]","[0, 141, 144]","[119, 112, 116]","[20, 14, 19]","[72, 71, 53]"
1216,"[38, 52, 37]","[111, 103, 94]","[171, 58, 89]","[143, 7, 91]","[140, 166, 167]","[39, 38, 40]","[52, 72, 53]","[35, 32, 31]","[6, 119, 118]","[42, 41, 39]","[177, 171, 178]","[124, 103, 104]"
1217,"[75, 158, 1]","[132, 133, 14]","[180, 44, 172]","[85, 20, 109]","[123, 159, 122]","[59, 35, 36]","[42, 178, 43]","[145, 122, 144]","[57, 145, 153]","[59, 180, 179]","[154, 148, 147]","[82, 125, 126]"
1218,"[138, 82, 139]","[146, 147, 9]","[180, 119, 3]","[33, 135, 136]","[33, 64, 32]","[106, 105, 59]","[152, 174, 173]","[2, 141, 6]","[19, 163, 20]","[60, 56, 30]","[0, 10, 11]","[179, 178, 94]"
1219,"[176, 123, 177]","[38, 37, 36]","[46, 7, 0]","[33, 166, 178]","[51, 143, 50]","[68, 106, 31]","[71, 44, 70]","[170, 168, 169]","[50, 142, 51]","[97, 36, 37]","[31, 16, 30]","[143, 138, 144]"
1220,"[101, 56, 53]","[113, 30, 105]","[121, 96, 95]","[157, 152, 151]","[172, 9, 171]","[144, 145, 81]","[63, 77, 78]","[142, 15, 143]","[172, 9, 171]","[131, 36, 129]","[35, 92, 36]","[169, 178, 177]"
1221,"[174, 104, 176]","[92, 38, 140]","[178, 38, 177]","[57, 54, 58]","[0, 63, 1]","[120, 118, 119]","[141, 13, 14]","[58, 81, 121]","[152, 54, 53]","[8, 7, 123]","[167, 161, 166]","[140, 141, 138]"
1222,"[1, 50, 148]","[15, 13, 12]","[22, 9, 21]","[121, 81, 117]","[84, 4, 2]","[141, 112, 111]","[145, 7, 110]","[28, 29, 59]","[151, 7, 9]","[69, 68, 104]","[5, 35, 4]","[178, 46, 136]"
1223,"[115, 142, 116]","[21, 19, 176]","[33, 126, 2]","[72, 75, 76]","[96, 157, 95]","[118, 116, 117]","[131, 157, 172]","[17, 92, 121]","[20, 147, 148]","[170, 171, 115]","[5, 12, 4]","[141, 62, 142]"
1224,"[15, 36, 31]","[132, 140, 131]","[29, 173, 22]","[100, 144, 45]","[180, 126, 169]","[163, 104, 148]","[154, 97, 155]","[112, 111, 116]","[176, 122, 177]","[149, 148, 146]","[19, 11, 20]","[125, 126, 124]"
1225,"[144, 22, 143]","[149, 170, 37]","[144, 102, 135]","[116, 125, 15]","[75, 55, 53]","[152, 153, 37]","[160, 96, 136]","[130, 176, 30]","[55, 75, 47]","[159, 153, 151]","[0, 6, 1]","[169, 57, 59]"
1226,"[25, 16, 1]","[177, 175, 121]","[96, 42, 44]","[149, 122, 15]","[8, 68, 164]","[49, 46, 47]","[15, 101, 132]","[58, 56, 52]","[131, 64, 133]","[49, 3, 47]","[0, 7, 1]","[145, 144, 146]"
1227,"[174, 23, 176]","[54, 74, 73]","[1, 29, 91]","[160, 159, 158]","[180, 18, 74]","[167, 168, 39]","[34, 28, 33]","[93, 81, 80]","[0, 107, 79]","[147, 170, 143]","[0, 144, 147]","[62, 36, 63]"
1228,"[54, 164, 87]","[20, 23, 24]","[180, 173, 174]","[19, 85, 84]","[28, 172, 170]","[93, 94, 143]","[180, 2, 1]","[25, 26, 23]","[19, 69, 66]","[102, 101, 45]","[1, 127, 2]","[49, 48, 50]"
1229,"[7, 56, 4]","[158, 157, 159]","[41, 68, 67]","[138, 140, 141]","[63, 19, 18]","[116, 115, 35]","[0, 169, 1]","[171, 16, 86]","[69, 26, 70]","[116, 115, 35]","[89, 83, 82]","[180, 140, 179]"
1230,"[91, 31, 163]","[135, 133, 11]","[16, 27, 28]","[149, 109, 107]","[29, 14, 15]","[57, 56, 55]","[107, 14, 111]","[120, 153, 154]","[14, 6, 2]","[46, 72, 45]","[0, 7, 1]","[150, 151, 148]"
1231,"[163, 19, 164]","[88, 69, 137]","[145, 68, 158]","[173, 172, 125]","[157, 4, 6]","[46, 175, 43]","[33, 80, 34]","[161, 160, 164]","[16, 171, 86]","[43, 45, 47]","[157, 120, 180]","[21, 22, 43]"
1232,"[139, 87, 88]","[35, 34, 36]","[31, 15, 139]","[78, 86, 77]","[0, 102, 3]","[154, 138, 95]","[78, 126, 77]","[28, 180, 118]","[71, 6, 89]","[32, 30, 54]","[30, 10, 29]","[55, 56, 54]"
1233,"[22, 160, 43]","[8, 66, 9]","[175, 36, 176]","[7, 134, 123]","[92, 132, 131]","[99, 98, 123]","[13, 22, 12]","[94, 46, 53]","[92, 132, 91]","[29, 118, 113]","[119, 125, 120]","[31, 32, 33]"
1234,"[11, 60, 62]","[124, 128, 146]","[158, 8, 159]","[52, 54, 56]","[104, 173, 161]","[31, 30, 29]","[22, 109, 23]","[136, 141, 169]","[164, 13, 172]","[101, 144, 143]","[168, 174, 169]","[48, 49, 61]"
1235,"[28, 55, 144]","[101, 102, 121]","[65, 157, 67]","[97, 98, 99]","[145, 128, 6]","[179, 96, 97]","[91, 20, 86]","[171, 172, 31]","[150, 169, 145]","[105, 104, 106]","[106, 16, 15]","[17, 18, 19]"
1236,"[163, 118, 117]","[66, 64, 68]","[53, 108, 21]","[178, 176, 177]","[65, 161, 66]","[94, 123, 40]","[22, 161, 19]","[153, 88, 84]","[118, 76, 119]","[7, 8, 6]","[159, 153, 160]","[127, 107, 126]"
1237,"[78, 15, 85]","[1, 0, 2]","[148, 15, 149]","[122, 174, 120]","[52, 106, 55]","[170, 168, 169]","[89, 165, 33]","[142, 145, 144]","[63, 41, 125]","[76, 82, 80]","[24, 12, 4]","[124, 44, 110]"
1238,"[33, 41, 34]","[13, 11, 146]","[21, 88, 66]","[176, 175, 41]","[39, 7, 6]","[135, 151, 136]","[178, 50, 176]","[119, 163, 116]","[24, 130, 131]","[151, 136, 1]","[25, 13, 24]","[115, 114, 77]"
1239,"[16, 107, 94]","[53, 54, 4]","[161, 115, 111]","[45, 97, 52]","[130, 64, 28]","[179, 140, 141]","[150, 82, 81]","[172, 36, 35]","[9, 140, 78]","[141, 171, 42]","[40, 53, 39]","[94, 93, 177]"
1240,"[4, 172, 173]","[120, 118, 119]","[178, 12, 104]","[68, 69, 92]","[152, 8, 9]","[128, 127, 116]","[75, 120, 74]","[99, 100, 56]","[155, 11, 17]","[96, 134, 128]","[16, 172, 173]","[111, 64, 63]"
1241,"[47, 101, 48]","[155, 166, 153]","[178, 139, 140]","[19, 3, 2]","[63, 141, 62]","[5, 6, 4]","[8, 43, 5]","[113, 55, 141]","[63, 141, 34]","[103, 7, 6]","[180, 174, 177]","[164, 112, 120]"
1242,"[22, 13, 21]","[155, 110, 111]","[34, 145, 19]","[176, 177, 50]","[19, 46, 47]","[165, 83, 75]","[153, 62, 152]","[133, 43, 93]","[153, 41, 175]","[15, 146, 16]","[16, 88, 89]","[136, 111, 112]"
1243,"[158, 14, 157]","[88, 87, 89]","[130, 11, 131]","[21, 41, 43]","[67, 162, 39]","[111, 141, 105]","[60, 16, 62]","[141, 142, 143]","[25, 12, 24]","[169, 168, 81]","[3, 16, 2]","[145, 132, 131]"
1244,"[178, 29, 150]","[103, 113, 104]","[161, 9, 97]","[58, 146, 145]","[44, 169, 168]","[128, 129, 97]","[108, 175, 180]","[165, 166, 8]","[46, 171, 51]","[56, 131, 130]","[14, 1, 13]","[93, 91, 139]"
1245,"[35, 41, 36]","[69, 95, 96]","[0, 80, 72]","[9, 10, 172]","[15, 28, 26]","[36, 35, 118]","[17, 161, 16]","[108, 106, 107]","[25, 12, 24]","[0, 102, 101]","[3, 25, 4]","[113, 108, 112]"
1246,"[138, 148, 139]","[170, 169, 164]","[0, 179, 1]","[161, 159, 158]","[175, 43, 176]","[143, 2, 144]","[73, 22, 74]","[134, 13, 155]","[177, 43, 178]","[118, 114, 117]","[68, 129, 66]","[151, 96, 150]"
1247,"[90, 26, 25]","[53, 68, 171]","[118, 16, 113]","[142, 57, 99]","[131, 7, 95]","[68, 69, 67]","[109, 152, 110]","[56, 55, 90]","[95, 10, 94]","[69, 68, 75]","[21, 15, 19]","[150, 179, 178]"
1248,"[85, 120, 135]","[163, 160, 164]","[67, 105, 35]","[146, 73, 81]","[165, 139, 8]","[35, 37, 39]","[150, 84, 151]","[120, 121, 141]","[180, 150, 179]","[37, 39, 38]","[11, 5, 0]","[113, 120, 64]"
1249,"[70, 172, 32]","[151, 87, 88]","[10, 126, 125]","[164, 163, 29]","[159, 111, 161]","[40, 41, 50]","[180, 6, 179]","[114, 136, 138]","[99, 136, 134]","[37, 36, 41]","[167, 173, 168]","[30, 32, 31]"
1250,"[178, 132, 41]","[102, 106, 52]","[150, 91, 110]","[80, 66, 141]","[25, 116, 120]","[85, 7, 38]","[32, 130, 74]","[25, 28, 26]","[83, 36, 59]","[176, 177, 155]","[83, 20, 84]","[117, 49, 65]"
1251,"[172, 111, 171]","[22, 122, 62]","[83, 13, 82]","[48, 46, 47]","[111, 85, 112]","[168, 29, 27]","[180, 157, 29]","[122, 120, 61]","[85, 111, 78]","[168, 167, 31]","[2, 18, 19]","[162, 71, 70]"
1252,"[0, 28, 2]","[35, 36, 37]","[137, 163, 70]","[0, 7, 95]","[8, 20, 21]","[30, 31, 36]","[18, 24, 21]","[134, 77, 133]","[1, 151, 18]","[41, 42, 37]","[14, 5, 7]","[125, 126, 50]"
1253,"[14, 158, 15]","[63, 61, 56]","[99, 125, 100]","[153, 108, 112]","[173, 76, 77]","[16, 17, 161]","[128, 68, 127]","[168, 175, 102]","[26, 87, 88]","[179, 175, 180]","[180, 161, 162]","[132, 103, 104]"
1254,"[93, 51, 94]","[3, 1, 2]","[18, 112, 19]","[6, 59, 7]","[146, 119, 148]","[36, 34, 37]","[176, 127, 153]","[17, 18, 12]","[79, 169, 80]","[153, 28, 152]","[18, 24, 25]","[115, 107, 108]"
1255,"[180, 156, 164]","[103, 104, 106]","[51, 94, 50]","[45, 42, 41]","[101, 126, 180]","[21, 23, 49]","[22, 107, 23]","[88, 110, 5]","[36, 112, 41]","[29, 49, 17]","[2, 23, 0]","[31, 111, 32]"
1256,"[135, 15, 136]","[91, 90, 86]","[55, 41, 56]","[136, 135, 18]","[4, 112, 111]","[43, 115, 73]","[180, 154, 153]","[81, 150, 82]","[56, 114, 49]","[0, 31, 36]","[90, 84, 89]","[24, 23, 22]"
1257,"[24, 168, 25]","[119, 118, 81]","[30, 169, 93]","[77, 83, 150]","[26, 112, 113]","[53, 52, 47]","[137, 101, 99]","[5, 174, 8]","[112, 26, 113]","[50, 49, 133]","[16, 4, 17]","[53, 52, 51]"
1258,"[82, 19, 2]","[42, 39, 38]","[111, 66, 110]","[81, 80, 82]","[177, 133, 176]","[23, 120, 122]","[154, 78, 155]","[65, 24, 66]","[163, 39, 125]","[23, 19, 143]","[161, 21, 20]","[100, 97, 98]"
1259,"[86, 169, 89]","[149, 75, 150]","[51, 26, 52]","[127, 17, 126]","[33, 128, 34]","[9, 15, 10]","[96, 149, 95]","[35, 36, 37]","[36, 152, 30]","[13, 16, 7]","[0, 44, 1]","[124, 145, 50]"
1260,"[177, 101, 178]","[13, 46, 14]","[159, 43, 158]","[57, 99, 62]","[161, 136, 135]","[60, 64, 63]","[0, 33, 15]","[103, 104, 106]","[138, 83, 8]","[66, 153, 14]","[1, 173, 0]","[97, 157, 115]"
1261,"[167, 134, 106]","[29, 31, 30]","[0, 151, 136]","[166, 168, 167]","[56, 102, 57]","[143, 52, 75]","[161, 112, 162]","[48, 174, 77]","[130, 78, 79]","[155, 154, 100]","[178, 172, 176]","[109, 114, 110]"
1262,"[96, 3, 1]","[62, 56, 61]","[1, 79, 2]","[169, 168, 170]","[131, 48, 3]","[40, 24, 92]","[131, 53, 132]","[40, 171, 159]","[1, 84, 131]","[146, 167, 113]","[71, 169, 170]","[96, 95, 94]"
1263,"[103, 117, 75]","[144, 133, 131]","[119, 149, 148]","[39, 127, 40]","[2, 103, 62]","[72, 75, 71]","[99, 47, 101]","[90, 96, 94]","[151, 35, 150]","[5, 4, 6]","[0, 8, 7]","[128, 127, 126]"
1264,"[153, 178, 179]","[75, 127, 128]","[27, 171, 26]","[142, 63, 64]","[152, 8, 178]","[47, 97, 98]","[33, 86, 32]","[78, 81, 79]","[8, 152, 7]","[78, 72, 73]","[59, 53, 54]","[147, 146, 116]"
1265,"[97, 50, 154]","[79, 180, 4]","[132, 48, 138]","[33, 34, 32]","[166, 110, 167]","[31, 30, 32]","[90, 128, 89]","[32, 31, 84]","[168, 112, 48]","[31, 34, 30]","[162, 168, 169]","[32, 33, 37]"
1266,"[136, 126, 135]","[78, 117, 79]","[89, 179, 88]","[72, 69, 68]","[165, 19, 164]","[71, 39, 77]","[145, 89, 90]","[30, 118, 31]","[164, 17, 104]","[39, 1, 40]","[0, 20, 4]","[26, 43, 42]"
1267,"[19, 163, 8]","[96, 143, 145]","[33, 69, 111]","[100, 99, 101]","[18, 42, 17]","[97, 100, 102]","[177, 17, 178]","[143, 142, 144]","[17, 41, 23]","[75, 76, 74]","[35, 7, 34]","[85, 83, 78]"
1268,"[63, 139, 138]","[3, 77, 78]","[50, 132, 51]","[84, 155, 83]","[35, 150, 148]","[11, 10, 9]","[136, 64, 92]","[30, 96, 29]","[35, 150, 36]","[10, 9, 11]","[125, 131, 124]","[77, 78, 13]"
1269,"[175, 9, 124]","[163, 30, 29]","[42, 142, 40]","[55, 90, 168]","[30, 174, 173]","[107, 104, 109]","[82, 43, 81]","[146, 145, 26]","[22, 166, 164]","[106, 107, 108]","[170, 176, 179]","[45, 46, 48]"
1270,"[84, 178, 177]","[130, 7, 31]","[65, 93, 97]","[83, 156, 157]","[126, 89, 125]","[29, 28, 152]","[37, 128, 35]","[152, 151, 150]","[55, 123, 75]","[3, 4, 158]","[126, 132, 22]","[82, 81, 84]"
1271,"[147, 104, 143]","[116, 46, 47]","[165, 117, 27]","[155, 175, 179]","[172, 28, 171]","[93, 90, 142]","[27, 171, 22]","[34, 145, 152]","[71, 164, 70]","[141, 92, 143]","[22, 2, 0]","[127, 135, 136]"
1272,"[180, 174, 177]","[77, 78, 76]","[180, 79, 109]","[172, 173, 171]","[122, 75, 121]","[56, 55, 60]","[18, 109, 58]","[17, 15, 16]","[75, 122, 121]","[66, 60, 61]","[103, 17, 109]","[35, 36, 34]"
1273,"[157, 29, 130]","[60, 59, 61]","[154, 10, 153]","[28, 69, 107]","[60, 14, 61]","[160, 159, 150]","[137, 104, 119]","[54, 55, 108]","[32, 116, 30]","[159, 160, 76]","[27, 16, 1]","[76, 78, 64]"
1274,"[162, 47, 43]","[144, 154, 146]","[136, 66, 135]","[152, 153, 96]","[91, 141, 56]","[150, 149, 100]","[6, 19, 7]","[63, 29, 34]","[156, 110, 86]","[21, 22, 23]","[179, 173, 178]","[165, 62, 63]"
1275,"[95, 166, 96]","[75, 22, 76]","[81, 167, 82]","[7, 8, 23]","[49, 163, 162]","[141, 140, 77]","[108, 36, 56]","[69, 120, 78]","[49, 163, 162]","[140, 77, 139]","[178, 126, 177]","[162, 102, 163]"
1276,"[19, 156, 155]","[178, 177, 176]","[10, 55, 9]","[180, 107, 132]","[19, 27, 28]","[80, 135, 0]","[106, 145, 173]","[119, 118, 121]","[26, 15, 25]","[4, 3, 2]","[81, 148, 83]","[112, 74, 107]"
1277,"[168, 12, 167]","[98, 124, 112]","[63, 177, 171]","[121, 153, 123]","[19, 54, 40]","[107, 125, 122]","[79, 19, 18]","[0, 145, 144]","[0, 49, 40]","[122, 125, 119]","[23, 16, 24]","[123, 57, 55]"
1278,"[148, 84, 81]","[90, 7, 9]","[136, 89, 134]","[56, 24, 148]","[61, 97, 169]","[107, 130, 133]","[5, 14, 0]","[146, 180, 145]","[151, 42, 61]","[3, 89, 107]","[23, 7, 22]","[28, 128, 169]"
1279,"[124, 163, 126]","[122, 61, 62]","[87, 152, 88]","[40, 39, 38]","[177, 16, 149]","[59, 58, 43]","[177, 69, 176]","[45, 53, 46]","[65, 165, 92]","[58, 59, 43]","[0, 180, 132]","[15, 41, 98]"
1280,"[87, 63, 142]","[122, 41, 99]","[179, 29, 27]","[0, 107, 123]","[29, 151, 154]","[108, 157, 60]","[110, 8, 26]","[38, 36, 39]","[150, 28, 27]","[64, 63, 112]","[169, 179, 164]","[56, 57, 58]"
1281,"[104, 37, 124]","[144, 145, 143]","[180, 150, 149]","[69, 74, 68]","[26, 143, 142]","[94, 93, 53]","[58, 106, 57]","[169, 94, 145]","[30, 106, 105]","[168, 169, 173]","[0, 6, 146]","[57, 106, 58]"
1282,"[154, 56, 153]","[43, 45, 44]","[109, 2, 1]","[116, 67, 69]","[160, 8, 159]","[66, 75, 67]","[180, 138, 117]","[98, 61, 103]","[14, 87, 15]","[46, 45, 48]","[49, 55, 54]","[85, 61, 86]"
1283,"[174, 23, 43]","[159, 161, 163]","[141, 35, 20]","[136, 137, 134]","[152, 127, 134]","[16, 178, 179]","[150, 25, 172]","[2, 3, 1]","[59, 111, 152]","[12, 11, 69]","[0, 6, 7]","[30, 29, 31]"
1284,"[64, 135, 65]","[3, 0, 146]","[178, 133, 177]","[45, 108, 96]","[45, 173, 110]","[76, 72, 75]","[61, 99, 101]","[12, 34, 35]","[57, 4, 58]","[79, 117, 114]","[0, 43, 44]","[76, 75, 37]"
1285,"[103, 130, 171]","[43, 45, 44]","[85, 43, 127]","[93, 95, 152]","[155, 11, 158]","[93, 94, 2]","[11, 145, 10]","[38, 39, 37]","[37, 68, 36]","[91, 167, 168]","[180, 172, 179]","[40, 44, 43]"
1286,"[108, 121, 122]","[55, 52, 53]","[27, 171, 26]","[86, 87, 85]","[137, 42, 138]","[109, 108, 68]","[85, 32, 87]","[109, 0, 108]","[47, 142, 43]","[110, 107, 33]","[11, 19, 20]","[103, 104, 105]"
1287,"[146, 86, 121]","[141, 140, 139]","[16, 28, 29]","[177, 108, 116]","[58, 28, 162]","[131, 130, 134]","[65, 157, 86]","[126, 127, 36]","[39, 110, 148]","[89, 88, 35]","[0, 8, 143]","[95, 94, 92]"
1288,"[45, 148, 147]","[61, 60, 110]","[69, 136, 137]","[87, 88, 90]","[176, 168, 0]","[42, 43, 39]","[171, 130, 172]","[109, 144, 76]","[15, 9, 3]","[90, 82, 144]","[148, 176, 147]","[10, 76, 157]"
1289,"[39, 103, 40]","[81, 61, 168]","[88, 176, 175]","[107, 108, 119]","[17, 92, 18]","[65, 144, 157]","[97, 11, 98]","[39, 156, 37]","[97, 22, 21]","[144, 145, 147]","[0, 6, 9]","[39, 40, 67]"
1290,"[35, 154, 155]","[87, 8, 86]","[130, 6, 131]","[159, 166, 165]","[154, 173, 161]","[73, 71, 69]","[162, 24, 161]","[20, 19, 17]","[27, 62, 132]","[169, 75, 74]","[171, 165, 170]","[150, 93, 107]"
1291,"[31, 55, 54]","[107, 113, 105]","[18, 88, 89]","[57, 51, 68]","[158, 80, 156]","[166, 169, 167]","[13, 50, 102]","[169, 168, 166]","[0, 147, 3]","[163, 162, 30]","[0, 15, 1]","[153, 154, 155]"
1292,"[4, 18, 23]","[93, 95, 148]","[36, 178, 166]","[152, 153, 154]","[34, 111, 112]","[57, 65, 58]","[45, 28, 44]","[177, 178, 77]","[149, 112, 22]","[61, 59, 63]","[21, 8, 20]","[176, 177, 49]"
1293,"[97, 33, 153]","[107, 20, 139]","[156, 176, 177]","[93, 92, 69]","[172, 130, 131]","[113, 98, 87]","[169, 99, 90]","[45, 114, 43]","[178, 108, 172]","[1, 6, 8]","[153, 129, 134]","[46, 40, 39]"
1294,"[87, 176, 115]","[65, 66, 9]","[119, 29, 120]","[51, 52, 138]","[112, 14, 117]","[175, 40, 5]","[75, 105, 5]","[37, 39, 120]","[33, 77, 168]","[86, 85, 175]","[163, 169, 162]","[123, 21, 104]"
1295,"[101, 26, 100]","[82, 81, 80]","[153, 34, 103]","[131, 144, 143]","[147, 47, 36]","[62, 64, 65]","[102, 23, 19]","[109, 111, 127]","[48, 148, 45]","[109, 54, 55]","[18, 37, 17]","[136, 152, 47]"
1296,"[167, 23, 126]","[152, 176, 153]","[156, 148, 155]","[50, 16, 79]","[112, 154, 157]","[86, 173, 172]","[31, 174, 177]","[133, 102, 103]","[180, 129, 128]","[1, 172, 3]","[117, 59, 60]","[151, 149, 148]"
1297,"[87, 150, 149]","[51, 26, 50]","[20, 164, 21]","[107, 67, 172]","[67, 142, 68]","[126, 3, 134]","[147, 2, 180]","[131, 132, 129]","[67, 142, 65]","[51, 49, 4]","[153, 159, 0]","[29, 28, 132]"
1298,"[155, 11, 156]","[178, 147, 144]","[171, 33, 166]","[97, 98, 100]","[39, 169, 40]","[88, 90, 80]","[125, 131, 43]","[170, 58, 166]","[70, 46, 74]","[80, 17, 18]","[0, 17, 1]","[69, 65, 70]"
1299,"[68, 12, 161]","[146, 100, 101]","[65, 173, 172]","[9, 8, 10]","[62, 26, 1]","[122, 140, 123]","[3, 28, 26]","[159, 125, 123]","[104, 72, 180]","[145, 146, 177]","[109, 57, 85]","[127, 125, 126]"
1300,"[152, 8, 153]","[178, 179, 58]","[86, 43, 44]","[20, 122, 151]","[87, 143, 86]","[121, 120, 67]","[36, 132, 131]","[151, 152, 150]","[143, 87, 42]","[122, 121, 123]","[0, 21, 20]","[137, 102, 135]"
1301,"[166, 119, 118]","[157, 156, 155]","[166, 118, 165]","[58, 56, 159]","[140, 5, 6]","[94, 28, 95]","[144, 45, 63]","[35, 11, 29]","[5, 140, 131]","[93, 68, 69]","[133, 69, 180]","[99, 60, 98]"
1302,"[45, 31, 44]","[132, 138, 137]","[17, 161, 15]","[76, 39, 38]","[30, 11, 115]","[177, 40, 41]","[120, 133, 134]","[151, 65, 64]","[25, 176, 180]","[79, 60, 78]","[19, 10, 9]","[61, 62, 135]"
1303,"[145, 103, 146]","[163, 164, 165]","[72, 156, 73]","[99, 98, 124]","[151, 7, 152]","[90, 87, 89]","[177, 91, 90]","[146, 147, 80]","[55, 103, 100]","[176, 32, 33]","[23, 29, 20]","[122, 121, 162]"
1304,"[16, 6, 9]","[176, 177, 169]","[39, 120, 40]","[177, 168, 176]","[180, 126, 170]","[136, 32, 135]","[178, 102, 179]","[100, 13, 14]","[3, 141, 2]","[128, 71, 129]","[76, 22, 21]","[109, 98, 108]"
1305,"[74, 94, 97]","[58, 65, 109]","[79, 54, 86]","[11, 47, 127]","[115, 31, 113]","[49, 48, 123]","[165, 21, 172]","[124, 123, 99]","[92, 159, 91]","[77, 81, 80]","[0, 6, 1]","[162, 161, 163]"
1306,"[43, 103, 44]","[3, 162, 163]","[58, 105, 177]","[149, 114, 148]","[38, 121, 111]","[140, 139, 138]","[116, 32, 115]","[157, 159, 158]","[14, 113, 12]","[67, 65, 66]","[170, 176, 177]","[37, 36, 99]"
1307,"[88, 171, 170]","[71, 37, 36]","[137, 98, 140]","[7, 5, 8]","[175, 153, 176]","[1, 48, 45]","[180, 127, 126]","[15, 16, 0]","[36, 127, 175]","[106, 47, 109]","[21, 11, 12]","[60, 61, 158]"
1308,"[178, 170, 171]","[148, 146, 147]","[118, 130, 91]","[153, 27, 156]","[87, 64, 49]","[152, 150, 113]","[3, 152, 151]","[117, 125, 49]","[3, 72, 2]","[112, 113, 154]","[180, 179, 152]","[113, 114, 68]"
1309,"[65, 18, 17]","[140, 136, 168]","[134, 97, 133]","[67, 68, 161]","[103, 46, 101]","[2, 4, 1]","[1, 92, 93]","[133, 137, 175]","[138, 34, 107]","[2, 3, 4]","[47, 9, 49]","[61, 59, 60]"
1310,"[172, 28, 152]","[41, 53, 52]","[179, 153, 164]","[34, 35, 33]","[13, 74, 75]","[127, 126, 109]","[100, 149, 62]","[155, 154, 150]","[77, 16, 76]","[108, 107, 109]","[67, 61, 60]","[73, 74, 75]"
1311,"[24, 131, 165]","[70, 69, 67]","[121, 14, 95]","[58, 18, 19]","[28, 129, 128]","[67, 154, 70]","[84, 25, 87]","[19, 151, 55]","[28, 129, 29]","[70, 67, 68]","[27, 13, 12]","[51, 176, 140]"
1312,"[144, 136, 137]","[4, 47, 8]","[128, 83, 129]","[144, 143, 163]","[31, 169, 170]","[80, 87, 43]","[50, 151, 152]","[13, 172, 175]","[16, 24, 25]","[49, 34, 33]","[40, 31, 39]","[115, 81, 136]"
1313,"[175, 18, 72]","[141, 142, 140]","[166, 22, 165]","[115, 95, 118]","[23, 66, 67]","[86, 85, 84]","[59, 7, 0]","[83, 84, 82]","[24, 67, 23]","[85, 86, 52]","[172, 178, 179]","[24, 25, 90]"
1314,"[36, 105, 63]","[21, 18, 116]","[0, 68, 18]","[143, 28, 58]","[171, 144, 126]","[47, 46, 44]","[73, 27, 61]","[111, 110, 144]","[13, 129, 61]","[46, 49, 45]","[175, 3, 171]","[52, 123, 49]"
1315,"[63, 131, 62]","[21, 8, 119]","[104, 156, 155]","[167, 176, 177]","[153, 61, 53]","[164, 1, 171]","[52, 162, 53]","[121, 114, 16]","[153, 71, 61]","[173, 170, 161]","[23, 12, 54]","[90, 89, 91]"
1316,"[29, 82, 80]","[177, 178, 180]","[96, 14, 89]","[131, 129, 132]","[128, 106, 28]","[76, 77, 75]","[48, 80, 168]","[138, 70, 144]","[128, 106, 105]","[76, 75, 31]","[7, 14, 1]","[59, 73, 75]"
1317,"[33, 159, 34]","[56, 55, 57]","[96, 164, 31]","[114, 116, 46]","[80, 165, 79]","[61, 102, 133]","[134, 162, 72]","[49, 48, 40]","[52, 29, 28]","[101, 172, 163]","[176, 168, 170]","[121, 122, 120]"
1318,"[38, 98, 27]","[169, 170, 173]","[93, 103, 28]","[43, 133, 132]","[82, 51, 83]","[177, 178, 176]","[13, 96, 12]","[117, 118, 87]","[52, 83, 53]","[134, 18, 133]","[29, 12, 28]","[32, 33, 34]"
1319,"[78, 30, 175]","[42, 41, 39]","[0, 108, 1]","[169, 28, 170]","[38, 69, 142]","[44, 43, 54]","[103, 9, 28]","[123, 39, 100]","[31, 126, 127]","[165, 166, 79]","[8, 57, 9]","[76, 75, 77]"
1320,"[144, 57, 180]","[140, 84, 141]","[40, 97, 42]","[141, 142, 151]","[162, 77, 74]","[59, 60, 58]","[4, 132, 5]","[84, 114, 44]","[162, 77, 164]","[138, 135, 136]","[30, 44, 31]","[138, 139, 140]"
1321,"[84, 22, 132]","[150, 151, 149]","[32, 156, 31]","[116, 117, 74]","[68, 164, 60]","[2, 0, 1]","[148, 41, 149]","[96, 97, 86]","[164, 68, 60]","[3, 2, 1]","[34, 11, 33]","[75, 97, 76]"
1322,"[8, 152, 153]","[142, 140, 139]","[43, 170, 174]","[84, 85, 158]","[37, 171, 38]","[27, 26, 25]","[179, 169, 180]","[40, 92, 14]","[37, 171, 172]","[27, 116, 119]","[13, 7, 6]","[48, 49, 44]"
1323,"[135, 160, 136]","[17, 18, 51]","[71, 149, 72]","[88, 54, 7]","[136, 56, 58]","[67, 66, 147]","[56, 132, 35]","[159, 106, 67]","[33, 94, 34]","[147, 146, 151]","[154, 160, 155]","[4, 5, 36]"
1324,"[117, 55, 175]","[168, 67, 68]","[0, 171, 1]","[79, 115, 112]","[56, 146, 145]","[117, 116, 115]","[41, 47, 48]","[110, 23, 22]","[179, 152, 180]","[115, 116, 117]","[64, 70, 63]","[97, 104, 98]"
1325,"[114, 77, 116]","[34, 55, 54]","[86, 137, 136]","[53, 52, 22]","[174, 34, 33]","[152, 25, 103]","[142, 20, 141]","[36, 37, 38]","[174, 34, 173]","[143, 144, 78]","[110, 133, 132]","[36, 41, 43]"
1326,"[46, 40, 39]","[75, 99, 156]","[11, 175, 10]","[70, 38, 77]","[5, 122, 78]","[149, 152, 151]","[127, 79, 125]","[169, 58, 170]","[107, 70, 71]","[176, 175, 174]","[27, 5, 6]","[32, 33, 116]"
1327,"[16, 168, 15]","[57, 78, 56]","[152, 125, 150]","[164, 165, 179]","[128, 153, 152]","[81, 82, 86]","[114, 56, 113]","[34, 15, 40]","[153, 128, 152]","[84, 85, 86]","[72, 165, 166]","[137, 139, 138]"
1328,"[76, 11, 75]","[89, 90, 39]","[170, 62, 132]","[158, 156, 157]","[99, 51, 97]","[1, 3, 0]","[55, 144, 109]","[2, 20, 123]","[70, 170, 49]","[105, 180, 81]","[19, 38, 37]","[126, 57, 125]"
1329,"[5, 129, 128]","[70, 32, 93]","[147, 4, 5]","[45, 44, 46]","[159, 145, 158]","[47, 50, 52]","[93, 149, 94]","[129, 128, 43]","[71, 88, 70]","[8, 9, 6]","[0, 28, 27]","[162, 161, 160]"
1330,"[5, 118, 119]","[127, 134, 177]","[106, 15, 107]","[156, 155, 158]","[74, 15, 73]","[137, 105, 135]","[153, 175, 152]","[98, 41, 46]","[44, 159, 164]","[135, 178, 138]","[172, 166, 173]","[125, 123, 57]"
1331,"[27, 171, 166]","[32, 30, 31]","[45, 74, 46]","[142, 1, 31]","[105, 37, 104]","[167, 173, 169]","[115, 76, 117]","[2, 72, 3]","[104, 37, 36]","[1, 0, 132]","[115, 109, 108]","[161, 160, 163]"
1332,"[158, 14, 157]","[177, 38, 40]","[169, 36, 49]","[162, 55, 160]","[73, 162, 163]","[88, 94, 151]","[166, 108, 109]","[23, 3, 22]","[14, 179, 177]","[59, 57, 142]","[0, 6, 2]","[140, 141, 145]"
1333,"[91, 41, 92]","[76, 153, 154]","[121, 13, 120]","[57, 66, 101]","[107, 60, 30]","[15, 130, 124]","[179, 32, 33]","[65, 4, 3]","[90, 7, 97]","[91, 92, 150]","[24, 18, 21]","[179, 132, 180]"
1334,"[168, 24, 25]","[80, 79, 78]","[106, 82, 105]","[113, 129, 128]","[157, 13, 156]","[171, 172, 173]","[178, 86, 87]","[100, 99, 101]","[114, 165, 157]","[105, 55, 56]","[150, 26, 151]","[74, 73, 72]"
1335,"[165, 118, 166]","[68, 43, 70]","[174, 39, 173]","[146, 145, 82]","[154, 10, 23]","[133, 135, 134]","[57, 166, 37]","[64, 5, 6]","[56, 77, 179]","[0, 93, 133]","[170, 6, 3]","[35, 34, 36]"
1336,"[5, 155, 6]","[51, 91, 116]","[108, 85, 89]","[145, 146, 131]","[21, 13, 22]","[90, 116, 89]","[142, 168, 141]","[177, 172, 176]","[89, 49, 90]","[117, 116, 121]","[0, 6, 7]","[152, 143, 151]"
1337,"[20, 3, 8]","[131, 130, 132]","[165, 172, 164]","[100, 116, 117]","[90, 121, 123]","[35, 80, 50]","[79, 140, 100]","[161, 162, 158]","[148, 155, 96]","[80, 77, 78]","[74, 32, 75]","[155, 95, 156]"
1338,"[0, 25, 31]","[59, 134, 81]","[127, 91, 94]","[53, 55, 50]","[136, 110, 23]","[159, 14, 155]","[26, 46, 108]","[13, 12, 11]","[100, 130, 133]","[160, 161, 162]","[22, 15, 144]","[96, 24, 95]"
1339,"[23, 83, 22]","[148, 147, 39]","[71, 169, 108]","[42, 41, 43]","[87, 80, 79]","[123, 125, 122]","[73, 39, 72]","[7, 8, 77]","[80, 87, 79]","[123, 108, 76]","[0, 9, 1]","[128, 39, 121]"
1340,"[180, 170, 148]","[9, 11, 14]","[48, 14, 47]","[115, 149, 43]","[75, 151, 152]","[82, 175, 109]","[26, 106, 25]","[120, 125, 117]","[75, 151, 76]","[82, 175, 109]","[0, 14, 180]","[81, 127, 128]"
1341,"[70, 115, 116]","[138, 136, 122]","[101, 54, 52]","[168, 167, 92]","[114, 88, 113]","[151, 19, 153]","[65, 99, 47]","[93, 133, 131]","[34, 114, 33]","[151, 24, 19]","[180, 174, 173]","[12, 42, 165]"
1342,"[26, 89, 12]","[47, 151, 54]","[84, 144, 159]","[52, 60, 55]","[87, 31, 88]","[7, 8, 38]","[70, 10, 0]","[59, 64, 65]","[0, 116, 111]","[23, 97, 24]","[4, 12, 3]","[148, 133, 134]"
1343,"[56, 93, 58]","[36, 37, 144]","[180, 29, 172]","[112, 140, 149]","[135, 36, 117]","[131, 28, 119]","[49, 106, 50]","[15, 125, 14]","[87, 95, 86]","[119, 28, 158]","[75, 81, 74]","[121, 150, 120]"
1344,"[87, 128, 127]","[67, 68, 134]","[177, 153, 176]","[21, 20, 35]","[166, 173, 91]","[37, 102, 36]","[159, 14, 140]","[87, 171, 64]","[164, 171, 61]","[151, 28, 26]","[24, 3, 4]","[27, 114, 150]"
1345,"[145, 9, 25]","[40, 39, 180]","[167, 80, 40]","[139, 27, 124]","[90, 69, 91]","[166, 174, 165]","[76, 24, 34]","[141, 143, 142]","[167, 6, 0]","[166, 164, 22]","[0, 6, 1]","[97, 98, 157]"
1346,"[163, 78, 126]","[166, 46, 165]","[62, 172, 179]","[6, 7, 15]","[137, 13, 136]","[74, 73, 103]","[34, 26, 27]","[5, 100, 125]","[120, 145, 179]","[13, 12, 14]","[35, 42, 34]","[48, 113, 107]"
1347,"[123, 158, 122]","[79, 78, 102]","[14, 105, 45]","[87, 21, 48]","[177, 12, 111]","[81, 65, 32]","[87, 114, 58]","[11, 5, 8]","[158, 99, 29]","[7, 6, 65]","[0, 19, 18]","[80, 138, 137]"
1348,"[163, 148, 158]","[113, 112, 115]","[48, 175, 43]","[150, 148, 149]","[7, 159, 8]","[111, 114, 125]","[157, 107, 108]","[78, 77, 76]","[82, 10, 85]","[49, 104, 106]","[180, 174, 175]","[92, 91, 42]"
1349,"[21, 159, 141]","[93, 92, 94]","[149, 106, 154]","[168, 180, 177]","[152, 8, 153]","[90, 80, 79]","[160, 99, 98]","[75, 74, 72]","[109, 160, 108]","[9, 10, 11]","[0, 6, 169]","[130, 96, 97]"
1350,"[108, 44, 45]","[74, 121, 77]","[53, 9, 179]","[40, 41, 42]","[85, 9, 82]","[26, 31, 30]","[7, 129, 8]","[33, 64, 123]","[169, 123, 159]","[1, 18, 22]","[1, 7, 0]","[33, 76, 12]"
1351,"[132, 19, 20]","[82, 80, 83]","[155, 136, 41]","[97, 167, 105]","[38, 78, 79]","[172, 31, 170]","[117, 137, 139]","[27, 43, 66]","[142, 124, 141]","[172, 31, 23]","[12, 26, 14]","[57, 38, 58]"
1352,"[142, 115, 114]","[109, 3, 37]","[4, 160, 3]","[58, 59, 60]","[4, 159, 3]","[173, 174, 140]","[75, 116, 72]","[22, 23, 20]","[3, 158, 159]","[174, 175, 176]","[30, 178, 31]","[111, 151, 124]"
1353,"[26, 116, 115]","[74, 124, 123]","[66, 119, 67]","[44, 39, 31]","[178, 50, 177]","[91, 88, 157]","[51, 22, 167]","[83, 143, 145]","[122, 179, 180]","[159, 88, 158]","[0, 18, 4]","[116, 117, 112]"
1354,"[34, 14, 29]","[77, 78, 46]","[138, 49, 137]","[179, 12, 180]","[115, 22, 21]","[13, 62, 135]","[166, 127, 180]","[44, 111, 141]","[23, 116, 164]","[38, 37, 39]","[25, 18, 6]","[43, 44, 109]"
1355,"[145, 135, 144]","[43, 89, 44]","[22, 128, 21]","[30, 67, 66]","[20, 127, 21]","[65, 92, 86]","[38, 16, 17]","[164, 105, 11]","[5, 115, 3]","[55, 57, 56]","[12, 1, 0]","[109, 143, 142]"
1356,"[58, 124, 44]","[81, 80, 82]","[125, 158, 0]","[138, 28, 144]","[1, 44, 127]","[112, 113, 111]","[6, 164, 5]","[77, 65, 66]","[157, 91, 158]","[165, 164, 163]","[8, 25, 9]","[46, 47, 50]"
1357,"[29, 35, 34]","[117, 114, 118]","[5, 24, 19]","[90, 163, 152]","[121, 173, 122]","[45, 158, 47]","[112, 148, 111]","[67, 68, 66]","[16, 64, 121]","[142, 110, 109]","[135, 26, 136]","[87, 33, 40]"
1358,"[165, 21, 163]","[77, 76, 78]","[172, 78, 179]","[11, 142, 28]","[165, 83, 81]","[20, 68, 22]","[2, 8, 3]","[75, 73, 74]","[165, 83, 132]","[40, 4, 7]","[138, 98, 3]","[78, 77, 174]"
1359,"[180, 35, 34]","[101, 71, 73]","[40, 155, 115]","[146, 88, 143]","[24, 107, 106]","[80, 140, 79]","[135, 27, 134]","[11, 61, 59]","[44, 85, 86]","[79, 80, 138]","[24, 5, 26]","[117, 119, 116]"
1360,"[143, 71, 70]","[6, 7, 9]","[91, 118, 90]","[37, 36, 35]","[118, 125, 117]","[18, 61, 147]","[179, 95, 178]","[9, 122, 10]","[178, 52, 53]","[35, 30, 29]","[1, 10, 3]","[106, 107, 105]"
1361,"[35, 48, 34]","[135, 142, 134]","[2, 83, 3]","[165, 13, 164]","[89, 9, 88]","[136, 135, 137]","[60, 95, 61]","[47, 154, 46]","[44, 8, 45]","[75, 149, 150]","[94, 88, 93]","[61, 77, 78]"
1362,"[37, 85, 38]","[134, 135, 133]","[180, 93, 92]","[61, 66, 60]","[43, 1, 42]","[121, 175, 156]","[130, 108, 152]","[23, 27, 42]","[67, 13, 40]","[124, 125, 52]","[0, 170, 1]","[64, 48, 50]"
1363,"[22, 15, 16]","[128, 126, 71]","[57, 71, 58]","[20, 21, 22]","[27, 128, 26]","[147, 171, 148]","[109, 158, 49]","[36, 31, 69]","[82, 169, 109]","[32, 48, 38]","[22, 16, 15]","[78, 80, 148]"
1364,"[29, 56, 58]","[93, 92, 157]","[137, 166, 167]","[30, 123, 86]","[2, 82, 31]","[70, 71, 67]","[36, 176, 19]","[10, 88, 119]","[162, 62, 63]","[67, 68, 94]","[22, 9, 23]","[76, 69, 51]"
1365,"[89, 39, 46]","[22, 15, 4]","[8, 175, 9]","[91, 49, 16]","[3, 99, 2]","[137, 135, 85]","[21, 8, 139]","[84, 85, 103]","[95, 54, 40]","[135, 136, 137]","[25, 13, 26]","[29, 30, 95]"
1366,"[149, 31, 136]","[72, 110, 128]","[147, 92, 146]","[39, 158, 161]","[132, 161, 15]","[66, 65, 154]","[179, 61, 180]","[145, 44, 141]","[90, 144, 134]","[153, 43, 38]","[153, 147, 148]","[136, 93, 81]"
1367,"[164, 20, 172]","[4, 3, 85]","[164, 5, 4]","[34, 33, 32]","[135, 148, 134]","[119, 87, 117]","[107, 137, 90]","[146, 147, 144]","[150, 73, 174]","[58, 85, 86]","[6, 17, 5]","[21, 73, 74]"
1368,"[171, 27, 169]","[81, 44, 42]","[9, 130, 149]","[32, 51, 104]","[114, 55, 54]","[89, 6, 39]","[25, 112, 175]","[63, 6, 58]","[115, 13, 114]","[147, 150, 149]","[3, 17, 18]","[57, 56, 35]"
1369,"[170, 20, 57]","[150, 149, 152]","[54, 12, 13]","[79, 78, 7]","[16, 148, 17]","[175, 12, 11]","[56, 16, 17]","[161, 138, 154]","[18, 30, 31]","[11, 10, 9]","[2, 11, 1]","[13, 133, 100]"
1370,"[72, 117, 116]","[127, 126, 149]","[12, 52, 100]","[67, 131, 136]","[110, 68, 69]","[117, 118, 130]","[180, 108, 107]","[83, 82, 148]","[43, 126, 37]","[156, 157, 115]","[0, 23, 16]","[152, 139, 110]"
1371,"[114, 15, 113]","[179, 146, 176]","[23, 80, 81]","[149, 147, 146]","[15, 144, 14]","[165, 154, 159]","[60, 85, 113]","[36, 37, 41]","[83, 111, 82]","[64, 61, 65]","[56, 49, 57]","[107, 106, 109]"
1372,"[2, 119, 90]","[176, 125, 39]","[2, 18, 3]","[65, 64, 68]","[176, 36, 172]","[60, 55, 156]","[36, 113, 35]","[5, 6, 4]","[23, 5, 24]","[156, 157, 47]","[178, 172, 180]","[136, 67, 135]"
1373,"[64, 10, 12]","[160, 176, 175]","[95, 119, 96]","[10, 9, 11]","[80, 28, 78]","[55, 103, 153]","[118, 93, 10]","[146, 88, 0]","[137, 6, 138]","[0, 53, 44]","[30, 17, 16]","[85, 149, 86]"
1374,"[64, 159, 66]","[134, 180, 32]","[178, 34, 180]","[146, 149, 150]","[71, 103, 40]","[88, 89, 12]","[96, 44, 95]","[141, 3, 63]","[113, 103, 102]","[139, 140, 137]","[180, 174, 43]","[79, 80, 123]"
1375,"[51, 60, 48]","[169, 74, 93]","[80, 50, 79]","[149, 148, 0]","[159, 15, 158]","[0, 103, 127]","[129, 55, 132]","[30, 84, 87]","[96, 12, 95]","[71, 126, 75]","[132, 117, 133]","[78, 77, 55]"
1376,"[130, 177, 178]","[0, 70, 69]","[106, 73, 105]","[174, 135, 173]","[115, 15, 116]","[145, 167, 78]","[27, 120, 104]","[20, 149, 19]","[143, 18, 17]","[68, 168, 69]","[21, 12, 22]","[59, 27, 29]"
1377,"[159, 30, 12]","[51, 87, 86]","[24, 101, 99]","[29, 78, 30]","[113, 7, 112]","[33, 132, 134]","[115, 87, 0]","[74, 158, 159]","[64, 21, 97]","[50, 49, 51]","[5, 55, 4]","[79, 42, 44]"
1378,"[30, 170, 31]","[92, 93, 88]","[6, 16, 21]","[146, 145, 147]","[165, 21, 22]","[86, 87, 35]","[131, 175, 130]","[76, 79, 78]","[45, 135, 47]","[2, 29, 3]","[151, 172, 174]","[89, 67, 66]"
1379,"[158, 83, 82]","[51, 56, 70]","[1, 149, 2]","[130, 4, 32]","[78, 29, 163]","[110, 19, 25]","[132, 82, 113]","[6, 167, 160]","[48, 163, 49]","[98, 63, 70]","[104, 97, 103]","[66, 67, 36]"
1380,"[22, 62, 23]","[156, 29, 157]","[174, 52, 177]","[61, 132, 134]","[176, 158, 177]","[126, 129, 127]","[87, 12, 11]","[77, 165, 78]","[66, 25, 67]","[165, 6, 7]","[12, 6, 11]","[52, 53, 54]"
1381,"[26, 69, 27]","[152, 154, 151]","[179, 5, 180]","[105, 104, 101]","[159, 13, 160]","[150, 146, 145]","[112, 167, 42]","[48, 128, 46]","[31, 111, 179]","[152, 56, 151]","[80, 3, 4]","[19, 14, 15]"
1382,"[180, 130, 160]","[90, 118, 147]","[94, 12, 13]","[133, 128, 129]","[20, 74, 73]","[46, 144, 49]","[73, 19, 72]","[172, 35, 146]","[130, 72, 0]","[49, 38, 37]","[2, 13, 17]","[20, 92, 171]"
1383,"[156, 5, 6]","[112, 113, 119]","[20, 11, 19]","[115, 40, 41]","[118, 152, 117]","[111, 112, 101]","[144, 127, 147]","[70, 179, 135]","[118, 152, 117]","[112, 111, 113]","[25, 13, 14]","[35, 131, 55]"
1384,"[176, 127, 177]","[68, 61, 11]","[47, 112, 50]","[12, 13, 14]","[143, 79, 80]","[123, 120, 43]","[40, 101, 41]","[153, 156, 66]","[0, 109, 125]","[176, 175, 177]","[155, 149, 150]","[60, 32, 105]"
1385,"[71, 163, 60]","[90, 43, 77]","[131, 121, 130]","[67, 166, 32]","[134, 34, 132]","[119, 120, 96]","[165, 123, 125]","[49, 45, 65]","[31, 131, 32]","[121, 95, 92]","[0, 14, 13]","[150, 131, 132]"
1386,"[179, 45, 178]","[56, 54, 57]","[22, 146, 19]","[167, 87, 16]","[77, 151, 78]","[176, 177, 175]","[82, 18, 83]","[99, 101, 102]","[139, 8, 53]","[94, 95, 93]","[28, 16, 27]","[117, 116, 115]"
1387,"[43, 176, 51]","[166, 167, 165]","[47, 13, 45]","[118, 24, 131]","[36, 172, 154]","[117, 147, 71]","[166, 109, 41]","[127, 128, 52]","[32, 170, 33]","[118, 117, 121]","[2, 17, 1]","[151, 87, 150]"
1388,"[133, 45, 96]","[110, 108, 109]","[42, 59, 41]","[145, 31, 32]","[65, 134, 64]","[101, 104, 100]","[109, 26, 108]","[174, 175, 131]","[147, 117, 146]","[165, 164, 162]","[164, 133, 145]","[101, 98, 105]"
1389,"[19, 165, 18]","[148, 110, 41]","[54, 173, 56]","[26, 145, 141]","[178, 139, 179]","[86, 82, 83]","[11, 177, 10]","[48, 23, 152]","[178, 138, 139]","[86, 82, 79]","[145, 139, 138]","[166, 63, 101]"
1390,"[4, 153, 138]","[125, 124, 121]","[92, 124, 93]","[59, 61, 58]","[15, 152, 16]","[165, 44, 164]","[12, 35, 81]","[178, 180, 106]","[34, 9, 10]","[164, 115, 57]","[3, 9, 2]","[69, 70, 71]"
1391,"[152, 160, 99]","[86, 85, 19]","[33, 99, 146]","[67, 68, 69]","[140, 100, 141]","[90, 30, 89]","[9, 82, 8]","[56, 116, 114]","[25, 125, 85]","[28, 91, 27]","[0, 180, 107]","[142, 123, 43]"
1392,"[156, 12, 157]","[29, 137, 0]","[151, 73, 152]","[14, 60, 62]","[82, 67, 68]","[122, 62, 129]","[18, 122, 19]","[141, 139, 140]","[44, 8, 46]","[125, 128, 126]","[24, 18, 6]","[132, 131, 98]"
1393,"[41, 110, 121]","[64, 66, 65]","[147, 18, 17]","[112, 159, 113]","[69, 7, 70]","[141, 142, 139]","[65, 154, 175]","[117, 20, 79]","[0, 140, 72]","[163, 161, 162]","[10, 18, 19]","[93, 179, 175]"
1394,"[24, 168, 23]","[95, 92, 94]","[125, 32, 28]","[138, 140, 139]","[43, 113, 32]","[23, 25, 129]","[143, 21, 142]","[167, 162, 168]","[43, 113, 32]","[25, 26, 129]","[46, 54, 47]","[153, 58, 152]"
1395,"[51, 174, 175]","[39, 131, 78]","[28, 138, 153]","[106, 107, 100]","[3, 167, 2]","[115, 21, 178]","[131, 69, 68]","[156, 9, 157]","[168, 59, 167]","[62, 61, 107]","[110, 116, 107]","[158, 133, 134]"
1396,"[174, 166, 28]","[79, 68, 85]","[84, 44, 43]","[30, 157, 59]","[79, 148, 150]","[30, 37, 38]","[152, 178, 153]","[46, 45, 16]","[79, 148, 173]","[9, 74, 118]","[17, 139, 99]","[119, 59, 122]"
1397,"[109, 36, 114]","[83, 41, 79]","[47, 20, 180]","[85, 110, 111]","[180, 47, 58]","[84, 28, 101]","[110, 53, 147]","[17, 13, 10]","[180, 47, 8]","[84, 29, 83]","[0, 6, 14]","[148, 164, 127]"
1398,"[103, 137, 102]","[163, 164, 49]","[50, 26, 6]","[96, 97, 95]","[32, 5, 130]","[149, 173, 92]","[53, 76, 52]","[135, 23, 134]","[33, 116, 39]","[90, 87, 91]","[2, 31, 3]","[115, 116, 114]"
1399,"[117, 158, 111]","[62, 61, 60]","[115, 43, 116]","[159, 158, 160]","[59, 176, 58]","[167, 166, 164]","[43, 66, 45]","[88, 98, 99]","[59, 176, 58]","[54, 46, 47]","[104, 110, 105]","[146, 145, 147]"
1400,"[55, 38, 56]","[133, 134, 132]","[105, 36, 37]","[148, 2, 97]","[21, 33, 34]","[141, 142, 82]","[116, 43, 118]","[180, 2, 3]","[0, 39, 95]","[171, 173, 172]","[25, 2, 33]","[171, 96, 97]"
1401,"[132, 33, 32]","[100, 177, 71]","[90, 4, 179]","[115, 117, 152]","[177, 22, 176]","[100, 52, 36]","[177, 22, 25]","[0, 1, 80]","[180, 77, 76]","[82, 83, 85]","[175, 169, 23]","[74, 73, 75]"
1402,"[35, 86, 18]","[61, 62, 60]","[42, 71, 13]","[132, 29, 144]","[11, 164, 83]","[67, 60, 70]","[7, 64, 108]","[42, 51, 52]","[95, 109, 96]","[77, 78, 79]","[0, 171, 2]","[30, 62, 63]"
1403,"[97, 13, 14]","[166, 169, 168]","[16, 53, 17]","[137, 35, 74]","[139, 87, 86]","[132, 38, 133]","[101, 6, 11]","[69, 60, 66]","[170, 160, 175]","[11, 117, 116]","[180, 170, 169]","[76, 125, 124]"
1404,"[126, 83, 127]","[9, 8, 10]","[173, 29, 28]","[100, 102, 101]","[130, 40, 69]","[17, 16, 15]","[145, 43, 123]","[172, 5, 7]","[155, 83, 154]","[17, 21, 20]","[67, 54, 72]","[25, 95, 26]"
1405,"[135, 160, 137]","[66, 69, 65]","[29, 79, 80]","[109, 176, 51]","[44, 128, 127]","[147, 148, 78]","[63, 4, 133]","[88, 84, 58]","[105, 14, 103]","[146, 145, 137]","[143, 11, 111]","[24, 23, 129]"
1406,"[166, 172, 167]","[47, 50, 46]","[126, 61, 127]","[165, 114, 104]","[176, 89, 175]","[167, 69, 121]","[21, 166, 57]","[135, 97, 136]","[106, 82, 105]","[94, 33, 50]","[18, 12, 19]","[95, 96, 103]"
1407,"[28, 130, 129]","[158, 154, 157]","[174, 22, 179]","[112, 34, 111]","[89, 123, 92]","[101, 99, 152]","[171, 27, 172]","[35, 105, 36]","[75, 45, 74]","[153, 98, 99]","[174, 22, 23]","[129, 77, 152]"
1408,"[86, 114, 179]","[136, 133, 137]","[50, 28, 51]","[98, 136, 96]","[162, 18, 161]","[83, 102, 103]","[84, 28, 85]","[102, 104, 101]","[34, 49, 35]","[86, 170, 171]","[133, 127, 134]","[38, 106, 39]"
1409,"[55, 111, 54]","[64, 18, 67]","[42, 63, 41]","[84, 83, 163]","[137, 17, 133]","[68, 67, 71]","[67, 143, 43]","[124, 146, 125]","[128, 51, 52]","[27, 24, 23]","[1, 179, 180]","[38, 37, 28]"
1410,"[144, 109, 110]","[86, 80, 85]","[77, 96, 95]","[168, 169, 173]","[101, 136, 102]","[158, 160, 159]","[30, 76, 33]","[47, 162, 45]","[3, 46, 48]","[174, 175, 147]","[180, 172, 179]","[36, 31, 39]"
1411,"[0, 150, 35]","[142, 108, 109]","[103, 120, 102]","[156, 128, 154]","[94, 170, 95]","[159, 77, 160]","[59, 178, 58]","[95, 96, 94]","[104, 178, 105]","[159, 158, 156]","[124, 130, 77]","[90, 91, 93]"
1412,"[119, 56, 120]","[33, 75, 165]","[19, 163, 7]","[154, 143, 119]","[56, 8, 55]","[167, 168, 179]","[110, 77, 78]","[174, 170, 178]","[146, 59, 3]","[32, 166, 165]","[180, 15, 179]","[132, 134, 129]"
1413,"[122, 39, 41]","[90, 91, 138]","[35, 98, 73]","[117, 116, 115]","[105, 73, 175]","[139, 58, 138]","[107, 26, 180]","[167, 170, 166]","[73, 105, 106]","[138, 139, 68]","[26, 6, 7]","[74, 171, 120]"
1414,"[56, 165, 1]","[143, 142, 140]","[131, 26, 132]","[154, 157, 155]","[3, 34, 2]","[57, 58, 59]","[24, 148, 25]","[87, 94, 95]","[1, 31, 0]","[63, 64, 60]","[24, 38, 25]","[91, 90, 81]"
1415,"[102, 8, 0]","[179, 180, 73]","[83, 176, 0]","[13, 15, 14]","[180, 125, 179]","[37, 159, 38]","[129, 96, 130]","[148, 67, 66]","[130, 95, 118]","[11, 173, 152]","[33, 51, 32]","[115, 116, 113]"
1416,"[137, 119, 122]","[27, 149, 28]","[157, 164, 165]","[37, 100, 140]","[100, 144, 136]","[56, 11, 150]","[114, 157, 151]","[38, 39, 8]","[10, 53, 100]","[60, 157, 80]","[60, 178, 177]","[88, 34, 90]"
1417,"[66, 149, 64]","[113, 114, 115]","[156, 12, 157]","[142, 143, 33]","[170, 26, 171]","[82, 83, 180]","[148, 22, 62]","[160, 161, 74]","[18, 26, 143]","[1, 0, 2]","[0, 23, 22]","[121, 81, 131]"
1418,"[122, 65, 64]","[21, 143, 22]","[19, 163, 164]","[91, 29, 7]","[76, 146, 77]","[93, 95, 29]","[169, 149, 166]","[89, 35, 177]","[75, 144, 143]","[33, 104, 32]","[4, 12, 3]","[89, 79, 82]"
1419,"[20, 26, 19]","[179, 178, 154]","[26, 103, 33]","[136, 135, 113]","[74, 173, 75]","[32, 31, 29]","[60, 117, 51]","[13, 172, 15]","[152, 59, 74]","[135, 103, 137]","[153, 17, 152]","[39, 38, 131]"
1420,"[49, 19, 42]","[80, 81, 102]","[109, 36, 47]","[56, 55, 179]","[96, 24, 128]","[151, 152, 113]","[72, 12, 140]","[44, 171, 43]","[96, 24, 25]","[152, 150, 151]","[27, 19, 21]","[159, 160, 158]"
1421,"[16, 113, 17]","[37, 86, 43]","[63, 8, 62]","[57, 170, 173]","[124, 5, 2]","[50, 72, 71]","[81, 27, 169]","[33, 41, 42]","[121, 2, 119]","[145, 146, 141]","[180, 174, 173]","[98, 99, 68]"
1422,"[174, 62, 173]","[89, 107, 95]","[23, 35, 77]","[132, 148, 91]","[8, 28, 9]","[138, 141, 142]","[146, 23, 22]","[101, 95, 106]","[8, 28, 29]","[107, 106, 156]","[3, 17, 2]","[41, 44, 81]"
1423,"[41, 162, 38]","[167, 106, 107]","[46, 24, 51]","[158, 117, 118]","[70, 113, 71]","[143, 144, 104]","[25, 151, 1]","[179, 175, 178]","[72, 171, 73]","[149, 132, 143]","[168, 55, 56]","[143, 106, 144]"
1424,"[178, 29, 154]","[85, 176, 84]","[145, 89, 167]","[159, 158, 69]","[90, 16, 18]","[149, 127, 67]","[97, 29, 31]","[7, 118, 158]","[92, 18, 93]","[124, 125, 123]","[4, 16, 5]","[160, 159, 31]"
1425,"[67, 60, 59]","[174, 168, 169]","[0, 12, 2]","[115, 111, 112]","[143, 48, 47]","[62, 59, 63]","[29, 151, 28]","[34, 33, 63]","[21, 36, 35]","[63, 170, 171]","[21, 12, 24]","[178, 151, 152]"
1426,"[22, 171, 146]","[62, 93, 99]","[33, 123, 26]","[145, 144, 146]","[28, 19, 29]","[90, 91, 151]","[154, 7, 29]","[168, 167, 166]","[28, 19, 20]","[91, 90, 89]","[8, 22, 6]","[90, 62, 89]"
1427,"[105, 49, 108]","[86, 19, 112]","[6, 40, 5]","[75, 71, 70]","[175, 34, 174]","[66, 65, 69]","[41, 89, 68]","[36, 34, 113]","[51, 86, 44]","[20, 21, 22]","[26, 20, 27]","[70, 71, 78]"
1428,"[82, 130, 77]","[33, 31, 32]","[140, 121, 122]","[75, 76, 79]","[19, 61, 66]","[158, 59, 149]","[10, 154, 153]","[148, 77, 74]","[141, 155, 0]","[173, 113, 145]","[0, 10, 1]","[61, 60, 126]"
1429,"[6, 43, 175]","[98, 97, 166]","[150, 7, 149]","[151, 137, 131]","[3, 9, 4]","[178, 177, 176]","[13, 114, 141]","[52, 51, 70]","[17, 105, 18]","[53, 50, 49]","[45, 52, 44]","[54, 55, 58]"
1430,"[118, 142, 119]","[38, 168, 159]","[65, 127, 128]","[81, 51, 173]","[141, 133, 140]","[21, 55, 54]","[123, 47, 46]","[140, 143, 139]","[132, 91, 90]","[20, 21, 19]","[19, 2, 1]","[45, 46, 48]"
1431,"[72, 18, 73]","[30, 0, 34]","[135, 148, 157]","[33, 180, 100]","[17, 161, 16]","[81, 73, 74]","[65, 13, 116]","[141, 172, 173]","[161, 17, 160]","[72, 81, 78]","[168, 162, 163]","[33, 30, 25]"
1432,"[129, 179, 178]","[11, 121, 151]","[73, 141, 71]","[153, 152, 154]","[22, 13, 19]","[87, 39, 84]","[64, 13, 66]","[122, 123, 37]","[18, 10, 19]","[0, 92, 33]","[10, 164, 9]","[57, 59, 112]"
1433,"[166, 81, 167]","[96, 97, 98]","[21, 78, 77]","[121, 122, 93]","[10, 70, 11]","[167, 170, 164]","[53, 88, 14]","[116, 76, 117]","[138, 19, 18]","[171, 170, 168]","[180, 18, 179]","[163, 164, 152]"
1434,"[157, 166, 37]","[113, 148, 79]","[83, 171, 172]","[41, 111, 110]","[139, 60, 26]","[107, 47, 120]","[155, 27, 154]","[83, 81, 79]","[28, 139, 58]","[120, 48, 107]","[160, 19, 158]","[147, 172, 73]"
1435,"[47, 148, 147]","[6, 130, 118]","[175, 82, 174]","[42, 43, 44]","[64, 132, 67]","[146, 151, 148]","[152, 56, 55]","[19, 114, 106]","[177, 137, 40]","[148, 149, 147]","[2, 12, 13]","[54, 40, 137]"
1436,"[25, 19, 18]","[172, 176, 103]","[42, 101, 43]","[154, 35, 111]","[147, 125, 148]","[102, 79, 60]","[22, 164, 23]","[119, 120, 132]","[52, 32, 31]","[77, 176, 76]","[167, 21, 0]","[92, 93, 91]"
1437,"[55, 99, 54]","[146, 145, 144]","[180, 35, 50]","[92, 99, 101]","[0, 44, 73]","[145, 15, 77]","[178, 23, 177]","[1, 2, 3]","[64, 29, 0]","[15, 162, 176]","[0, 23, 20]","[146, 30, 164]"
1438,"[74, 157, 156]","[99, 97, 96]","[162, 84, 180]","[56, 153, 152]","[47, 5, 48]","[33, 40, 39]","[123, 12, 122]","[0, 7, 72]","[98, 147, 96]","[7, 32, 29]","[176, 169, 167]","[51, 50, 49]"
1439,"[101, 136, 146]","[53, 107, 176]","[3, 99, 98]","[21, 22, 65]","[66, 97, 96]","[59, 123, 179]","[31, 167, 180]","[54, 56, 55]","[168, 5, 167]","[133, 134, 35]","[9, 15, 16]","[113, 131, 112]"
1440,"[23, 125, 124]","[104, 105, 102]","[26, 11, 89]","[159, 101, 108]","[15, 116, 14]","[170, 127, 172]","[156, 10, 11]","[68, 100, 6]","[6, 150, 149]","[170, 172, 54]","[0, 6, 1]","[165, 160, 161]"
1441,"[57, 104, 54]","[24, 25, 23]","[144, 111, 110]","[179, 180, 38]","[82, 54, 141]","[17, 33, 18]","[45, 113, 112]","[177, 6, 7]","[81, 53, 82]","[179, 180, 177]","[2, 8, 1]","[10, 83, 114]"
1442,"[46, 105, 47]","[97, 94, 93]","[169, 25, 168]","[33, 34, 38]","[18, 28, 26]","[179, 95, 180]","[159, 113, 42]","[96, 97, 105]","[1, 142, 19]","[79, 31, 77]","[35, 20, 33]","[115, 42, 71]"
1443,"[121, 91, 3]","[37, 40, 41]","[106, 58, 90]","[33, 144, 143]","[170, 89, 90]","[28, 29, 4]","[179, 58, 13]","[141, 142, 139]","[89, 170, 171]","[4, 5, 29]","[4, 11, 3]","[138, 24, 137]"
1444,"[176, 169, 168]","[61, 137, 136]","[27, 171, 165]","[62, 78, 60]","[73, 3, 72]","[38, 37, 65]","[92, 79, 27]","[142, 143, 120]","[168, 14, 3]","[146, 145, 147]","[180, 13, 179]","[104, 103, 65]"
1445,"[90, 3, 177]","[162, 160, 53]","[179, 74, 143]","[28, 126, 127]","[29, 58, 28]","[86, 88, 89]","[137, 20, 75]","[25, 24, 23]","[169, 128, 127]","[84, 101, 124]","[157, 151, 158]","[44, 45, 42]"
1446,"[163, 170, 164]","[14, 15, 12]","[57, 163, 27]","[35, 69, 66]","[76, 166, 41]","[1, 2, 0]","[121, 46, 45]","[54, 53, 51]","[41, 122, 114]","[0, 21, 1]","[178, 6, 177]","[61, 62, 65]"
1447,"[139, 56, 57]","[86, 36, 38]","[122, 74, 121]","[113, 26, 62]","[134, 79, 25]","[29, 143, 145]","[175, 31, 26]","[6, 3, 5]","[17, 101, 16]","[37, 143, 128]","[116, 122, 115]","[90, 89, 147]"
1448,"[139, 31, 140]","[16, 15, 5]","[2, 60, 3]","[169, 103, 165]","[110, 89, 2]","[116, 115, 163]","[128, 121, 170]","[153, 158, 157]","[57, 142, 56]","[116, 115, 117]","[4, 14, 13]","[132, 175, 176]"
1449,"[88, 32, 87]","[71, 66, 72]","[169, 35, 164]","[78, 77, 113]","[0, 169, 2]","[149, 150, 148]","[69, 40, 70]","[108, 153, 152]","[0, 169, 1]","[128, 129, 123]","[1, 14, 0]","[70, 71, 69]"
1450,"[3, 54, 13]","[165, 166, 160]","[24, 168, 53]","[101, 107, 152]","[0, 17, 1]","[157, 86, 76]","[53, 177, 123]","[151, 150, 71]","[0, 17, 1]","[88, 87, 85]","[3, 19, 2]","[180, 179, 152]"
1451,"[103, 27, 80]","[180, 128, 41]","[169, 25, 26]","[101, 99, 93]","[164, 43, 161]","[20, 101, 100]","[180, 65, 23]","[119, 113, 8]","[27, 55, 54]","[99, 47, 98]","[5, 11, 15]","[168, 169, 107]"
1452,"[127, 168, 167]","[98, 99, 49]","[141, 168, 153]","[103, 18, 19]","[3, 159, 160]","[95, 101, 100]","[3, 164, 141]","[71, 7, 67]","[3, 159, 2]","[100, 98, 97]","[17, 4, 10]","[98, 21, 177]"
1453,"[120, 53, 121]","[72, 73, 74]","[90, 40, 175]","[116, 154, 47]","[4, 138, 3]","[38, 39, 37]","[40, 110, 41]","[131, 129, 130]","[28, 64, 153]","[139, 142, 143]","[168, 37, 25]","[104, 105, 110]"
1454,"[178, 57, 179]","[14, 134, 16]","[69, 114, 76]","[37, 38, 24]","[51, 147, 148]","[73, 103, 139]","[4, 12, 5]","[60, 162, 57]","[153, 57, 152]","[66, 67, 70]","[170, 164, 163]","[73, 30, 28]"
1455,"[109, 148, 108]","[160, 167, 175]","[180, 171, 179]","[69, 23, 88]","[0, 23, 16]","[42, 117, 155]","[39, 137, 138]","[71, 69, 31]","[0, 76, 75]","[140, 138, 41]","[41, 33, 18]","[133, 134, 91]"
1456,"[158, 14, 159]","[1, 0, 2]","[104, 44, 103]","[115, 114, 112]","[58, 147, 15]","[77, 93, 23]","[125, 56, 155]","[35, 2, 25]","[109, 153, 11]","[87, 134, 135]","[162, 118, 163]","[67, 49, 101]"
1457,"[60, 31, 34]","[111, 106, 112]","[85, 152, 89]","[1, 9, 8]","[3, 161, 164]","[44, 43, 45]","[33, 137, 174]","[114, 119, 112]","[115, 6, 164]","[51, 151, 44]","[26, 11, 28]","[111, 84, 118]"
1458,"[88, 166, 165]","[137, 136, 134]","[33, 101, 160]","[55, 15, 56]","[0, 144, 64]","[35, 180, 121]","[159, 104, 160]","[69, 70, 76]","[83, 31, 30]","[159, 157, 160]","[180, 174, 179]","[34, 54, 53]"
1459,"[179, 95, 96]","[108, 159, 109]","[31, 151, 24]","[168, 133, 134]","[30, 6, 31]","[72, 104, 71]","[107, 145, 144]","[13, 12, 80]","[1, 149, 40]","[83, 84, 85]","[157, 163, 158]","[50, 48, 46]"
1460,"[26, 4, 27]","[141, 142, 145]","[25, 85, 2]","[31, 30, 116]","[158, 100, 157]","[138, 139, 137]","[26, 87, 113]","[101, 102, 100]","[100, 158, 99]","[139, 138, 134]","[179, 49, 47]","[97, 41, 98]"
1461,"[85, 151, 77]","[152, 110, 3]","[87, 132, 133]","[109, 105, 107]","[152, 169, 153]","[98, 41, 100]","[101, 29, 30]","[22, 23, 61]","[163, 154, 22]","[56, 57, 58]","[50, 56, 57]","[119, 120, 118]"
1462,"[1, 64, 38]","[169, 173, 45]","[174, 52, 171]","[74, 152, 149]","[179, 7, 34]","[138, 69, 133]","[131, 147, 112]","[137, 172, 132]","[55, 61, 56]","[26, 27, 28]","[53, 37, 38]","[8, 9, 89]"
1463,"[132, 170, 43]","[66, 61, 58]","[147, 4, 3]","[95, 96, 109]","[36, 42, 100]","[126, 125, 153]","[176, 23, 173]","[134, 66, 35]","[53, 156, 99]","[128, 120, 126]","[0, 11, 10]","[168, 38, 37]"
1464,"[38, 95, 2]","[50, 130, 49]","[134, 78, 135]","[146, 145, 19]","[3, 34, 2]","[40, 98, 97]","[83, 171, 84]","[45, 154, 156]","[102, 126, 119]","[38, 39, 13]","[158, 13, 12]","[71, 92, 79]"
1465,"[77, 13, 80]","[66, 65, 64]","[90, 122, 91]","[25, 28, 27]","[113, 13, 37]","[153, 121, 145]","[75, 44, 91]","[128, 168, 167]","[34, 12, 33]","[153, 154, 95]","[179, 132, 178]","[76, 106, 107]"
1466,"[53, 10, 149]","[129, 127, 128]","[162, 28, 134]","[99, 100, 95]","[36, 146, 134]","[107, 114, 120]","[60, 156, 178]","[6, 5, 50]","[87, 70, 69]","[123, 120, 22]","[22, 1, 21]","[173, 180, 179]"
1467,"[11, 18, 19]","[120, 122, 135]","[20, 14, 12]","[76, 114, 78]","[149, 7, 8]","[83, 84, 82]","[149, 18, 150]","[105, 58, 104]","[43, 167, 147]","[86, 85, 88]","[163, 125, 126]","[83, 6, 102]"
1468,"[74, 175, 73]","[0, 100, 4]","[124, 148, 40]","[98, 67, 93]","[92, 115, 126]","[18, 19, 138]","[11, 40, 39]","[1, 86, 94]","[70, 147, 74]","[15, 18, 85]","[0, 16, 1]","[91, 51, 92]"
1469,"[125, 41, 124]","[180, 176, 177]","[103, 162, 123]","[93, 28, 91]","[99, 18, 17]","[55, 54, 81]","[119, 70, 157]","[9, 10, 8]","[180, 111, 58]","[15, 16, 76]","[0, 25, 24]","[55, 54, 73]"
1470,"[123, 24, 25]","[178, 106, 171]","[146, 27, 26]","[16, 102, 85]","[58, 43, 42]","[162, 96, 179]","[24, 168, 166]","[101, 41, 33]","[43, 58, 45]","[128, 129, 126]","[26, 71, 49]","[132, 180, 161]"
1471,"[177, 98, 109]","[49, 132, 47]","[175, 56, 41]","[128, 162, 13]","[83, 146, 84]","[76, 167, 168]","[60, 117, 92]","[89, 130, 29]","[83, 146, 84]","[168, 165, 77]","[121, 174, 55]","[20, 19, 21]"
1472,"[108, 11, 61]","[85, 170, 49]","[77, 166, 145]","[49, 50, 48]","[92, 18, 47]","[166, 167, 57]","[77, 160, 74]","[4, 3, 5]","[180, 124, 178]","[33, 32, 36]","[0, 22, 23]","[88, 89, 76]"
1473,"[33, 43, 32]","[155, 144, 79]","[28, 172, 135]","[114, 75, 113]","[1, 100, 0]","[105, 148, 129]","[71, 165, 69]","[99, 175, 100]","[179, 4, 162]","[126, 129, 130]","[27, 13, 12]","[145, 111, 144]"
1474,"[126, 164, 168]","[59, 85, 118]","[170, 2, 21]","[103, 91, 85]","[126, 104, 106]","[45, 71, 101]","[25, 167, 166]","[132, 131, 113]","[161, 121, 165]","[45, 44, 82]","[4, 14, 5]","[109, 107, 94]"
1475,"[42, 79, 43]","[23, 19, 24]","[125, 147, 146]","[25, 24, 161]","[128, 176, 129]","[92, 156, 7]","[114, 66, 65]","[145, 144, 94]","[43, 27, 49]","[156, 75, 83]","[9, 30, 8]","[129, 103, 159]"
1476,"[55, 139, 135]","[47, 21, 99]","[125, 156, 124]","[178, 112, 111]","[141, 97, 140]","[91, 56, 158]","[37, 8, 36]","[97, 71, 78]","[17, 82, 96]","[179, 177, 178]","[10, 23, 22]","[67, 64, 65]"
1477,"[104, 165, 138]","[74, 66, 69]","[109, 170, 108]","[153, 13, 155]","[81, 17, 16]","[90, 53, 59]","[172, 28, 171]","[2, 7, 121]","[94, 6, 95]","[51, 90, 52]","[156, 11, 157]","[94, 81, 25]"
1478,"[0, 33, 177]","[73, 20, 70]","[16, 173, 15]","[142, 177, 48]","[77, 158, 78]","[61, 164, 107]","[27, 18, 29]","[53, 57, 56]","[15, 157, 159]","[167, 61, 173]","[15, 22, 23]","[67, 68, 93]"
1479,"[8, 27, 29]","[99, 98, 100]","[8, 79, 7]","[59, 61, 51]","[80, 161, 90]","[49, 48, 109]","[13, 74, 159]","[58, 59, 60]","[79, 161, 78]","[180, 179, 55]","[2, 9, 0]","[156, 43, 44]"
1480,"[49, 32, 48]","[162, 65, 175]","[2, 26, 33]","[47, 57, 48]","[53, 31, 117]","[141, 140, 87]","[134, 91, 133]","[67, 66, 64]","[149, 95, 90]","[114, 88, 113]","[1, 17, 0]","[41, 99, 144]"
1481,"[47, 24, 15]","[146, 145, 168]","[63, 133, 62]","[10, 174, 175]","[47, 20, 48]","[155, 142, 154]","[121, 171, 120]","[35, 37, 38]","[135, 51, 31]","[1, 2, 3]","[149, 143, 138]","[74, 171, 170]"
1482,"[130, 56, 131]","[93, 92, 94]","[124, 65, 125]","[46, 103, 81]","[166, 179, 177]","[136, 137, 138]","[122, 25, 121]","[6, 5, 94]","[42, 176, 177]","[106, 79, 99]","[22, 16, 9]","[24, 25, 26]"
1483,"[118, 171, 169]","[139, 137, 141]","[87, 12, 89]","[77, 105, 76]","[86, 23, 85]","[113, 114, 112]","[121, 29, 87]","[23, 21, 1]","[21, 85, 119]","[139, 140, 81]","[2, 23, 3]","[142, 52, 53]"
1484,"[111, 165, 112]","[164, 161, 169]","[54, 129, 127]","[140, 165, 77]","[12, 173, 13]","[146, 51, 50]","[167, 107, 110]","[152, 98, 102]","[29, 59, 2]","[147, 148, 159]","[6, 132, 5]","[41, 63, 110]"
1485,"[118, 91, 90]","[151, 150, 164]","[2, 157, 1]","[64, 103, 104]","[121, 88, 120]","[107, 105, 124]","[176, 43, 70]","[21, 17, 20]","[61, 161, 54]","[157, 158, 144]","[144, 150, 145]","[119, 159, 84]"
1486,"[91, 73, 90]","[0, 1, 2]","[180, 33, 25]","[115, 66, 91]","[46, 82, 47]","[89, 135, 150]","[160, 152, 161]","[108, 107, 106]","[3, 31, 2]","[114, 62, 150]","[25, 6, 26]","[63, 35, 173]"
1487,"[73, 3, 167]","[131, 132, 134]","[62, 125, 63]","[17, 160, 93]","[171, 43, 40]","[136, 137, 19]","[65, 166, 61]","[93, 106, 47]","[43, 171, 40]","[136, 27, 28]","[165, 159, 160]","[31, 175, 115]"
1488,"[37, 161, 125]","[133, 135, 172]","[146, 174, 85]","[107, 130, 134]","[62, 174, 61]","[48, 49, 50]","[177, 31, 19]","[8, 160, 9]","[40, 92, 39]","[9, 8, 42]","[2, 23, 1]","[26, 44, 27]"
1489,"[26, 142, 143]","[7, 116, 149]","[148, 32, 31]","[153, 155, 152]","[97, 125, 65]","[167, 168, 166]","[116, 42, 41]","[56, 57, 50]","[70, 113, 71]","[0, 1, 10]","[109, 115, 110]","[75, 42, 74]"
1490,"[57, 145, 55]","[27, 28, 29]","[180, 134, 3]","[23, 115, 42]","[118, 69, 138]","[172, 171, 170]","[112, 6, 113]","[41, 137, 33]","[40, 132, 165]","[172, 176, 173]","[142, 107, 143]","[46, 85, 45]"
1491,"[163, 71, 17]","[65, 134, 143]","[38, 131, 39]","[85, 100, 67]","[37, 109, 32]","[172, 170, 173]","[89, 16, 90]","[11, 84, 163]","[32, 104, 106]","[101, 55, 59]","[68, 62, 61]","[74, 71, 72]"
1492,"[176, 30, 159]","[94, 0, 49]","[1, 147, 180]","[66, 67, 60]","[115, 12, 161]","[78, 172, 79]","[82, 171, 49]","[61, 101, 60]","[86, 47, 120]","[77, 94, 96]","[60, 18, 59]","[175, 113, 111]"
1493,"[6, 17, 18]","[88, 86, 91]","[110, 14, 109]","[6, 2, 1]","[15, 4, 5]","[113, 121, 122]","[175, 123, 171]","[29, 28, 3]","[147, 7, 145]","[114, 103, 113]","[19, 168, 172]","[31, 32, 97]"
1494,"[171, 135, 170]","[46, 141, 114]","[166, 41, 40]","[115, 98, 99]","[180, 122, 100]","[170, 58, 18]","[70, 107, 69]","[84, 130, 173]","[155, 103, 1]","[15, 13, 14]","[46, 5, 47]","[104, 106, 109]"
1495,"[67, 148, 54]","[8, 63, 10]","[119, 169, 69]","[64, 1, 2]","[93, 115, 91]","[51, 40, 57]","[18, 28, 26]","[68, 128, 67]","[92, 114, 90]","[6, 149, 33]","[0, 23, 22]","[24, 25, 95]"
1496,"[95, 123, 122]","[129, 144, 143]","[3, 93, 62]","[12, 76, 11]","[7, 151, 164]","[135, 134, 138]","[165, 58, 27]","[78, 80, 77]","[107, 70, 108]","[139, 138, 132]","[180, 169, 170]","[85, 86, 121]"
1497,"[124, 7, 113]","[25, 23, 56]","[55, 12, 54]","[72, 75, 74]","[178, 42, 180]","[80, 77, 76]","[164, 20, 19]","[128, 88, 141]","[26, 167, 168]","[155, 146, 63]","[33, 7, 6]","[84, 85, 83]"
1498,"[23, 152, 114]","[130, 131, 97]","[0, 23, 24]","[126, 127, 132]","[27, 20, 24]","[168, 14, 169]","[116, 87, 64]","[9, 153, 10]","[1, 31, 0]","[21, 57, 15]","[2, 25, 1]","[119, 126, 116]"
1499,"[30, 173, 31]","[36, 37, 35]","[136, 23, 22]","[166, 80, 49]","[147, 16, 149]","[128, 41, 32]","[18, 132, 135]","[2, 1, 0]","[174, 148, 146]","[45, 46, 44]","[14, 8, 7]","[55, 98, 53]"
1500,"[59, 139, 120]","[126, 81, 12]","[94, 20, 93]","[101, 105, 100]","[1, 175, 0]","[148, 147, 149]","[177, 137, 118]","[42, 40, 41]","[5, 178, 111]","[161, 66, 67]","[169, 175, 177]","[152, 151, 153]"
1501,"[139, 133, 141]","[109, 110, 111]","[91, 122, 92]","[39, 40, 41]","[143, 38, 142]","[112, 113, 106]","[108, 69, 107]","[135, 163, 1]","[38, 143, 37]","[165, 163, 164]","[24, 18, 23]","[145, 177, 146]"
1502,"[152, 160, 18]","[56, 57, 59]","[2, 18, 1]","[45, 131, 139]","[5, 13, 1]","[29, 137, 138]","[1, 176, 2]","[122, 65, 121]","[35, 67, 34]","[111, 110, 109]","[47, 41, 46]","[131, 64, 59]"
1503,"[28, 22, 100]","[142, 144, 143]","[101, 56, 123]","[174, 47, 46]","[54, 20, 1]","[98, 82, 152]","[38, 145, 126]","[74, 13, 85]","[15, 53, 52]","[159, 160, 43]","[118, 112, 119]","[87, 85, 86]"
1504,"[3, 12, 2]","[170, 168, 169]","[5, 20, 153]","[34, 35, 90]","[107, 157, 106]","[177, 64, 21]","[22, 32, 21]","[167, 166, 168]","[2, 14, 8]","[129, 128, 130]","[22, 16, 21]","[111, 110, 109]"
1505,"[22, 13, 23]","[145, 144, 149]","[124, 2, 1]","[42, 23, 38]","[124, 15, 148]","[80, 83, 82]","[54, 10, 98]","[83, 155, 85]","[125, 16, 17]","[85, 79, 86]","[72, 157, 73]","[97, 30, 178]"
1506,"[75, 35, 76]","[171, 146, 148]","[64, 152, 66]","[78, 124, 79]","[22, 93, 94]","[108, 109, 104]","[90, 50, 52]","[118, 119, 115]","[3, 33, 39]","[105, 170, 102]","[11, 2, 12]","[47, 141, 142]"
1507,"[90, 60, 61]","[27, 103, 102]","[132, 47, 51]","[80, 147, 13]","[9, 153, 154]","[141, 35, 43]","[166, 22, 165]","[110, 58, 94]","[169, 85, 86]","[4, 50, 123]","[36, 42, 37]","[96, 95, 102]"
1508,"[66, 10, 11]","[87, 76, 86]","[35, 52, 118]","[135, 134, 21]","[15, 34, 33]","[95, 72, 96]","[52, 110, 112]","[103, 29, 93]","[145, 53, 158]","[0, 75, 3]","[180, 174, 179]","[61, 62, 105]"
1509,"[73, 108, 2]","[154, 153, 118]","[51, 29, 111]","[57, 129, 128]","[38, 76, 65]","[49, 10, 50]","[26, 170, 27]","[105, 151, 106]","[29, 170, 116]","[160, 10, 11]","[6, 12, 5]","[149, 145, 146]"
1510,"[74, 169, 160]","[93, 152, 98]","[111, 124, 112]","[175, 164, 109]","[164, 16, 62]","[117, 121, 145]","[76, 54, 77]","[40, 41, 39]","[86, 165, 85]","[141, 104, 145]","[16, 10, 17]","[56, 57, 149]"
1511,"[87, 32, 33]","[171, 165, 169]","[112, 17, 111]","[68, 70, 69]","[153, 9, 154]","[138, 135, 136]","[177, 95, 178]","[80, 37, 34]","[155, 11, 153]","[82, 61, 175]","[0, 9, 3]","[177, 180, 86]"
1512,"[180, 18, 20]","[106, 69, 107]","[30, 70, 28]","[105, 81, 14]","[159, 61, 106]","[41, 43, 116]","[160, 51, 159]","[138, 86, 85]","[106, 5, 107]","[43, 57, 87]","[13, 80, 47]","[96, 97, 105]"
1513,"[131, 59, 58]","[97, 88, 90]","[98, 138, 153]","[104, 105, 103]","[117, 74, 95]","[168, 170, 169]","[90, 164, 89]","[22, 38, 21]","[178, 113, 124]","[135, 37, 168]","[166, 28, 0]","[125, 124, 123]"
1514,"[165, 105, 106]","[151, 117, 152]","[103, 175, 174]","[16, 123, 18]","[142, 50, 49]","[135, 164, 166]","[143, 172, 173]","[154, 149, 88]","[179, 5, 14]","[164, 165, 100]","[180, 43, 62]","[101, 102, 160]"
1515,"[130, 16, 129]","[177, 112, 165]","[41, 11, 62]","[9, 7, 6]","[149, 7, 148]","[52, 2, 142]","[21, 145, 22]","[77, 11, 78]","[29, 173, 174]","[117, 37, 116]","[91, 97, 98]","[78, 77, 79]"
1516,"[58, 16, 20]","[97, 98, 1]","[46, 125, 157]","[178, 177, 180]","[130, 52, 129]","[149, 140, 141]","[61, 112, 111]","[136, 137, 130]","[0, 171, 54]","[153, 62, 149]","[173, 179, 178]","[171, 118, 38]"
1517,"[122, 18, 24]","[52, 53, 88]","[151, 115, 150]","[96, 170, 53]","[179, 173, 172]","[41, 42, 43]","[148, 30, 28]","[68, 85, 69]","[86, 7, 40]","[39, 132, 90]","[116, 110, 58]","[136, 175, 179]"
1518,"[166, 97, 103]","[28, 131, 150]","[165, 138, 163]","[142, 117, 38]","[138, 4, 139]","[115, 84, 116]","[48, 96, 95]","[57, 157, 156]","[3, 137, 177]","[174, 85, 173]","[169, 175, 168]","[155, 80, 121]"
1519,"[63, 39, 118]","[133, 132, 131]","[166, 21, 165]","[75, 81, 134]","[39, 89, 90]","[178, 164, 162]","[96, 28, 97]","[162, 10, 152]","[88, 132, 89]","[178, 20, 17]","[54, 60, 53]","[75, 74, 73]"
1520,"[133, 118, 135]","[53, 160, 159]","[90, 128, 100]","[43, 38, 41]","[17, 128, 18]","[35, 37, 36]","[126, 18, 176]","[38, 37, 36]","[15, 126, 14]","[37, 31, 38]","[2, 17, 1]","[50, 89, 51]"
1521,"[2, 74, 85]","[180, 179, 60]","[172, 28, 171]","[7, 8, 6]","[91, 46, 89]","[36, 37, 35]","[2, 81, 1]","[27, 26, 15]","[46, 126, 127]","[67, 66, 6]","[179, 171, 172]","[145, 123, 117]"
1522,"[149, 34, 74]","[79, 119, 121]","[159, 85, 84]","[37, 102, 103]","[137, 82, 93]","[110, 108, 111]","[144, 107, 126]","[177, 168, 176]","[72, 93, 71]","[110, 108, 109]","[50, 174, 49]","[180, 7, 8]"
1523,"[48, 138, 74]","[167, 119, 122]","[53, 12, 22]","[90, 79, 161]","[131, 121, 103]","[40, 41, 42]","[180, 50, 179]","[165, 31, 77]","[131, 124, 0]","[119, 38, 45]","[77, 7, 75]","[70, 152, 134]"
1524,"[163, 25, 145]","[92, 93, 78]","[134, 49, 133]","[82, 68, 81]","[147, 24, 45]","[91, 76, 35]","[33, 14, 13]","[162, 163, 7]","[119, 83, 82]","[5, 6, 10]","[148, 142, 180]","[97, 38, 95]"
1525,"[47, 23, 0]","[156, 152, 153]","[121, 6, 120]","[143, 167, 144]","[116, 42, 115]","[79, 75, 80]","[127, 174, 126]","[104, 143, 109]","[125, 51, 57]","[4, 130, 105]","[0, 19, 72]","[96, 93, 95]"
1526,"[146, 125, 104]","[64, 65, 75]","[175, 144, 173]","[161, 46, 48]","[95, 61, 96]","[158, 159, 3]","[29, 112, 87]","[50, 44, 45]","[61, 95, 62]","[176, 101, 22]","[1, 7, 0]","[153, 151, 162]"
1527,"[75, 99, 162]","[36, 50, 123]","[52, 24, 21]","[156, 155, 139]","[0, 113, 145]","[125, 124, 40]","[59, 23, 61]","[5, 52, 51]","[63, 22, 116]","[97, 96, 98]","[176, 8, 0]","[43, 42, 41]"
1528,"[0, 117, 121]","[168, 68, 175]","[78, 54, 111]","[28, 44, 45]","[166, 23, 111]","[40, 41, 42]","[117, 34, 112]","[80, 81, 79]","[157, 143, 158]","[62, 63, 53]","[11, 4, 10]","[14, 81, 76]"
1529,"[93, 138, 41]","[75, 74, 73]","[7, 142, 141]","[165, 77, 155]","[131, 30, 29]","[127, 126, 82]","[8, 153, 6]","[76, 74, 75]","[131, 30, 29]","[52, 0, 1]","[33, 9, 6]","[60, 76, 75]"
1530,"[110, 80, 82]","[47, 48, 105]","[155, 5, 154]","[118, 119, 120]","[153, 12, 150]","[180, 179, 178]","[155, 83, 82]","[111, 24, 23]","[63, 176, 62]","[178, 179, 180]","[180, 174, 160]","[106, 7, 8]"
1531,"[166, 142, 139]","[64, 65, 63]","[37, 156, 38]","[115, 90, 92]","[168, 6, 5]","[73, 88, 87]","[12, 157, 36]","[119, 2, 118]","[36, 14, 17]","[90, 87, 89]","[154, 13, 11]","[96, 139, 95]"
1532,"[152, 167, 168]","[106, 129, 134]","[106, 164, 105]","[39, 40, 75]","[37, 175, 174]","[128, 69, 129]","[175, 144, 145]","[157, 156, 158]","[37, 175, 174]","[128, 129, 70]","[61, 144, 137]","[11, 12, 10]"
1533,"[117, 69, 116]","[146, 147, 148]","[34, 63, 33]","[180, 141, 113]","[70, 20, 115]","[8, 9, 7]","[95, 63, 94]","[14, 48, 24]","[20, 70, 54]","[169, 176, 172]","[0, 27, 26]","[85, 57, 61]"
1534,"[31, 148, 147]","[169, 167, 75]","[178, 153, 90]","[51, 50, 119]","[127, 111, 123]","[57, 55, 84]","[22, 137, 23]","[176, 177, 175]","[0, 169, 123]","[54, 52, 16]","[4, 15, 2]","[162, 66, 163]"
1535,"[6, 148, 104]","[123, 122, 39]","[86, 149, 148]","[8, 7, 6]","[91, 140, 89]","[146, 97, 170]","[66, 99, 144]","[168, 169, 170]","[132, 63, 62]","[34, 38, 37]","[160, 151, 159]","[106, 107, 39]"
1536,"[27, 154, 26]","[29, 124, 97]","[87, 162, 91]","[37, 40, 139]","[129, 6, 7]","[163, 164, 165]","[180, 17, 50]","[96, 4, 3]","[160, 56, 1]","[115, 164, 116]","[0, 15, 1]","[96, 42, 95]"
1537,"[145, 12, 144]","[3, 2, 106]","[5, 179, 18]","[71, 116, 89]","[36, 79, 131]","[154, 155, 70]","[89, 6, 63]","[146, 54, 55]","[162, 128, 163]","[139, 137, 30]","[27, 11, 26]","[176, 175, 147]"
1538,"[121, 45, 120]","[160, 163, 161]","[86, 135, 21]","[169, 171, 168]","[111, 17, 110]","[127, 120, 124]","[180, 134, 151]","[167, 61, 166]","[23, 154, 27]","[83, 105, 104]","[168, 174, 167]","[145, 146, 144]"
1539,"[53, 177, 19]","[104, 105, 103]","[176, 153, 162]","[23, 25, 24]","[118, 22, 119]","[4, 1, 38]","[86, 44, 16]","[108, 78, 65]","[22, 118, 121]","[36, 37, 110]","[0, 11, 10]","[58, 57, 56]"
1540,"[175, 30, 155]","[75, 69, 74]","[3, 145, 2]","[171, 158, 172]","[113, 145, 117]","[157, 139, 138]","[113, 145, 112]","[161, 160, 40]","[179, 141, 2]","[155, 156, 157]","[178, 33, 180]","[63, 62, 160]"
1541,"[0, 9, 14]","[65, 64, 119]","[118, 174, 119]","[163, 127, 126]","[175, 22, 176]","[121, 82, 122]","[150, 116, 177]","[18, 51, 12]","[27, 176, 22]","[6, 64, 61]","[116, 15, 113]","[148, 147, 48]"
1542,"[117, 44, 90]","[165, 159, 151]","[74, 123, 75]","[16, 161, 15]","[91, 136, 90]","[7, 60, 4]","[104, 126, 136]","[45, 28, 175]","[60, 108, 161]","[0, 93, 1]","[0, 6, 1]","[117, 101, 116]"
1543,"[4, 135, 3]","[65, 66, 62]","[5, 68, 156]","[178, 114, 115]","[40, 165, 41]","[147, 152, 153]","[41, 148, 132]","[23, 24, 25]","[52, 170, 173]","[24, 89, 25]","[34, 11, 35]","[129, 111, 109]"
1544,"[129, 100, 130]","[50, 45, 46]","[22, 92, 23]","[39, 38, 167]","[3, 13, 1]","[53, 51, 52]","[71, 114, 164]","[110, 142, 82]","[122, 35, 124]","[146, 27, 28]","[0, 1, 6]","[148, 2, 109]"
1545,"[43, 123, 44]","[84, 88, 92]","[19, 100, 101]","[108, 120, 176]","[1, 64, 2]","[23, 110, 111]","[96, 64, 65]","[146, 114, 68]","[107, 145, 121]","[115, 111, 114]","[0, 23, 2]","[113, 114, 118]"
1546,"[0, 85, 2]","[19, 129, 135]","[124, 104, 125]","[29, 28, 27]","[5, 93, 3]","[124, 116, 66]","[47, 80, 59]","[112, 147, 111]","[109, 19, 172]","[125, 124, 121]","[157, 108, 59]","[159, 41, 160]"
1547,"[28, 144, 26]","[9, 110, 8]","[10, 154, 9]","[104, 115, 116]","[125, 93, 126]","[179, 178, 180]","[86, 138, 87]","[57, 153, 58]","[42, 101, 43]","[178, 179, 145]","[163, 169, 166]","[10, 11, 12]"
1548,"[74, 133, 73]","[162, 173, 174]","[108, 76, 75]","[68, 69, 167]","[10, 170, 152]","[174, 69, 173]","[19, 111, 180]","[28, 29, 67]","[171, 30, 170]","[118, 113, 112]","[1, 16, 0]","[118, 113, 93]"
1549,"[62, 149, 61]","[131, 130, 132]","[86, 19, 26]","[99, 97, 98]","[134, 42, 43]","[5, 90, 114]","[176, 33, 138]","[108, 106, 110]","[134, 42, 49]","[115, 5, 83]","[116, 73, 74]","[4, 5, 3]"
1550,"[0, 47, 179]","[63, 89, 123]","[121, 48, 47]","[174, 175, 166]","[176, 4, 5]","[17, 164, 67]","[51, 177, 178]","[156, 158, 157]","[43, 57, 4]","[68, 69, 67]","[126, 177, 81]","[86, 21, 22]"
1551,"[84, 7, 85]","[170, 32, 171]","[94, 40, 93]","[64, 81, 57]","[52, 163, 158]","[15, 44, 65]","[41, 86, 36]","[106, 173, 108]","[163, 89, 87]","[44, 42, 41]","[180, 173, 174]","[54, 51, 53]"
1552,"[8, 17, 9]","[126, 123, 122]","[147, 89, 4]","[159, 158, 160]","[143, 91, 90]","[113, 112, 114]","[151, 102, 106]","[56, 62, 77]","[76, 14, 78]","[157, 151, 164]","[76, 159, 75]","[136, 135, 132]"
1553,"[105, 96, 87]","[64, 27, 42]","[132, 5, 133]","[124, 90, 125]","[161, 17, 25]","[89, 92, 90]","[31, 8, 30]","[138, 140, 77]","[10, 35, 9]","[60, 87, 86]","[13, 20, 14]","[96, 97, 94]"
1554,"[14, 111, 12]","[94, 62, 57]","[79, 110, 85]","[64, 122, 65]","[149, 3, 156]","[28, 50, 54]","[156, 42, 74]","[108, 107, 109]","[151, 125, 150]","[26, 49, 65]","[143, 149, 144]","[55, 54, 81]"
1555,"[174, 32, 22]","[87, 86, 0]","[90, 51, 50]","[128, 83, 127]","[43, 124, 44]","[176, 179, 177]","[45, 128, 46]","[5, 6, 7]","[61, 106, 107]","[3, 0, 1]","[154, 160, 157]","[74, 36, 35]"
1556,"[170, 160, 159]","[8, 52, 90]","[79, 101, 100]","[39, 40, 41]","[159, 10, 14]","[140, 143, 67]","[101, 132, 51]","[117, 118, 10]","[90, 9, 13]","[142, 143, 140]","[47, 59, 45]","[43, 42, 151]"
1557,"[106, 13, 16]","[135, 136, 138]","[171, 135, 136]","[160, 103, 159]","[43, 148, 147]","[96, 172, 173]","[117, 32, 33]","[97, 19, 20]","[106, 47, 48]","[9, 164, 8]","[166, 172, 167]","[60, 61, 150]"
1558,"[8, 79, 7]","[44, 94, 112]","[27, 67, 141]","[19, 18, 56]","[88, 173, 23]","[149, 150, 148]","[172, 16, 15]","[73, 74, 43]","[37, 9, 38]","[110, 109, 111]","[9, 108, 112]","[67, 68, 66]"
1559,"[130, 179, 178]","[121, 120, 144]","[153, 9, 152]","[58, 122, 92]","[5, 149, 111]","[62, 61, 20]","[61, 8, 60]","[0, 1, 105]","[156, 12, 155]","[35, 109, 110]","[62, 11, 9]","[177, 178, 89]"
1560,"[130, 169, 149]","[36, 77, 78]","[109, 54, 110]","[145, 146, 150]","[18, 162, 19]","[149, 150, 168]","[110, 54, 92]","[173, 174, 175]","[41, 136, 116]","[86, 83, 152]","[5, 17, 4]","[131, 167, 132]"
1561,"[40, 148, 39]","[64, 156, 173]","[122, 54, 123]","[41, 155, 39]","[111, 21, 108]","[141, 142, 143]","[100, 12, 35]","[158, 160, 147]","[80, 53, 78]","[140, 15, 38]","[46, 11, 146]","[31, 91, 30]"
1562,"[71, 17, 72]","[122, 94, 95]","[33, 154, 169]","[91, 94, 95]","[15, 113, 114]","[92, 53, 30]","[114, 48, 113]","[20, 19, 139]","[66, 84, 65]","[92, 29, 25]","[62, 5, 63]","[49, 50, 51]"
1563,"[46, 130, 131]","[24, 22, 23]","[66, 126, 127]","[120, 121, 119]","[172, 28, 173]","[21, 18, 19]","[146, 111, 148]","[133, 3, 100]","[30, 52, 29]","[106, 21, 16]","[17, 4, 0]","[135, 136, 100]"
1564,"[163, 174, 161]","[34, 35, 145]","[84, 15, 85]","[178, 121, 179]","[169, 115, 139]","[124, 150, 149]","[76, 143, 75]","[140, 37, 137]","[103, 137, 104]","[152, 151, 153]","[17, 4, 16]","[53, 140, 139]"
1565,"[155, 11, 35]","[23, 22, 21]","[128, 40, 127]","[147, 152, 148]","[34, 152, 30]","[113, 62, 63]","[180, 155, 179]","[168, 167, 105]","[34, 152, 33]","[166, 121, 113]","[4, 10, 3]","[89, 31, 90]"
1566,"[3, 106, 4]","[88, 158, 156]","[49, 85, 50]","[3, 165, 96]","[92, 83, 84]","[103, 104, 107]","[83, 55, 84]","[122, 123, 128]","[83, 92, 84]","[99, 100, 103]","[136, 8, 7]","[49, 124, 123]"
1567,"[0, 130, 78]","[66, 65, 60]","[113, 156, 112]","[26, 118, 6]","[159, 20, 14]","[177, 105, 178]","[1, 140, 2]","[28, 29, 33]","[159, 20, 124]","[100, 177, 178]","[175, 20, 19]","[106, 107, 60]"
1568,"[125, 46, 124]","[95, 82, 133]","[39, 177, 178]","[95, 141, 142]","[54, 102, 128]","[34, 85, 86]","[49, 158, 157]","[85, 177, 178]","[126, 51, 18]","[77, 78, 87]","[0, 17, 1]","[100, 101, 108]"
1569,"[88, 154, 87]","[45, 46, 47]","[41, 143, 39]","[105, 104, 96]","[35, 168, 36]","[77, 88, 107]","[158, 129, 128]","[30, 28, 29]","[118, 83, 85]","[77, 76, 81]","[0, 24, 27]","[36, 96, 97]"
1570,"[165, 21, 166]","[59, 47, 54]","[3, 25, 156]","[94, 28, 92]","[28, 84, 30]","[129, 62, 43]","[167, 118, 165]","[64, 62, 63]","[40, 147, 41]","[60, 62, 128]","[0, 13, 1]","[68, 64, 67]"
1571,"[167, 17, 166]","[41, 42, 40]","[132, 62, 61]","[19, 87, 21]","[35, 58, 34]","[123, 45, 148]","[158, 136, 69]","[168, 167, 166]","[58, 34, 60]","[123, 45, 148]","[2, 41, 0]","[79, 119, 137]"
1572,"[71, 22, 23]","[101, 80, 100]","[142, 39, 38]","[80, 79, 77]","[71, 17, 90]","[109, 63, 141]","[136, 76, 73]","[10, 8, 9]","[15, 72, 73]","[109, 55, 142]","[4, 11, 10]","[50, 140, 152]"
1573,"[157, 6, 167]","[172, 174, 47]","[19, 125, 20]","[75, 74, 77]","[75, 5, 80]","[34, 33, 32]","[73, 19, 20]","[36, 32, 35]","[68, 118, 96]","[179, 180, 177]","[0, 18, 1]","[60, 109, 161]"
1574,"[180, 106, 123]","[28, 25, 34]","[30, 3, 2]","[167, 65, 171]","[107, 50, 47]","[157, 24, 23]","[65, 141, 64]","[12, 11, 10]","[1, 175, 50]","[141, 138, 139]","[6, 12, 9]","[110, 123, 111]"
1575,"[154, 118, 136]","[53, 52, 42]","[59, 107, 61]","[152, 153, 3]","[178, 86, 14]","[137, 136, 18]","[90, 28, 168]","[142, 141, 144]","[104, 167, 103]","[134, 18, 17]","[61, 117, 4]","[36, 37, 38]"
1576,"[169, 107, 170]","[130, 67, 80]","[176, 75, 177]","[46, 162, 161]","[64, 87, 62]","[3, 2, 15]","[15, 105, 81]","[138, 135, 136]","[87, 64, 85]","[3, 7, 162]","[58, 168, 59]","[94, 95, 88]"
1577,"[58, 170, 162]","[23, 91, 92]","[99, 52, 53]","[70, 64, 178]","[180, 4, 179]","[81, 154, 93]","[52, 152, 53]","[64, 61, 63]","[119, 176, 180]","[80, 82, 79]","[17, 26, 27]","[118, 116, 117]"
1578,"[160, 94, 97]","[147, 146, 145]","[124, 69, 90]","[7, 4, 8]","[63, 168, 171]","[48, 49, 92]","[92, 137, 93]","[150, 79, 1]","[171, 66, 168]","[53, 49, 50]","[3, 13, 12]","[43, 44, 42]"
1579,"[162, 135, 96]","[83, 84, 153]","[146, 55, 148]","[63, 78, 79]","[3, 160, 2]","[115, 116, 114]","[52, 143, 53]","[67, 173, 172]","[3, 160, 2]","[163, 116, 115]","[0, 6, 7]","[171, 147, 162]"
1580,"[171, 32, 180]","[109, 108, 106]","[36, 78, 177]","[67, 68, 69]","[2, 11, 5]","[119, 44, 40]","[168, 24, 21]","[64, 66, 63]","[131, 147, 153]","[119, 39, 120]","[166, 5, 1]","[30, 141, 28]"
1581,"[172, 28, 27]","[80, 94, 71]","[0, 86, 77]","[145, 34, 148]","[53, 141, 140]","[22, 109, 23]","[16, 92, 91]","[160, 154, 155]","[29, 179, 141]","[166, 134, 136]","[0, 14, 13]","[138, 59, 137]"
1582,"[44, 36, 43]","[150, 67, 66]","[92, 128, 25]","[156, 157, 153]","[0, 6, 1]","[151, 121, 150]","[92, 128, 91]","[100, 60, 48]","[15, 176, 14]","[116, 115, 163]","[2, 8, 1]","[97, 58, 100]"
1583,"[131, 73, 132]","[103, 107, 102]","[90, 175, 177]","[54, 139, 138]","[163, 42, 162]","[52, 51, 122]","[35, 122, 120]","[49, 48, 47]","[111, 44, 176]","[55, 54, 53]","[178, 13, 179]","[33, 31, 34]"
1584,"[61, 72, 73]","[48, 49, 147]","[30, 172, 31]","[151, 146, 147]","[80, 106, 50]","[164, 162, 165]","[80, 35, 83]","[121, 98, 96]","[93, 9, 94]","[16, 164, 123]","[2, 16, 1]","[127, 126, 128]"
1585,"[80, 125, 124]","[70, 69, 72]","[139, 34, 140]","[78, 79, 126]","[133, 9, 131]","[166, 154, 165]","[132, 26, 133]","[122, 9, 8]","[133, 9, 7]","[33, 27, 32]","[18, 30, 31]","[78, 79, 116]"
1586,"[76, 96, 95]","[40, 1, 39]","[54, 93, 49]","[166, 117, 116]","[84, 35, 86]","[132, 177, 54]","[153, 126, 152]","[3, 4, 5]","[62, 32, 37]","[17, 18, 177]","[80, 86, 81]","[114, 113, 111]"
1587,"[175, 27, 28]","[156, 112, 118]","[17, 161, 21]","[73, 106, 83]","[0, 130, 73]","[42, 43, 39]","[13, 115, 12]","[85, 86, 43]","[90, 8, 130]","[44, 36, 37]","[160, 154, 155]","[106, 105, 112]"
1588,"[19, 31, 151]","[89, 88, 64]","[137, 32, 157]","[82, 30, 84]","[48, 160, 146]","[23, 120, 26]","[46, 92, 90]","[179, 180, 170]","[153, 41, 124]","[66, 157, 120]","[3, 158, 4]","[58, 42, 41]"
1589,"[77, 22, 75]","[90, 15, 14]","[4, 11, 5]","[156, 159, 162]","[138, 115, 137]","[61, 175, 145]","[4, 35, 2]","[56, 156, 180]","[81, 115, 80]","[58, 59, 139]","[159, 165, 157]","[33, 59, 60]"
1590,"[126, 14, 125]","[89, 95, 94]","[158, 105, 101]","[95, 141, 96]","[0, 148, 152]","[58, 63, 40]","[75, 45, 47]","[2, 1, 169]","[152, 8, 153]","[41, 40, 88]","[179, 6, 180]","[98, 43, 30]"
1591,"[52, 81, 83]","[117, 149, 159]","[149, 5, 132]","[103, 99, 101]","[176, 93, 177]","[25, 135, 24]","[28, 120, 23]","[104, 103, 102]","[150, 139, 149]","[72, 73, 30]","[151, 145, 146]","[63, 65, 69]"
1592,"[136, 179, 80]","[50, 53, 159]","[180, 8, 1]","[23, 41, 43]","[145, 25, 24]","[39, 93, 36]","[9, 27, 26]","[86, 83, 84]","[110, 4, 25]","[70, 71, 93]","[173, 13, 12]","[86, 34, 85]"
1593,"[69, 143, 85]","[128, 129, 93]","[48, 76, 77]","[127, 131, 128]","[69, 29, 28]","[148, 146, 12]","[16, 71, 70]","[37, 145, 35]","[179, 27, 71]","[148, 146, 147]","[86, 137, 83]","[50, 175, 93]"
1594,"[147, 6, 5]","[89, 99, 98]","[38, 141, 40]","[147, 148, 149]","[64, 16, 15]","[25, 180, 178]","[75, 163, 74]","[87, 86, 88]","[18, 67, 17]","[116, 41, 127]","[20, 2, 1]","[53, 54, 52]"
1595,"[1, 86, 2]","[32, 31, 30]","[20, 164, 163]","[39, 127, 38]","[153, 105, 178]","[145, 73, 74]","[177, 119, 178]","[4, 133, 3]","[104, 178, 105]","[73, 145, 159]","[34, 5, 37]","[133, 134, 135]"
1596,"[105, 11, 10]","[22, 23, 24]","[144, 8, 15]","[49, 47, 48]","[54, 4, 71]","[102, 104, 105]","[170, 74, 54]","[143, 180, 144]","[54, 4, 154]","[14, 15, 93]","[179, 116, 178]","[26, 157, 72]"
1597,"[24, 168, 2]","[88, 87, 86]","[4, 18, 44]","[177, 75, 104]","[7, 86, 6]","[69, 31, 68]","[164, 114, 166]","[50, 51, 93]","[19, 12, 20]","[168, 104, 173]","[9, 19, 8]","[31, 30, 29]"
1598,"[82, 13, 14]","[154, 151, 113]","[123, 38, 37]","[71, 80, 81]","[180, 138, 3]","[174, 88, 171]","[39, 10, 176]","[63, 61, 62]","[23, 10, 22]","[158, 159, 40]","[139, 163, 141]","[61, 94, 93]"
1599,"[59, 144, 143]","[2, 68, 69]","[151, 4, 16]","[103, 89, 108]","[100, 21, 98]","[84, 61, 73]","[151, 158, 160]","[100, 28, 112]","[167, 108, 168]","[72, 88, 70]","[0, 7, 6]","[49, 50, 67]"
1600,"[115, 59, 60]","[3, 2, 4]","[120, 14, 122]","[102, 100, 101]","[75, 17, 76]","[4, 30, 83]","[67, 124, 66]","[140, 8, 141]","[17, 75, 18]","[5, 4, 30]","[179, 173, 180]","[115, 116, 136]"
1601,"[18, 3, 2]","[84, 100, 81]","[128, 76, 124]","[30, 102, 87]","[86, 131, 87]","[142, 129, 43]","[23, 6, 21]","[42, 43, 41]","[86, 131, 132]","[40, 120, 166]","[132, 8, 10]","[43, 41, 44]"
1602,"[161, 174, 173]","[36, 69, 68]","[8, 129, 128]","[134, 137, 136]","[125, 153, 124]","[87, 44, 45]","[132, 163, 131]","[61, 60, 59]","[153, 122, 154]","[87, 175, 80]","[19, 33, 20]","[102, 105, 93]"
1603,"[0, 49, 50]","[141, 109, 110]","[69, 25, 68]","[45, 87, 86]","[174, 19, 173]","[28, 138, 87]","[139, 95, 58]","[7, 6, 3]","[19, 174, 173]","[29, 34, 138]","[50, 163, 20]","[129, 130, 128]"
1604,"[180, 143, 179]","[77, 76, 169]","[78, 169, 77]","[104, 71, 135]","[144, 82, 120]","[165, 0, 5]","[144, 33, 145]","[86, 15, 90]","[18, 45, 17]","[0, 1, 63]","[15, 8, 14]","[180, 69, 70]"
1605,"[18, 147, 148]","[128, 127, 126]","[108, 5, 6]","[13, 37, 174]","[117, 16, 118]","[98, 97, 99]","[32, 11, 12]","[72, 71, 47]","[17, 91, 113]","[2, 3, 4]","[5, 11, 6]","[79, 60, 80]"
1606,"[63, 108, 64]","[5, 6, 36]","[79, 121, 80]","[37, 86, 87]","[63, 154, 31]","[34, 37, 36]","[49, 162, 70]","[155, 154, 130]","[154, 63, 99]","[37, 4, 34]","[12, 155, 156]","[17, 19, 21]"
1607,"[174, 91, 178]","[76, 74, 79]","[57, 131, 124]","[38, 139, 167]","[56, 157, 137]","[76, 36, 37]","[63, 20, 64]","[140, 144, 149]","[157, 56, 3]","[37, 38, 35]","[151, 40, 23]","[61, 146, 9]"
1608,"[49, 96, 50]","[119, 115, 54]","[162, 18, 19]","[34, 116, 148]","[161, 117, 118]","[109, 147, 112]","[162, 152, 175]","[21, 68, 20]","[0, 27, 131]","[45, 46, 178]","[54, 82, 74]","[10, 180, 3]"
1609,"[32, 147, 146]","[51, 19, 49]","[52, 72, 46]","[163, 160, 142]","[86, 33, 82]","[50, 18, 137]","[48, 164, 46]","[144, 99, 143]","[3, 170, 169]","[139, 108, 140]","[137, 144, 131]","[93, 33, 29]"
1610,"[178, 144, 120]","[93, 92, 23]","[120, 138, 121]","[0, 178, 39]","[4, 87, 117]","[31, 32, 61]","[28, 71, 152]","[11, 10, 7]","[153, 9, 152]","[116, 77, 78]","[179, 12, 178]","[81, 80, 79]"
1611,"[8, 112, 111]","[33, 163, 32]","[66, 89, 90]","[85, 155, 154]","[157, 13, 28]","[96, 59, 57]","[162, 23, 171]","[88, 97, 90]","[125, 31, 124]","[93, 174, 150]","[33, 39, 38]","[89, 88, 87]"
1612,"[162, 9, 141]","[134, 135, 152]","[107, 28, 29]","[142, 85, 133]","[22, 104, 47]","[118, 133, 134]","[179, 11, 35]","[47, 50, 175]","[22, 104, 111]","[6, 5, 123]","[3, 155, 0]","[10, 9, 11]"
1613,"[15, 119, 118]","[140, 143, 141]","[25, 5, 117]","[170, 175, 169]","[166, 22, 3]","[87, 86, 114]","[111, 30, 72]","[130, 44, 87]","[25, 167, 30]","[86, 89, 87]","[34, 51, 52]","[160, 159, 133]"
1614,"[21, 9, 23]","[62, 51, 61]","[151, 96, 152]","[111, 112, 130]","[62, 149, 150]","[173, 174, 172]","[78, 17, 18]","[69, 48, 8]","[34, 110, 111]","[172, 175, 169]","[0, 1, 2]","[3, 4, 5]"
1615,"[46, 176, 175]","[142, 77, 140]","[49, 107, 104]","[131, 81, 130]","[18, 95, 94]","[153, 152, 133]","[175, 36, 85]","[11, 10, 12]","[2, 10, 1]","[143, 31, 68]","[164, 7, 165]","[86, 83, 84]"
1616,"[173, 131, 174]","[33, 41, 32]","[130, 6, 116]","[89, 88, 90]","[50, 5, 4]","[131, 104, 130]","[30, 60, 15]","[87, 88, 42]","[77, 6, 51]","[129, 130, 131]","[5, 11, 0]","[83, 95, 93]"
1617,"[80, 28, 177]","[46, 39, 161]","[111, 133, 134]","[11, 10, 4]","[180, 40, 46]","[1, 19, 2]","[131, 55, 130]","[168, 93, 169]","[180, 40, 148]","[91, 4, 17]","[44, 118, 43]","[83, 84, 82]"
1618,"[119, 71, 159]","[149, 0, 39]","[44, 99, 40]","[75, 58, 57]","[177, 13, 12]","[77, 65, 75]","[32, 87, 86]","[0, 140, 144]","[177, 13, 176]","[92, 139, 91]","[21, 11, 18]","[40, 39, 38]"
1619,"[157, 7, 158]","[51, 80, 139]","[22, 131, 133]","[33, 170, 173]","[153, 82, 127]","[42, 107, 41]","[144, 62, 143]","[72, 73, 70]","[127, 48, 156]","[39, 41, 38]","[0, 9, 3]","[27, 26, 97]"
1620,"[145, 163, 165]","[35, 75, 74]","[139, 86, 87]","[103, 102, 121]","[153, 93, 154]","[76, 75, 84]","[95, 150, 96]","[110, 112, 111]","[59, 107, 17]","[144, 46, 47]","[164, 33, 166]","[120, 112, 116]"
1621,"[61, 152, 156]","[35, 87, 18]","[68, 155, 156]","[178, 105, 38]","[164, 42, 18]","[104, 106, 93]","[40, 26, 41]","[88, 89, 56]","[17, 156, 18]","[105, 92, 97]","[31, 7, 23]","[115, 125, 123]"
1622,"[130, 5, 129]","[76, 79, 77]","[37, 63, 62]","[106, 79, 104]","[8, 37, 132]","[84, 83, 141]","[132, 158, 162]","[35, 31, 78]","[178, 49, 179]","[119, 121, 120]","[0, 26, 22]","[120, 119, 58]"
1623,"[4, 33, 6]","[81, 94, 93]","[84, 101, 90]","[27, 26, 46]","[173, 29, 30]","[76, 89, 90]","[175, 31, 176]","[67, 68, 119]","[131, 148, 130]","[49, 152, 77]","[2, 31, 1]","[67, 83, 127]"
1624,"[160, 16, 20]","[46, 47, 92]","[64, 140, 63]","[28, 27, 29]","[3, 111, 163]","[93, 34, 75]","[63, 128, 129]","[90, 89, 88]","[72, 144, 100]","[141, 140, 142]","[38, 15, 37]","[134, 65, 2]"
1625,"[41, 98, 42]","[169, 147, 170]","[15, 94, 93]","[153, 154, 158]","[41, 97, 40]","[137, 139, 74]","[50, 29, 53]","[175, 46, 174]","[159, 4, 156]","[148, 43, 44]","[180, 31, 179]","[103, 98, 97]"
1626,"[75, 34, 77]","[146, 145, 167]","[18, 67, 68]","[126, 125, 127]","[56, 170, 169]","[30, 152, 153]","[57, 48, 59]","[2, 1, 92]","[124, 34, 32]","[40, 131, 130]","[2, 9, 0]","[119, 113, 117]"
1627,"[33, 151, 72]","[122, 123, 13]","[45, 10, 11]","[148, 149, 150]","[17, 53, 47]","[58, 60, 24]","[70, 131, 68]","[162, 163, 165]","[161, 10, 160]","[24, 25, 26]","[177, 130, 35]","[20, 21, 13]"
1628,"[74, 10, 75]","[105, 144, 103]","[126, 47, 123]","[105, 106, 65]","[168, 77, 169]","[46, 104, 102]","[165, 109, 164]","[27, 71, 49]","[2, 136, 157]","[113, 91, 45]","[164, 170, 171]","[166, 56, 169]"
1629,"[52, 60, 50]","[101, 103, 100]","[166, 32, 165]","[68, 63, 60]","[16, 35, 82]","[142, 99, 98]","[0, 145, 1]","[10, 9, 83]","[155, 80, 154]","[117, 2, 3]","[180, 1, 167]","[111, 89, 90]"
1630,"[155, 104, 152]","[48, 53, 47]","[107, 144, 104]","[24, 27, 50]","[17, 8, 2]","[52, 132, 33]","[172, 149, 148]","[94, 84, 123]","[1, 10, 2]","[56, 50, 177]","[153, 6, 164]","[117, 65, 116]"
1631,"[0, 49, 56]","[98, 111, 97]","[48, 37, 47]","[87, 88, 86]","[79, 156, 45]","[22, 24, 63]","[46, 11, 47]","[111, 87, 71]","[41, 102, 38]","[15, 14, 13]","[0, 9, 6]","[76, 126, 77]"
1632,"[71, 159, 70]","[51, 50, 49]","[154, 111, 155]","[92, 94, 95]","[19, 160, 31]","[40, 39, 54]","[26, 105, 106]","[97, 93, 20]","[114, 86, 113]","[146, 27, 87]","[24, 30, 25]","[123, 122, 166]"
1633,"[1, 126, 167]","[114, 11, 113]","[7, 110, 109]","[33, 34, 31]","[171, 153, 105]","[93, 94, 99]","[34, 103, 104]","[177, 176, 62]","[146, 14, 106]","[93, 94, 87]","[4, 14, 30]","[130, 160, 174]"
1634,"[154, 30, 178]","[161, 160, 167]","[2, 94, 1]","[105, 90, 89]","[167, 173, 176]","[84, 138, 91]","[168, 122, 169]","[126, 40, 39]","[154, 162, 160]","[59, 60, 83]","[3, 12, 2]","[139, 146, 147]"
1635,"[1, 31, 151]","[66, 67, 87]","[96, 42, 88]","[30, 8, 169]","[149, 118, 102]","[41, 42, 98]","[117, 60, 0]","[110, 53, 54]","[147, 167, 133]","[42, 63, 9]","[23, 11, 0]","[160, 121, 159]"
1636,"[82, 10, 11]","[18, 114, 89]","[22, 165, 164]","[38, 34, 36]","[10, 118, 9]","[170, 81, 172]","[74, 135, 134]","[43, 46, 42]","[114, 5, 6]","[89, 91, 88]","[174, 15, 175]","[81, 80, 77]"
1637,"[87, 115, 156]","[142, 108, 29]","[87, 119, 89]","[65, 172, 54]","[59, 112, 165]","[153, 178, 128]","[24, 131, 90]","[14, 51, 36]","[59, 112, 58]","[129, 130, 95]","[180, 174, 173]","[147, 144, 97]"
1638,"[120, 134, 177]","[2, 9, 3]","[161, 17, 160]","[70, 71, 62]","[63, 179, 180]","[99, 100, 88]","[124, 101, 123]","[160, 129, 157]","[57, 152, 24]","[99, 100, 92]","[9, 3, 2]","[107, 33, 34]"
1639,"[5, 18, 14]","[159, 82, 49]","[28, 8, 9]","[59, 54, 55]","[165, 133, 163]","[180, 72, 71]","[114, 28, 26]","[62, 61, 71]","[175, 37, 109]","[10, 115, 11]","[0, 20, 19]","[53, 54, 24]"
1640,"[148, 158, 149]","[0, 103, 83]","[57, 32, 58]","[162, 161, 164]","[0, 39, 29]","[94, 160, 158]","[71, 57, 58]","[157, 104, 105]","[173, 10, 172]","[160, 161, 162]","[67, 53, 54]","[135, 147, 136]"
1641,"[51, 99, 95]","[7, 170, 59]","[143, 41, 82]","[68, 69, 107]","[92, 73, 52]","[7, 110, 8]","[81, 7, 104]","[131, 133, 134]","[134, 75, 76]","[68, 7, 69]","[0, 6, 110]","[136, 134, 135]"
1642,"[148, 38, 146]","[67, 68, 64]","[169, 141, 140]","[127, 128, 43]","[78, 112, 18]","[128, 3, 127]","[57, 4, 56]","[115, 121, 117]","[27, 173, 78]","[127, 148, 128]","[0, 7, 6]","[8, 9, 143]"
1643,"[50, 93, 92]","[89, 69, 143]","[162, 94, 95]","[12, 11, 13]","[50, 83, 84]","[68, 116, 30]","[151, 174, 152]","[27, 120, 5]","[50, 83, 51]","[122, 168, 121]","[179, 173, 180]","[81, 79, 82]"
1644,"[39, 126, 176]","[1, 60, 15]","[106, 21, 13]","[123, 118, 124]","[30, 8, 29]","[77, 76, 122]","[179, 69, 150]","[133, 170, 159]","[29, 7, 8]","[0, 50, 51]","[18, 10, 19]","[155, 151, 154]"
1645,"[151, 113, 152]","[6, 132, 17]","[113, 77, 76]","[176, 144, 32]","[108, 131, 130]","[17, 14, 69]","[83, 55, 56]","[49, 10, 46]","[115, 151, 117]","[17, 19, 15]","[0, 20, 18]","[152, 117, 119]"
1646,"[0, 44, 57]","[82, 20, 34]","[0, 128, 129]","[97, 92, 98]","[5, 76, 4]","[51, 180, 63]","[161, 102, 162]","[73, 74, 110]","[167, 112, 168]","[36, 33, 51]","[177, 12, 9]","[103, 53, 66]"
1647,"[180, 38, 37]","[146, 77, 78]","[110, 14, 4]","[141, 34, 69]","[169, 25, 26]","[140, 110, 135]","[14, 134, 133]","[159, 105, 5]","[23, 16, 17]","[74, 118, 72]","[3, 15, 4]","[160, 103, 101]"
1648,"[0, 56, 69]","[7, 9, 15]","[37, 108, 38]","[132, 130, 131]","[23, 167, 22]","[34, 33, 32]","[56, 68, 55]","[18, 19, 20]","[61, 110, 136]","[164, 163, 166]","[41, 35, 36]","[26, 27, 25]"
1649,"[109, 101, 110]","[60, 0, 63]","[85, 51, 36]","[146, 125, 148]","[113, 7, 8]","[102, 66, 60]","[153, 161, 157]","[60, 134, 135]","[147, 176, 174]","[120, 98, 102]","[180, 167, 166]","[50, 49, 44]"
1650,"[43, 157, 158]","[22, 20, 102]","[147, 57, 58]","[4, 1, 5]","[97, 16, 99]","[87, 106, 174]","[51, 31, 15]","[133, 135, 132]","[21, 102, 20]","[87, 177, 172]","[18, 25, 24]","[29, 32, 33]"
1651,"[62, 109, 63]","[15, 14, 159]","[167, 28, 166]","[48, 50, 95]","[99, 65, 98]","[51, 37, 121]","[86, 49, 64]","[100, 99, 142]","[130, 152, 131]","[16, 55, 56]","[5, 11, 4]","[73, 72, 144]"
1652,"[81, 21, 175]","[61, 60, 128]","[10, 154, 152]","[124, 129, 56]","[163, 142, 164]","[18, 78, 19]","[163, 9, 62]","[1, 27, 0]","[41, 153, 143]","[78, 76, 24]","[160, 128, 163]","[176, 53, 96]"
1653,"[48, 12, 49]","[114, 115, 60]","[83, 73, 82]","[149, 123, 145]","[21, 104, 103]","[55, 56, 58]","[161, 137, 32]","[9, 8, 116]","[176, 14, 139]","[109, 112, 110]","[0, 6, 1]","[16, 21, 23]"
1654,"[147, 92, 149]","[36, 35, 118]","[93, 61, 60]","[47, 3, 138]","[41, 145, 152]","[167, 165, 166]","[58, 23, 75]","[111, 110, 112]","[33, 144, 35]","[19, 18, 20]","[39, 57, 29]","[66, 106, 67]"
1655,"[152, 59, 151]","[113, 112, 114]","[98, 11, 97]","[163, 164, 165]","[177, 55, 178]","[102, 104, 107]","[145, 132, 133]","[22, 75, 74]","[59, 152, 153]","[132, 14, 172]","[20, 33, 30]","[72, 73, 65]"
1656,"[180, 6, 99]","[18, 17, 90]","[145, 137, 146]","[168, 171, 41]","[169, 25, 168]","[142, 35, 79]","[69, 152, 153]","[36, 37, 35]","[52, 32, 112]","[134, 133, 135]","[24, 31, 25]","[103, 104, 77]"
1657,"[165, 172, 178]","[43, 42, 19]","[139, 1, 138]","[103, 77, 130]","[159, 89, 88]","[132, 133, 134]","[124, 42, 6]","[180, 105, 104]","[3, 164, 171]","[132, 133, 131]","[6, 36, 4]","[76, 138, 136]"
1658,"[131, 107, 109]","[8, 9, 7]","[153, 9, 152]","[59, 60, 57]","[174, 98, 94]","[73, 72, 70]","[88, 148, 87]","[15, 18, 17]","[36, 137, 136]","[68, 67, 66]","[73, 67, 68]","[175, 176, 174]"
1659,"[147, 94, 93]","[70, 71, 72]","[3, 11, 2]","[152, 150, 151]","[103, 6, 179]","[35, 36, 38]","[106, 48, 46]","[17, 20, 19]","[6, 103, 26]","[32, 34, 35]","[0, 22, 23]","[176, 168, 59]"
1660,"[96, 66, 67]","[41, 38, 28]","[24, 110, 25]","[167, 130, 129]","[131, 158, 77]","[82, 102, 103]","[117, 5, 6]","[109, 139, 110]","[54, 131, 135]","[25, 26, 27]","[76, 82, 69]","[43, 108, 60]"
1661,"[148, 174, 147]","[35, 36, 34]","[141, 169, 140]","[42, 41, 43]","[112, 71, 113]","[75, 76, 54]","[27, 21, 19]","[83, 73, 72]","[94, 116, 93]","[57, 58, 39]","[141, 128, 133]","[58, 74, 59]"
1662,"[21, 70, 71]","[5, 4, 3]","[159, 128, 158]","[94, 103, 102]","[172, 125, 171]","[11, 108, 107]","[169, 99, 79]","[153, 152, 31]","[50, 28, 29]","[13, 177, 12]","[167, 175, 176]","[156, 73, 42]"
1663,"[26, 12, 21]","[63, 96, 65]","[138, 115, 44]","[9, 175, 94]","[11, 17, 9]","[180, 36, 178]","[166, 16, 15]","[115, 116, 113]","[110, 43, 111]","[148, 167, 62]","[6, 13, 5]","[158, 160, 159]"
1664,"[65, 117, 11]","[79, 45, 25]","[152, 165, 166]","[4, 3, 1]","[137, 34, 33]","[46, 45, 156]","[61, 107, 62]","[3, 101, 134]","[180, 13, 113]","[52, 65, 45]","[0, 15, 3]","[81, 84, 71]"
1665,"[60, 144, 59]","[81, 82, 46]","[76, 121, 78]","[95, 94, 97]","[175, 160, 180]","[100, 93, 91]","[105, 48, 163]","[150, 143, 142]","[155, 170, 5]","[95, 96, 39]","[2, 129, 37]","[85, 90, 87]"
1666,"[172, 42, 171]","[153, 152, 154]","[108, 48, 46]","[159, 157, 158]","[139, 120, 140]","[12, 13, 9]","[158, 50, 51]","[89, 72, 94]","[139, 32, 1]","[165, 164, 66]","[32, 38, 40]","[142, 143, 151]"
1667,"[32, 25, 13]","[103, 104, 127]","[100, 135, 116]","[49, 4, 175]","[0, 14, 1]","[96, 118, 97]","[30, 56, 80]","[154, 14, 174]","[57, 103, 85]","[36, 35, 121]","[31, 15, 30]","[173, 174, 157]"
1668,"[71, 162, 72]","[132, 81, 115]","[47, 14, 4]","[138, 116, 140]","[14, 86, 85]","[124, 132, 125]","[180, 148, 147]","[99, 103, 143]","[17, 89, 90]","[136, 137, 147]","[115, 125, 17]","[21, 22, 23]"
1669,"[172, 60, 61]","[33, 117, 155]","[5, 97, 4]","[58, 62, 54]","[15, 78, 116]","[145, 146, 150]","[140, 17, 99]","[63, 170, 90]","[65, 5, 176]","[135, 136, 137]","[0, 14, 1]","[165, 161, 162]"
1670,"[38, 7, 77]","[15, 154, 16]","[90, 96, 163]","[69, 9, 56]","[51, 8, 180]","[115, 114, 108]","[112, 145, 111]","[169, 60, 59]","[51, 8, 180]","[121, 122, 112]","[124, 101, 125]","[171, 176, 84]"
1671,"[128, 96, 155]","[86, 66, 136]","[133, 99, 20]","[51, 13, 7]","[23, 31, 32]","[55, 57, 58]","[146, 78, 26]","[87, 86, 85]","[31, 176, 82]","[164, 107, 110]","[23, 12, 14]","[75, 76, 74]"
1672,"[73, 167, 168]","[136, 146, 145]","[22, 65, 64]","[121, 120, 119]","[43, 12, 44]","[93, 69, 139]","[134, 3, 20]","[0, 90, 112]","[46, 113, 112]","[39, 101, 123]","[178, 92, 177]","[132, 61, 57]"
1673,"[22, 151, 21]","[42, 51, 61]","[162, 10, 161]","[116, 173, 112]","[95, 125, 21]","[35, 3, 0]","[158, 48, 143]","[120, 121, 130]","[70, 143, 122]","[72, 178, 71]","[3, 11, 4]","[83, 84, 74]"
1674,"[136, 152, 137]","[97, 25, 100]","[164, 94, 53]","[37, 36, 34]","[179, 29, 178]","[64, 80, 76]","[82, 113, 112]","[33, 45, 127]","[3, 169, 150]","[62, 148, 61]","[180, 174, 20]","[39, 38, 46]"
1675,"[61, 158, 60]","[28, 121, 124]","[105, 21, 106]","[153, 154, 152]","[0, 39, 29]","[125, 124, 60]","[153, 87, 60]","[63, 46, 1]","[117, 97, 138]","[49, 174, 175]","[0, 7, 6]","[107, 106, 26]"
1676,"[6, 150, 151]","[106, 105, 103]","[167, 14, 168]","[81, 82, 99]","[146, 2, 3]","[177, 178, 179]","[115, 48, 176]","[164, 165, 163]","[0, 6, 1]","[49, 52, 175]","[22, 12, 14]","[78, 79, 77]"
1677,"[6, 105, 106]","[149, 145, 150]","[108, 83, 51]","[12, 11, 177]","[162, 168, 161]","[136, 138, 137]","[95, 167, 20]","[142, 124, 125]","[160, 166, 168]","[138, 139, 59]","[180, 172, 178]","[47, 48, 104]"
1678,"[171, 27, 172]","[120, 2, 121]","[162, 7, 51]","[47, 48, 107]","[0, 123, 40]","[108, 107, 104]","[120, 98, 121]","[72, 71, 51]","[69, 52, 73]","[17, 105, 126]","[48, 127, 49]","[58, 117, 59]"
1679,"[15, 9, 16]","[105, 103, 104]","[180, 91, 179]","[100, 101, 104]","[76, 26, 27]","[46, 53, 45]","[177, 14, 178]","[52, 53, 94]","[129, 159, 160]","[44, 30, 45]","[0, 80, 79]","[134, 136, 137]"
1680,"[178, 98, 28]","[52, 4, 86]","[16, 148, 17]","[173, 134, 174]","[124, 42, 105]","[22, 21, 95]","[165, 174, 173]","[179, 105, 106]","[4, 135, 134]","[62, 61, 157]","[173, 7, 172]","[117, 150, 118]"
1681,"[145, 112, 147]","[126, 132, 66]","[107, 69, 70]","[53, 56, 57]","[85, 142, 84]","[160, 159, 99]","[119, 72, 120]","[137, 136, 135]","[64, 128, 141]","[171, 36, 172]","[156, 149, 155]","[26, 29, 24]"
1682,"[46, 11, 138]","[82, 160, 153]","[138, 109, 7]","[57, 164, 56]","[29, 23, 28]","[83, 79, 85]","[161, 167, 164]","[135, 134, 131]","[91, 76, 29]","[63, 64, 55]","[0, 13, 12]","[98, 89, 99]"
1683,"[180, 93, 91]","[144, 58, 143]","[93, 4, 5]","[58, 33, 14]","[18, 162, 164]","[59, 77, 58]","[9, 106, 59]","[150, 151, 136]","[20, 7, 6]","[79, 80, 81]","[1, 7, 0]","[124, 123, 122]"
1684,"[18, 3, 93]","[153, 154, 143]","[49, 157, 15]","[167, 166, 88]","[54, 80, 79]","[88, 89, 86]","[25, 3, 180]","[104, 69, 102]","[53, 81, 34]","[86, 124, 87]","[34, 166, 31]","[57, 56, 58]"
1685,"[100, 30, 29]","[85, 76, 74]","[15, 103, 101]","[150, 149, 63]","[35, 105, 104]","[70, 71, 69]","[6, 150, 5]","[61, 60, 121]","[84, 159, 158]","[6, 11, 64]","[134, 140, 133]","[104, 103, 102]"
1686,"[179, 121, 141]","[54, 91, 42]","[0, 27, 174]","[133, 131, 82]","[122, 66, 134]","[71, 70, 72]","[169, 92, 170]","[140, 139, 141]","[139, 58, 141]","[93, 98, 44]","[41, 49, 48]","[130, 141, 136]"
1687,"[175, 80, 79]","[156, 147, 145]","[75, 69, 54]","[178, 180, 43]","[20, 103, 104]","[118, 119, 162]","[121, 50, 129]","[32, 172, 171]","[120, 52, 154]","[163, 119, 164]","[35, 179, 180]","[42, 43, 105]"
1688,"[41, 169, 73]","[139, 143, 152]","[162, 1, 161]","[144, 145, 143]","[176, 74, 140]","[100, 99, 101]","[135, 175, 180]","[110, 95, 90]","[73, 144, 74]","[103, 101, 100]","[4, 10, 3]","[32, 31, 33]"
1689,"[125, 150, 170]","[74, 22, 113]","[50, 23, 51]","[118, 121, 168]","[119, 24, 35]","[116, 168, 58]","[80, 120, 169]","[177, 178, 179]","[54, 22, 85]","[67, 163, 169]","[1, 7, 0]","[174, 173, 137]"
1690,"[24, 112, 25]","[87, 86, 85]","[95, 165, 166]","[69, 117, 139]","[84, 116, 169]","[6, 5, 3]","[114, 12, 13]","[171, 170, 162]","[16, 47, 161]","[3, 2, 5]","[49, 3, 1]","[73, 148, 147]"
1691,"[96, 27, 23]","[114, 79, 59]","[61, 86, 63]","[45, 126, 15]","[41, 166, 36]","[14, 8, 10]","[61, 16, 138]","[180, 168, 167]","[41, 166, 177]","[151, 150, 12]","[0, 6, 7]","[33, 34, 77]"
1692,"[33, 64, 139]","[94, 150, 152]","[56, 159, 49]","[140, 143, 142]","[161, 17, 18]","[103, 102, 79]","[25, 64, 27]","[142, 21, 141]","[111, 59, 112]","[14, 145, 17]","[17, 5, 16]","[77, 83, 79]"
1693,"[158, 114, 157]","[74, 100, 92]","[112, 61, 113]","[35, 34, 162]","[145, 7, 140]","[58, 166, 158]","[70, 113, 71]","[141, 100, 99]","[129, 33, 132]","[176, 177, 0]","[0, 8, 7]","[113, 81, 80]"
1694,"[87, 142, 140]","[116, 31, 117]","[37, 160, 38]","[117, 75, 109]","[16, 139, 20]","[97, 89, 90]","[160, 36, 177]","[20, 30, 56]","[21, 144, 145]","[32, 33, 35]","[47, 39, 32]","[94, 90, 89]"
1695,"[138, 30, 104]","[147, 114, 115]","[179, 27, 178]","[155, 154, 97]","[29, 138, 101]","[127, 128, 52]","[68, 24, 69]","[149, 148, 157]","[29, 138, 28]","[53, 170, 54]","[164, 158, 159]","[88, 87, 117]"
1696,"[92, 17, 91]","[149, 147, 150]","[76, 94, 77]","[14, 60, 32]","[76, 16, 75]","[24, 141, 139]","[170, 57, 15]","[73, 74, 70]","[43, 134, 133]","[25, 31, 30]","[14, 6, 7]","[101, 97, 96]"
1697,"[163, 113, 93]","[35, 37, 36]","[147, 82, 83]","[20, 109, 21]","[140, 59, 141]","[154, 119, 120]","[30, 65, 27]","[55, 53, 162]","[86, 151, 152]","[161, 40, 159]","[0, 18, 1]","[47, 44, 48]"
1698,"[61, 146, 60]","[155, 85, 132]","[130, 71, 179]","[92, 91, 13]","[159, 69, 160]","[147, 115, 0]","[161, 130, 136]","[111, 109, 112]","[0, 21, 22]","[122, 38, 39]","[178, 172, 170]","[58, 107, 109]"
1699,"[28, 45, 29]","[123, 98, 124]","[173, 89, 174]","[108, 153, 152]","[99, 26, 152]","[49, 129, 162]","[142, 112, 144]","[31, 30, 175]","[127, 165, 143]","[163, 164, 58]","[8, 2, 3]","[12, 13, 14]"
1700,"[127, 39, 77]","[178, 176, 179]","[2, 41, 3]","[48, 138, 113]","[26, 80, 81]","[5, 134, 135]","[151, 171, 115]","[137, 138, 129]","[82, 56, 34]","[5, 1, 132]","[18, 47, 19]","[66, 148, 67]"
1701,"[14, 28, 15]","[177, 175, 178]","[121, 11, 122]","[132, 133, 30]","[29, 160, 33]","[135, 133, 117]","[57, 41, 58]","[86, 85, 81]","[94, 73, 29]","[11, 12, 142]","[42, 36, 35]","[107, 132, 108]"
1702,"[36, 153, 37]","[6, 13, 12]","[180, 39, 88]","[81, 72, 74]","[25, 9, 10]","[109, 100, 68]","[171, 120, 83]","[116, 46, 39]","[126, 89, 88]","[180, 179, 109]","[107, 113, 114]","[166, 165, 145]"
1703,"[147, 29, 88]","[7, 5, 28]","[129, 157, 130]","[25, 27, 24]","[171, 5, 74]","[29, 30, 157]","[163, 111, 45]","[107, 98, 94]","[74, 115, 116]","[29, 36, 30]","[144, 150, 143]","[8, 9, 7]"
1704,"[92, 171, 180]","[84, 5, 6]","[117, 4, 5]","[28, 76, 75]","[31, 102, 30]","[166, 71, 72]","[62, 162, 54]","[156, 142, 116]","[102, 31, 101]","[165, 166, 159]","[133, 126, 127]","[122, 55, 63]"
1705,"[1, 26, 2]","[141, 131, 139]","[24, 4, 3]","[169, 129, 127]","[32, 112, 174]","[74, 149, 73]","[21, 139, 109]","[103, 129, 135]","[174, 48, 135]","[159, 160, 21]","[9, 15, 16]","[35, 168, 81]"
1706,"[180, 150, 178]","[6, 62, 41]","[87, 160, 162]","[66, 35, 70]","[90, 29, 89]","[60, 6, 7]","[90, 32, 33]","[127, 124, 132]","[84, 98, 97]","[60, 52, 61]","[145, 139, 146]","[24, 52, 132]"
1707,"[103, 144, 27]","[87, 10, 118]","[144, 103, 145]","[123, 71, 77]","[17, 28, 5]","[70, 69, 62]","[122, 7, 9]","[131, 132, 130]","[23, 12, 22]","[178, 58, 56]","[30, 16, 31]","[81, 72, 84]"
1708,"[143, 22, 142]","[99, 98, 97]","[138, 132, 96]","[44, 69, 67]","[17, 174, 19]","[24, 69, 39]","[134, 9, 133]","[79, 80, 19]","[131, 32, 106]","[56, 13, 58]","[175, 101, 176]","[52, 53, 51]"
1709,"[90, 14, 144]","[103, 125, 102]","[17, 62, 142]","[44, 37, 46]","[64, 132, 82]","[36, 37, 33]","[110, 74, 73]","[13, 10, 15]","[132, 64, 65]","[37, 36, 88]","[162, 170, 158]","[104, 103, 71]"
1710,"[151, 6, 5]","[139, 141, 136]","[78, 117, 79]","[125, 63, 61]","[56, 25, 55]","[165, 163, 70]","[12, 4, 13]","[109, 108, 110]","[56, 25, 44]","[61, 104, 105]","[18, 10, 19]","[97, 101, 95]"
1711,"[49, 157, 50]","[115, 146, 171]","[108, 7, 107]","[145, 146, 144]","[142, 154, 143]","[83, 85, 87]","[42, 19, 18]","[58, 76, 75]","[170, 46, 154]","[83, 87, 53]","[7, 17, 16]","[162, 137, 131]"
1712,"[82, 58, 148]","[32, 104, 167]","[34, 128, 44]","[143, 146, 147]","[151, 57, 58]","[6, 177, 5]","[57, 34, 97]","[116, 5, 6]","[69, 173, 70]","[49, 118, 98]","[13, 22, 21]","[137, 138, 134]"
1713,"[81, 172, 175]","[138, 139, 136]","[83, 38, 84]","[66, 67, 69]","[99, 18, 22]","[45, 46, 47]","[76, 17, 132]","[59, 60, 97]","[109, 68, 172]","[6, 9, 7]","[0, 1, 2]","[112, 134, 130]"
1714,"[35, 151, 36]","[19, 20, 23]","[113, 42, 56]","[154, 33, 77]","[126, 55, 72]","[36, 38, 37]","[84, 107, 24]","[45, 47, 46]","[54, 156, 113]","[172, 175, 36]","[61, 67, 63]","[119, 135, 124]"
1715,"[176, 116, 177]","[36, 61, 167]","[153, 179, 152]","[78, 61, 81]","[170, 26, 169]","[42, 41, 47]","[163, 123, 120]","[175, 9, 176]","[167, 23, 170]","[176, 177, 102]","[2, 176, 1]","[100, 101, 102]"
1716,"[101, 161, 156]","[109, 59, 60]","[46, 150, 99]","[77, 79, 76]","[71, 166, 167]","[146, 147, 148]","[169, 81, 170]","[26, 27, 28]","[57, 103, 53]","[173, 92, 174]","[143, 137, 136]","[82, 83, 166]"
1717,"[0, 126, 127]","[108, 107, 105]","[42, 168, 134]","[2, 8, 7]","[49, 117, 47]","[33, 38, 40]","[61, 31, 32]","[20, 19, 22]","[115, 47, 46]","[150, 101, 151]","[26, 33, 32]","[62, 61, 37]"
1718,"[128, 8, 127]","[157, 91, 92]","[94, 128, 95]","[60, 62, 59]","[33, 133, 40]","[171, 168, 67]","[50, 164, 51]","[177, 126, 178]","[25, 9, 24]","[69, 157, 68]","[8, 19, 20]","[100, 102, 119]"
1719,"[28, 101, 100]","[122, 121, 53]","[16, 108, 15]","[35, 32, 31]","[167, 20, 19]","[117, 118, 119]","[116, 62, 117]","[132, 98, 131]","[146, 17, 166]","[51, 85, 172]","[2, 26, 1]","[74, 73, 95]"
1720,"[38, 139, 138]","[179, 178, 180]","[9, 153, 10]","[54, 94, 103]","[7, 151, 8]","[163, 158, 161]","[179, 71, 70]","[127, 113, 143]","[25, 10, 26]","[82, 81, 80]","[126, 132, 67]","[45, 44, 46]"
1721,"[37, 168, 35]","[38, 9, 8]","[3, 102, 103]","[154, 135, 162]","[35, 97, 98]","[136, 77, 165]","[133, 106, 104]","[33, 34, 173]","[78, 147, 66]","[77, 76, 136]","[7, 16, 3]","[171, 172, 88]"
1722,"[141, 23, 142]","[171, 70, 162]","[130, 104, 131]","[144, 177, 161]","[93, 39, 143]","[179, 168, 180]","[168, 148, 93]","[87, 86, 90]","[75, 140, 141]","[154, 153, 152]","[89, 9, 90]","[125, 153, 76]"
1723,"[160, 87, 41]","[1, 125, 2]","[103, 76, 78]","[134, 31, 133]","[172, 46, 171]","[115, 111, 130]","[34, 99, 90]","[1, 0, 126]","[46, 105, 44]","[33, 121, 36]","[18, 30, 19]","[60, 129, 169]"
1724,"[130, 18, 129]","[43, 44, 42]","[155, 162, 116]","[30, 39, 41]","[151, 125, 152]","[120, 148, 41]","[164, 20, 16]","[126, 120, 125]","[121, 44, 37]","[159, 7, 160]","[155, 170, 154]","[136, 72, 126]"
1725,"[164, 103, 165]","[67, 83, 81]","[124, 46, 68]","[17, 82, 16]","[49, 149, 60]","[177, 179, 178]","[136, 71, 52]","[0, 1, 7]","[102, 129, 101]","[164, 160, 161]","[175, 168, 169]","[96, 93, 92]"
1726,"[78, 15, 76]","[145, 146, 148]","[21, 53, 54]","[125, 124, 75]","[15, 21, 19]","[29, 138, 139]","[105, 46, 109]","[102, 143, 144]","[2, 123, 150]","[136, 139, 29]","[9, 24, 18]","[78, 68, 77]"
1727,"[137, 162, 136]","[98, 99, 172]","[180, 170, 17]","[82, 80, 76]","[43, 153, 44]","[111, 21, 22]","[180, 159, 179]","[131, 103, 26]","[66, 38, 54]","[22, 21, 111]","[151, 164, 163]","[1, 36, 2]"
1728,"[160, 166, 46]","[133, 134, 132]","[21, 165, 23]","[60, 63, 140]","[35, 97, 34]","[154, 50, 119]","[129, 84, 105]","[21, 124, 46]","[77, 20, 78]","[133, 130, 162]","[37, 23, 22]","[61, 60, 62]"
1729,"[154, 108, 142]","[72, 61, 74]","[104, 146, 105]","[150, 155, 28]","[17, 148, 147]","[31, 97, 33]","[147, 54, 53]","[6, 177, 178]","[146, 15, 147]","[27, 32, 31]","[19, 9, 20]","[86, 87, 93]"
1730,"[0, 176, 163]","[110, 121, 122]","[101, 64, 1]","[165, 171, 170]","[174, 83, 85]","[114, 21, 68]","[126, 163, 164]","[97, 98, 96]","[158, 95, 132]","[117, 21, 118]","[0, 6, 2]","[49, 50, 44]"
1731,"[163, 100, 164]","[119, 172, 120]","[135, 30, 0]","[165, 166, 171]","[31, 11, 30]","[76, 106, 105]","[68, 122, 69]","[56, 29, 30]","[10, 31, 11]","[106, 115, 76]","[8, 15, 14]","[84, 83, 176]"
1732,"[49, 59, 77]","[134, 132, 83]","[157, 54, 158]","[129, 130, 95]","[152, 57, 147]","[33, 29, 28]","[7, 151, 8]","[91, 25, 130]","[135, 166, 158]","[132, 37, 34]","[14, 130, 129]","[84, 87, 85]"
1733,"[76, 176, 175]","[54, 35, 53]","[136, 54, 52]","[26, 161, 164]","[90, 74, 75]","[169, 132, 135]","[73, 39, 37]","[173, 172, 12]","[146, 49, 48]","[130, 129, 35]","[58, 5, 6]","[53, 54, 119]"
1734,"[157, 13, 158]","[102, 103, 101]","[9, 87, 81]","[148, 33, 169]","[161, 9, 30]","[78, 83, 75]","[79, 6, 78]","[107, 152, 157]","[161, 9, 8]","[78, 83, 84]","[168, 174, 166]","[0, 1, 22]"
1735,"[102, 3, 103]","[154, 177, 41]","[16, 179, 94]","[142, 69, 143]","[86, 10, 173]","[70, 69, 116]","[57, 23, 60]","[140, 136, 141]","[0, 96, 173]","[70, 69, 73]","[34, 9, 31]","[59, 146, 126]"
1736,"[85, 48, 86]","[155, 154, 153]","[99, 166, 115]","[133, 134, 132]","[50, 98, 56]","[180, 72, 73]","[142, 22, 121]","[76, 77, 36]","[0, 153, 56]","[75, 37, 69]","[106, 72, 157]","[152, 135, 134]"
1737,"[0, 75, 29]","[118, 149, 117]","[120, 37, 5]","[28, 27, 21]","[61, 178, 179]","[24, 26, 25]","[11, 153, 15]","[63, 64, 62]","[178, 61, 157]","[26, 24, 44]","[1, 107, 0]","[56, 166, 167]"
1738,"[95, 42, 174]","[56, 57, 115]","[105, 171, 104]","[146, 145, 148]","[177, 84, 176]","[127, 131, 128]","[138, 169, 137]","[56, 57, 55]","[82, 4, 83]","[122, 147, 145]","[3, 9, 2]","[57, 58, 59]"
1739,"[16, 132, 133]","[78, 89, 76]","[34, 147, 28]","[121, 55, 44]","[6, 168, 170]","[132, 16, 133]","[123, 77, 152]","[26, 29, 28]","[168, 6, 170]","[16, 180, 179]","[2, 25, 24]","[59, 112, 58]"
1740,"[172, 28, 29]","[32, 138, 148]","[36, 138, 37]","[160, 68, 174]","[88, 12, 4]","[49, 46, 45]","[90, 147, 146]","[172, 158, 173]","[180, 134, 133]","[70, 49, 71]","[27, 5, 0]","[64, 177, 160]"
1741,"[172, 13, 7]","[147, 146, 141]","[176, 159, 177]","[128, 94, 72]","[16, 146, 15]","[40, 39, 38]","[24, 101, 23]","[16, 17, 80]","[64, 8, 60]","[138, 139, 40]","[147, 7, 151]","[73, 69, 77]"
1742,"[64, 179, 162]","[98, 96, 99]","[163, 7, 162]","[136, 135, 134]","[169, 17, 34]","[13, 144, 145]","[28, 172, 119]","[135, 131, 53]","[81, 45, 67]","[150, 10, 152]","[27, 12, 0]","[86, 166, 165]"
1743,"[70, 97, 34]","[157, 158, 145]","[89, 10, 9]","[69, 170, 31]","[37, 28, 20]","[165, 166, 164]","[142, 174, 141]","[41, 44, 6]","[78, 157, 79]","[168, 169, 120]","[6, 16, 5]","[76, 100, 99]"
1744,"[3, 171, 2]","[27, 114, 52]","[147, 134, 135]","[54, 56, 55]","[4, 135, 3]","[35, 152, 36]","[63, 14, 42]","[22, 18, 19]","[58, 10, 140]","[105, 104, 154]","[17, 10, 3]","[74, 69, 76]"
1745,"[35, 177, 34]","[93, 90, 112]","[174, 101, 103]","[89, 13, 18]","[57, 33, 12]","[135, 134, 50]","[107, 53, 54]","[121, 60, 61]","[178, 33, 177]","[131, 130, 170]","[0, 9, 10]","[144, 34, 66]"
1746,"[33, 27, 28]","[118, 157, 119]","[23, 67, 66]","[86, 115, 155]","[9, 96, 53]","[117, 118, 116]","[24, 66, 86]","[121, 122, 146]","[40, 123, 122]","[117, 56, 116]","[0, 64, 1]","[91, 126, 90]"
1747,"[53, 5, 52]","[116, 154, 119]","[83, 34, 84]","[98, 97, 96]","[2, 10, 3]","[155, 105, 106]","[131, 19, 130]","[65, 60, 66]","[3, 11, 2]","[97, 95, 50]","[81, 174, 85]","[16, 89, 17]"
1748,"[113, 157, 114]","[10, 119, 11]","[9, 172, 171]","[71, 159, 68]","[175, 128, 173]","[29, 30, 23]","[172, 162, 161]","[20, 73, 21]","[175, 128, 178]","[161, 52, 51]","[31, 8, 30]","[67, 155, 151]"
1749,"[67, 127, 128]","[101, 100, 173]","[14, 117, 118]","[66, 77, 67]","[27, 128, 123]","[160, 37, 159]","[28, 7, 0]","[100, 60, 88]","[27, 128, 148]","[160, 159, 78]","[19, 3, 20]","[97, 98, 37]"
1750,"[0, 20, 8]","[65, 107, 109]","[143, 35, 0]","[177, 170, 176]","[0, 20, 2]","[122, 124, 125]","[144, 45, 87]","[4, 5, 7]","[0, 13, 6]","[124, 123, 122]","[2, 9, 5]","[32, 31, 14]"
1751,"[1, 33, 0]","[63, 68, 64]","[17, 70, 16]","[90, 95, 92]","[14, 147, 148]","[158, 161, 160]","[162, 49, 71]","[157, 159, 156]","[147, 14, 148]","[113, 115, 114]","[22, 105, 23]","[139, 48, 138]"
1752,"[147, 31, 146]","[62, 63, 60]","[75, 152, 151]","[8, 64, 63]","[0, 104, 1]","[57, 58, 131]","[69, 117, 57]","[147, 142, 145]","[127, 37, 108]","[130, 131, 157]","[127, 121, 128]","[39, 99, 38]"
1753,"[114, 173, 115]","[45, 67, 44]","[102, 164, 105]","[24, 25, 22]","[179, 30, 178]","[99, 98, 96]","[61, 78, 79]","[35, 39, 108]","[178, 29, 179]","[97, 131, 96]","[51, 34, 35]","[118, 136, 135]"
1754,"[61, 144, 143]","[109, 112, 126]","[39, 168, 169]","[8, 9, 11]","[134, 9, 133]","[95, 53, 54]","[174, 167, 175]","[77, 78, 103]","[8, 133, 132]","[96, 95, 64]","[35, 17, 21]","[118, 46, 109]"
1755,"[90, 70, 89]","[141, 159, 130]","[169, 88, 168]","[64, 141, 115]","[75, 18, 19]","[3, 10, 11]","[176, 158, 54]","[130, 129, 131]","[135, 143, 136]","[94, 11, 10]","[180, 7, 6]","[30, 50, 160]"
1756,"[131, 148, 66]","[111, 97, 96]","[48, 11, 49]","[139, 140, 143]","[150, 68, 40]","[48, 47, 46]","[44, 103, 43]","[7, 19, 20]","[15, 141, 16]","[47, 85, 46]","[34, 44, 35]","[129, 56, 130]"
1757,"[154, 176, 157]","[43, 136, 103]","[127, 76, 180]","[40, 39, 38]","[59, 134, 60]","[38, 87, 8]","[126, 38, 127]","[10, 150, 90]","[59, 134, 60]","[1, 37, 90]","[107, 113, 125]","[50, 51, 60]"
1758,"[55, 80, 78]","[163, 161, 164]","[179, 13, 180]","[70, 55, 52]","[178, 64, 163]","[137, 136, 135]","[83, 105, 84]","[0, 159, 158]","[178, 65, 66]","[76, 113, 118]","[128, 134, 127]","[12, 47, 14]"
1759,"[55, 146, 53]","[27, 2, 1]","[0, 33, 1]","[163, 162, 164]","[33, 124, 35]","[176, 72, 71]","[59, 89, 90]","[7, 6, 5]","[37, 127, 126]","[169, 168, 163]","[35, 29, 28]","[126, 125, 106]"
1760,"[177, 112, 103]","[71, 132, 69]","[180, 57, 178]","[102, 162, 118]","[123, 40, 39]","[166, 165, 161]","[40, 98, 39]","[131, 23, 25]","[57, 150, 124]","[137, 138, 139]","[21, 8, 20]","[51, 74, 156]"
1761,"[23, 60, 59]","[168, 169, 170]","[2, 43, 107]","[61, 74, 136]","[18, 70, 66]","[44, 43, 110]","[43, 160, 44]","[121, 0, 137]","[2, 125, 70]","[48, 49, 52]","[15, 8, 9]","[127, 88, 126]"
1762,"[24, 7, 23]","[39, 149, 86]","[120, 56, 54]","[73, 74, 131]","[80, 110, 4]","[145, 147, 129]","[81, 31, 80]","[8, 9, 10]","[180, 76, 2]","[74, 69, 72]","[0, 12, 1]","[165, 169, 163]"
1763,"[106, 153, 105]","[138, 139, 0]","[177, 97, 82]","[48, 46, 49]","[114, 177, 176]","[141, 137, 142]","[176, 160, 153]","[28, 35, 0]","[170, 53, 55]","[7, 8, 6]","[1, 24, 36]","[96, 95, 97]"
1764,"[36, 72, 34]","[130, 128, 129]","[173, 33, 47]","[143, 145, 125]","[5, 149, 170]","[105, 115, 144]","[114, 55, 77]","[99, 23, 105]","[86, 134, 87]","[116, 117, 180]","[7, 14, 6]","[35, 34, 33]"
1765,"[22, 12, 13]","[165, 76, 168]","[168, 85, 84]","[59, 58, 60]","[5, 16, 2]","[77, 55, 48]","[104, 170, 171]","[31, 32, 102]","[40, 89, 43]","[108, 55, 65]","[0, 9, 1]","[51, 55, 60]"
1766,"[18, 8, 15]","[157, 169, 166]","[25, 107, 26]","[64, 65, 133]","[173, 136, 172]","[49, 91, 72]","[106, 39, 40]","[5, 26, 88]","[1, 171, 4]","[90, 89, 43]","[30, 4, 5]","[147, 146, 139]"
1767,"[13, 56, 110]","[76, 96, 75]","[35, 127, 36]","[63, 62, 64]","[1, 94, 0]","[73, 74, 75]","[111, 62, 110]","[124, 123, 126]","[116, 49, 115]","[73, 71, 80]","[60, 33, 19]","[176, 177, 169]"
1768,"[103, 132, 0]","[172, 174, 173]","[90, 11, 89]","[58, 57, 47]","[29, 132, 154]","[170, 92, 90]","[106, 131, 105]","[152, 151, 179]","[129, 171, 108]","[176, 175, 177]","[70, 166, 165]","[81, 86, 22]"
1769,"[119, 163, 164]","[4, 101, 9]","[174, 111, 175]","[21, 18, 91]","[153, 170, 26]","[72, 10, 11]","[114, 143, 113]","[36, 7, 37]","[33, 117, 13]","[71, 180, 178]","[156, 179, 155]","[104, 92, 106]"
1770,"[103, 95, 94]","[179, 42, 160]","[93, 64, 180]","[133, 79, 132]","[60, 97, 92]","[66, 160, 49]","[81, 164, 162]","[16, 17, 35]","[32, 171, 101]","[16, 17, 14]","[99, 45, 176]","[59, 63, 60]"
1771,"[29, 52, 28]","[112, 111, 83]","[22, 166, 23]","[76, 77, 75]","[19, 9, 165]","[125, 23, 99]","[155, 89, 45]","[17, 18, 19]","[18, 9, 19]","[30, 28, 29]","[0, 8, 1]","[142, 61, 62]"
1772,"[168, 14, 165]","[90, 72, 73]","[86, 150, 113]","[10, 90, 9]","[153, 34, 152]","[77, 71, 8]","[76, 138, 162]","[32, 4, 2]","[34, 153, 35]","[54, 13, 60]","[24, 38, 39]","[171, 170, 172]"
1773,"[81, 100, 99]","[180, 8, 177]","[118, 88, 140]","[25, 24, 23]","[97, 43, 158]","[174, 125, 173]","[136, 67, 137]","[29, 124, 125]","[89, 126, 125]","[66, 25, 68]","[157, 44, 53]","[140, 82, 81]"
1774,"[22, 29, 2]","[73, 74, 78]","[86, 132, 85]","[153, 76, 77]","[133, 3, 4]","[20, 67, 61]","[36, 112, 114]","[173, 90, 172]","[100, 162, 123]","[70, 71, 104]","[2, 27, 1]","[49, 94, 92]"
1775,"[20, 5, 153]","[118, 176, 99]","[171, 27, 172]","[74, 73, 95]","[69, 170, 169]","[136, 135, 153]","[8, 121, 166]","[36, 35, 37]","[101, 178, 177]","[147, 87, 88]","[142, 136, 135]","[49, 51, 50]"
1776,"[108, 80, 81]","[62, 151, 159]","[161, 7, 162]","[18, 97, 38]","[116, 153, 0]","[21, 77, 23]","[57, 162, 161]","[104, 103, 94]","[136, 84, 116]","[21, 180, 20]","[0, 17, 1]","[78, 77, 76]"
1777,"[1, 153, 0]","[163, 71, 171]","[33, 10, 6]","[168, 166, 167]","[16, 29, 3]","[131, 41, 139]","[169, 48, 64]","[8, 6, 23]","[29, 16, 30]","[121, 122, 174]","[45, 28, 44]","[67, 66, 70]"
1778,"[81, 130, 82]","[13, 20, 152]","[68, 107, 106]","[169, 171, 83]","[57, 5, 163]","[102, 89, 88]","[66, 40, 100]","[157, 156, 158]","[126, 163, 141]","[90, 67, 86]","[19, 5, 3]","[58, 82, 137]"
1779,"[0, 18, 38]","[159, 158, 51]","[42, 167, 40]","[58, 78, 57]","[126, 22, 21]","[142, 154, 64]","[178, 34, 180]","[49, 48, 126]","[22, 126, 125]","[50, 49, 60]","[17, 9, 25]","[88, 89, 87]"
1780,"[116, 140, 117]","[67, 97, 98]","[134, 119, 128]","[23, 13, 2]","[0, 135, 1]","[48, 50, 51]","[155, 167, 154]","[61, 63, 0]","[20, 111, 0]","[23, 25, 142]","[1, 22, 0]","[105, 104, 106]"
1781,"[19, 150, 18]","[176, 89, 88]","[34, 68, 26]","[93, 100, 19]","[148, 60, 59]","[48, 101, 131]","[90, 41, 87]","[98, 177, 99]","[174, 91, 53]","[14, 159, 138]","[0, 11, 10]","[71, 72, 69]"
1782,"[57, 49, 79]","[5, 6, 85]","[41, 164, 15]","[0, 98, 93]","[128, 76, 127]","[37, 38, 147]","[46, 176, 76]","[179, 135, 96]","[93, 51, 76]","[36, 35, 37]","[51, 154, 52]","[43, 39, 40]"
1783,"[110, 171, 154]","[100, 57, 50]","[24, 30, 87]","[89, 90, 52]","[0, 158, 20]","[99, 24, 25]","[173, 131, 74]","[4, 19, 85]","[138, 14, 139]","[94, 95, 100]","[146, 152, 149]","[65, 112, 59]"
1784,"[2, 31, 3]","[125, 52, 53]","[0, 15, 109]","[172, 173, 170]","[180, 53, 52]","[17, 116, 145]","[26, 137, 25]","[105, 161, 168]","[73, 59, 71]","[111, 94, 18]","[15, 2, 0]","[71, 70, 114]"
1785,"[152, 15, 18]","[115, 116, 80]","[27, 9, 26]","[152, 99, 100]","[160, 30, 31]","[62, 73, 63]","[0, 173, 36]","[57, 91, 93]","[31, 161, 30]","[87, 79, 75]","[0, 17, 1]","[168, 169, 166]"
1786,"[33, 75, 34]","[87, 37, 88]","[166, 133, 2]","[70, 71, 69]","[3, 59, 2]","[91, 92, 138]","[81, 147, 80]","[13, 12, 168]","[119, 32, 116]","[163, 158, 135]","[2, 11, 3]","[112, 49, 174]"
1787,"[179, 164, 165]","[141, 75, 74]","[3, 151, 5]","[147, 98, 84]","[65, 130, 0]","[55, 85, 87]","[63, 149, 148]","[49, 46, 47]","[0, 133, 134]","[86, 5, 85]","[20, 14, 13]","[84, 51, 152]"
1788,"[121, 62, 120]","[1, 0, 154]","[114, 53, 27]","[60, 20, 65]","[142, 27, 58]","[94, 96, 90]","[147, 86, 156]","[108, 109, 43]","[20, 111, 58]","[153, 154, 155]","[26, 15, 14]","[92, 100, 99]"
1789,"[142, 46, 122]","[19, 20, 18]","[160, 16, 20]","[43, 89, 41]","[16, 165, 58]","[91, 90, 129]","[22, 61, 98]","[1, 0, 10]","[4, 114, 0]","[91, 21, 93]","[20, 30, 31]","[180, 126, 127]"
1790,"[43, 150, 42]","[105, 104, 107]","[50, 86, 60]","[146, 147, 142]","[8, 159, 160]","[70, 124, 123]","[39, 157, 151]","[24, 25, 28]","[160, 9, 129]","[21, 17, 120]","[16, 10, 15]","[74, 73, 75]"
1791,"[16, 153, 154]","[82, 30, 29]","[167, 173, 166]","[47, 133, 135]","[152, 15, 153]","[129, 145, 56]","[180, 165, 179]","[33, 16, 36]","[103, 31, 108]","[128, 135, 136]","[72, 116, 162]","[60, 90, 147]"
1792,"[1, 118, 165]","[129, 111, 128]","[125, 8, 122]","[108, 75, 76]","[175, 121, 174]","[58, 113, 80]","[139, 179, 180]","[133, 136, 49]","[128, 176, 142]","[112, 113, 114]","[126, 118, 123]","[108, 54, 56]"
1793,"[11, 171, 15]","[112, 119, 77]","[25, 97, 24]","[131, 137, 132]","[152, 42, 46]","[144, 90, 79]","[20, 164, 166]","[178, 179, 176]","[119, 142, 166]","[56, 105, 145]","[0, 8, 9]","[84, 85, 82]"
1794,"[109, 21, 20]","[148, 46, 149]","[10, 154, 160]","[134, 129, 133]","[44, 179, 180]","[142, 141, 144]","[120, 29, 121]","[77, 63, 78]","[63, 120, 55]","[2, 19, 144]","[31, 25, 29]","[157, 110, 174]"
1795,"[147, 60, 162]","[112, 111, 122]","[43, 98, 49]","[34, 35, 33]","[149, 20, 148]","[89, 5, 177]","[160, 144, 68]","[108, 60, 59]","[180, 57, 56]","[4, 5, 6]","[14, 7, 6]","[36, 37, 17]"
1796,"[168, 138, 180]","[29, 28, 69]","[180, 96, 95]","[22, 137, 31]","[173, 92, 172]","[24, 154, 117]","[127, 99, 98]","[32, 33, 150]","[63, 87, 60]","[70, 27, 72]","[106, 61, 107]","[163, 81, 128]"
1797,"[144, 3, 0]","[83, 123, 134]","[155, 61, 51]","[178, 179, 122]","[44, 33, 42]","[86, 87, 85]","[119, 58, 24]","[179, 178, 14]","[42, 31, 44]","[53, 54, 19]","[16, 23, 24]","[33, 32, 30]"
1798,"[14, 164, 161]","[169, 154, 155]","[58, 16, 180]","[96, 163, 164]","[63, 178, 173]","[140, 141, 142]","[85, 109, 5]","[127, 126, 124]","[72, 50, 51]","[143, 141, 142]","[142, 80, 81]","[109, 110, 111]"
1799,"[31, 49, 48]","[147, 150, 161]","[42, 11, 149]","[110, 159, 109]","[24, 120, 117]","[104, 140, 71]","[9, 153, 152]","[5, 3, 71]","[117, 21, 120]","[56, 63, 62]","[39, 31, 40]","[42, 144, 153]"
1800,"[122, 58, 121]","[79, 75, 77]","[151, 79, 78]","[110, 1, 111]","[102, 34, 119]","[110, 108, 109]","[58, 99, 127]","[34, 110, 109]","[117, 159, 118]","[9, 130, 10]","[2, 22, 3]","[49, 104, 105]"
1801,"[92, 42, 93]","[171, 136, 35]","[1, 124, 0]","[31, 142, 167]","[21, 5, 24]","[136, 75, 74]","[110, 84, 51]","[145, 91, 146]","[1, 43, 0]","[169, 132, 133]","[40, 28, 41]","[135, 117, 119]"
1802,"[180, 69, 68]","[50, 51, 131]","[148, 94, 176]","[109, 37, 111]","[123, 44, 21]","[99, 31, 161]","[163, 118, 44]","[35, 176, 69]","[61, 125, 75]","[165, 135, 134]","[180, 172, 173]","[7, 91, 168]"
1803,"[28, 153, 29]","[55, 56, 58]","[134, 15, 131]","[167, 171, 165]","[173, 12, 172]","[38, 37, 36]","[139, 88, 22]","[112, 113, 106]","[141, 122, 120]","[48, 49, 76]","[123, 129, 128]","[66, 21, 64]"
1804,"[62, 121, 128]","[39, 31, 38]","[79, 39, 81]","[89, 94, 88]","[176, 16, 177]","[138, 37, 136]","[83, 147, 146]","[166, 168, 167]","[148, 15, 175]","[61, 60, 29]","[157, 1, 0]","[53, 52, 54]"
1805,"[45, 172, 173]","[33, 92, 93]","[65, 106, 71]","[125, 124, 126]","[157, 137, 136]","[95, 96, 34]","[161, 110, 160]","[81, 80, 62]","[49, 110, 135]","[18, 131, 125]","[2, 19, 1]","[99, 65, 100]"
1806,"[180, 109, 161]","[9, 10, 11]","[82, 48, 81]","[156, 8, 143]","[154, 10, 152]","[75, 77, 78]","[97, 64, 112]","[33, 34, 35]","[171, 27, 28]","[82, 47, 80]","[90, 64, 178]","[131, 1, 130]"
1807,"[16, 7, 17]","[143, 141, 145]","[138, 36, 33]","[109, 89, 84]","[48, 112, 116]","[157, 73, 159]","[39, 15, 91]","[5, 4, 3]","[48, 112, 47]","[159, 157, 158]","[141, 147, 146]","[51, 50, 48]"
1808,"[180, 38, 39]","[123, 6, 172]","[176, 32, 175]","[109, 110, 107]","[163, 19, 18]","[76, 75, 79]","[152, 12, 107]","[170, 118, 117]","[162, 18, 163]","[74, 77, 76]","[33, 39, 34]","[170, 174, 171]"
1809,"[100, 138, 101]","[39, 144, 145]","[26, 92, 27]","[167, 166, 168]","[22, 166, 24]","[140, 38, 42]","[69, 13, 62]","[58, 103, 102]","[6, 109, 110]","[123, 124, 120]","[141, 148, 142]","[106, 108, 105]"
1810,"[122, 129, 121]","[171, 64, 152]","[90, 132, 133]","[111, 155, 66]","[80, 166, 169]","[69, 71, 70]","[153, 9, 8]","[66, 67, 35]","[99, 12, 73]","[159, 158, 57]","[27, 6, 3]","[109, 110, 107]"
1811,"[32, 163, 31]","[165, 44, 34]","[177, 113, 176]","[78, 81, 80]","[28, 132, 27]","[91, 45, 113]","[36, 13, 38]","[47, 46, 100]","[173, 179, 178]","[66, 73, 110]","[22, 16, 1]","[46, 145, 47]"
1812,"[63, 170, 39]","[98, 24, 23]","[14, 58, 115]","[62, 59, 63]","[83, 138, 82]","[159, 157, 98]","[57, 170, 56]","[140, 141, 139]","[179, 5, 117]","[32, 131, 31]","[43, 16, 42]","[91, 83, 82]"
1813,"[90, 150, 21]","[32, 35, 36]","[0, 156, 113]","[134, 137, 141]","[167, 23, 22]","[93, 88, 89]","[22, 142, 124]","[73, 70, 62]","[86, 115, 167]","[141, 145, 144]","[172, 178, 171]","[109, 104, 79]"
1814,"[31, 53, 52]","[140, 137, 141]","[53, 163, 54]","[117, 152, 151]","[109, 44, 45]","[164, 174, 175]","[112, 171, 111]","[5, 8, 144]","[41, 137, 139]","[131, 130, 132]","[48, 54, 47]","[143, 146, 144]"
1815,"[141, 33, 32]","[62, 43, 116]","[120, 2, 99]","[84, 145, 83]","[174, 109, 173]","[142, 61, 93]","[63, 24, 62]","[52, 51, 53]","[180, 23, 179]","[93, 100, 101]","[0, 18, 28]","[180, 38, 179]"
1816,"[3, 30, 135]","[87, 88, 152]","[55, 179, 53]","[164, 166, 167]","[82, 142, 20]","[156, 155, 157]","[132, 44, 42]","[24, 23, 25]","[9, 44, 95]","[58, 160, 156]","[20, 10, 11]","[121, 120, 148]"
1817,"[66, 32, 65]","[150, 153, 156]","[46, 128, 180]","[41, 148, 147]","[174, 53, 175]","[34, 82, 81]","[45, 131, 47]","[91, 109, 110]","[53, 173, 54]","[79, 84, 96]","[130, 136, 135]","[74, 95, 83]"
1818,"[21, 134, 135]","[60, 58, 156]","[77, 136, 78]","[178, 146, 144]","[119, 71, 70]","[0, 179, 180]","[37, 16, 15]","[10, 8, 145]","[130, 159, 108]","[13, 14, 58]","[176, 170, 177]","[110, 88, 82]"
1819,"[5, 11, 4]","[52, 159, 93]","[164, 20, 163]","[92, 123, 122]","[2, 89, 98]","[126, 125, 124]","[54, 98, 53]","[16, 173, 15]","[60, 131, 61]","[22, 23, 112]","[0, 17, 18]","[121, 117, 119]"
1820,"[12, 176, 9]","[83, 73, 106]","[16, 47, 162]","[179, 6, 91]","[162, 13, 161]","[101, 112, 113]","[0, 162, 168]","[18, 15, 156]","[23, 121, 22]","[142, 170, 169]","[91, 59, 90]","[44, 43, 42]"
1821,"[170, 26, 25]","[146, 147, 148]","[119, 177, 8]","[102, 158, 140]","[39, 9, 10]","[139, 140, 141]","[81, 161, 82]","[18, 19, 143]","[41, 11, 7]","[145, 106, 107]","[41, 34, 42]","[113, 112, 60]"
1822,"[0, 87, 1]","[52, 54, 55]","[169, 48, 159]","[137, 69, 67]","[8, 76, 9]","[129, 128, 127]","[56, 101, 53]","[15, 5, 10]","[10, 106, 104]","[178, 67, 68]","[15, 7, 16]","[125, 126, 124]"
1823,"[97, 138, 95]","[157, 158, 123]","[176, 96, 98]","[27, 30, 46]","[81, 26, 75]","[162, 161, 163]","[18, 67, 20]","[165, 168, 166]","[69, 139, 115]","[159, 164, 157]","[5, 21, 4]","[180, 106, 79]"
1824,"[0, 67, 1]","[154, 152, 151]","[87, 117, 119]","[31, 20, 32]","[171, 103, 72]","[84, 61, 136]","[123, 16, 124]","[9, 10, 47]","[167, 97, 39]","[162, 139, 163]","[3, 22, 2]","[70, 71, 72]"
1825,"[178, 65, 177]","[36, 38, 35]","[128, 162, 173]","[70, 59, 71]","[7, 92, 8]","[34, 140, 37]","[180, 122, 62]","[103, 18, 19]","[90, 163, 150]","[105, 106, 104]","[2, 148, 149]","[37, 28, 35]"
1826,"[83, 164, 95]","[41, 42, 35]","[173, 29, 172]","[111, 112, 113]","[174, 24, 173]","[151, 152, 153]","[74, 26, 47]","[157, 66, 8]","[24, 174, 175]","[154, 155, 152]","[0, 24, 1]","[38, 134, 133]"
1827,"[113, 175, 120]","[43, 41, 40]","[159, 119, 86]","[17, 16, 15]","[105, 125, 104]","[118, 93, 95]","[62, 158, 59]","[13, 46, 12]","[127, 107, 144]","[99, 92, 8]","[3, 167, 2]","[67, 66, 68]"
1828,"[48, 10, 108]","[176, 172, 173]","[44, 78, 109]","[91, 171, 161]","[162, 18, 38]","[7, 125, 6]","[40, 58, 41]","[39, 176, 175]","[161, 17, 160]","[177, 176, 125]","[38, 26, 41]","[107, 108, 106]"
1829,"[118, 36, 35]","[63, 62, 61]","[140, 20, 19]","[172, 171, 13]","[125, 12, 124]","[176, 175, 82]","[19, 99, 20]","[76, 134, 135]","[77, 155, 76]","[48, 50, 52]","[1, 10, 9]","[152, 61, 85]"
1830,"[128, 80, 129]","[179, 177, 178]","[84, 11, 83]","[128, 129, 127]","[3, 67, 68]","[80, 79, 117]","[159, 178, 148]","[116, 115, 117]","[3, 67, 66]","[16, 14, 110]","[82, 75, 83]","[70, 71, 69]"
1831,"[144, 116, 135]","[115, 114, 113]","[0, 30, 54]","[104, 103, 155]","[34, 113, 111]","[92, 170, 162]","[121, 68, 4]","[128, 151, 152]","[41, 89, 36]","[73, 72, 26]","[7, 18, 6]","[98, 99, 101]"
1832,"[23, 15, 25]","[134, 40, 135]","[18, 122, 17]","[164, 163, 94]","[77, 127, 81]","[147, 148, 140]","[179, 12, 13]","[160, 161, 151]","[40, 111, 112]","[126, 154, 74]","[0, 1, 2]","[180, 128, 5]"
1833,"[118, 154, 23]","[158, 165, 74]","[151, 55, 57]","[176, 175, 128]","[44, 71, 74]","[78, 81, 123]","[158, 14, 152]","[59, 89, 118]","[3, 114, 115]","[93, 169, 91]","[177, 148, 149]","[32, 33, 132]"
1834,"[178, 46, 179]","[136, 135, 134]","[113, 13, 114]","[62, 76, 36]","[93, 28, 92]","[39, 61, 58]","[20, 35, 21]","[66, 65, 64]","[152, 8, 10]","[106, 142, 107]","[17, 9, 11]","[48, 88, 85]"
1835,"[69, 154, 0]","[25, 24, 18]","[42, 129, 41]","[173, 122, 172]","[109, 50, 125]","[138, 153, 152]","[162, 79, 174]","[91, 88, 90]","[45, 174, 44]","[153, 152, 145]","[92, 86, 93]","[76, 50, 116]"
1836,"[6, 144, 4]","[88, 55, 118]","[25, 54, 55]","[4, 3, 108]","[46, 112, 45]","[75, 37, 137]","[103, 56, 33]","[73, 162, 5]","[47, 166, 45]","[135, 0, 2]","[82, 70, 81]","[110, 111, 112]"
1837,"[89, 47, 88]","[132, 133, 129]","[86, 150, 83]","[97, 125, 127]","[87, 150, 74]","[124, 118, 119]","[46, 40, 101]","[167, 28, 171]","[154, 13, 153]","[158, 123, 125]","[14, 23, 22]","[176, 177, 109]"
1838,"[170, 22, 171]","[33, 5, 34]","[49, 156, 158]","[91, 90, 83]","[98, 31, 30]","[110, 9, 65]","[6, 13, 15]","[71, 70, 72]","[31, 98, 30]","[4, 110, 43]","[180, 166, 167]","[72, 73, 88]"
1839,"[118, 66, 119]","[173, 174, 172]","[156, 125, 155]","[58, 174, 175]","[58, 115, 114]","[46, 47, 50]","[77, 121, 157]","[72, 71, 46]","[23, 52, 25]","[132, 33, 120]","[166, 89, 0]","[35, 36, 69]"
1840,"[170, 136, 150]","[99, 59, 123]","[11, 152, 149]","[83, 84, 82]","[0, 27, 173]","[74, 63, 70]","[70, 41, 169]","[8, 0, 176]","[16, 112, 111]","[50, 56, 49]","[38, 32, 28]","[100, 99, 96]"
1841,"[56, 173, 155]","[100, 122, 121]","[82, 23, 172]","[44, 163, 45]","[17, 140, 18]","[73, 80, 76]","[161, 176, 164]","[69, 68, 144]","[147, 54, 17]","[96, 130, 92]","[28, 34, 27]","[127, 128, 125]"
1842,"[148, 14, 147]","[113, 115, 114]","[42, 165, 21]","[67, 66, 73]","[29, 173, 180]","[136, 143, 130]","[87, 7, 86]","[68, 2, 159]","[13, 79, 12]","[40, 39, 103]","[150, 144, 143]","[61, 60, 59]"
1843,"[72, 165, 71]","[7, 153, 136]","[112, 20, 19]","[159, 158, 151]","[164, 141, 2]","[74, 75, 77]","[38, 81, 98]","[30, 31, 129]","[161, 138, 124]","[146, 49, 47]","[34, 11, 12]","[52, 53, 105]"
1844,"[96, 60, 95]","[127, 92, 74]","[24, 93, 25]","[125, 168, 105]","[171, 41, 170]","[51, 36, 108]","[93, 164, 94]","[39, 40, 41]","[180, 25, 178]","[53, 69, 124]","[161, 155, 162]","[84, 82, 85]"
1845,"[21, 29, 20]","[54, 111, 145]","[93, 106, 107]","[24, 23, 26]","[125, 173, 172]","[110, 170, 53]","[10, 170, 169]","[36, 37, 115]","[173, 125, 124]","[2, 1, 3]","[133, 160, 161]","[99, 45, 48]"
1846,"[152, 67, 134]","[87, 118, 122]","[174, 7, 8]","[127, 102, 64]","[20, 164, 168]","[149, 113, 38]","[173, 12, 174]","[117, 127, 126]","[77, 54, 76]","[108, 107, 62]","[152, 158, 153]","[44, 46, 43]"
1847,"[169, 25, 24]","[103, 7, 1]","[48, 161, 168]","[13, 27, 14]","[32, 18, 31]","[170, 144, 141]","[48, 123, 70]","[151, 153, 4]","[150, 3, 116]","[109, 178, 176]","[30, 36, 37]","[117, 121, 118]"
1848,"[70, 160, 165]","[96, 95, 93]","[32, 159, 0]","[4, 142, 143]","[29, 170, 27]","[138, 137, 9]","[32, 172, 31]","[111, 110, 151]","[117, 74, 119]","[109, 112, 99]","[6, 22, 4]","[57, 56, 58]"
1849,"[93, 63, 96]","[32, 31, 82]","[62, 7, 61]","[139, 142, 131]","[67, 18, 38]","[96, 91, 98]","[46, 107, 113]","[0, 3, 6]","[139, 119, 140]","[158, 152, 160]","[137, 148, 147]","[98, 97, 180]"
1850,"[179, 120, 121]","[91, 61, 89]","[128, 8, 134]","[73, 72, 172]","[7, 168, 126]","[47, 22, 17]","[162, 52, 160]","[114, 30, 113]","[39, 126, 122]","[17, 112, 18]","[0, 162, 161]","[52, 49, 48]"
1851,"[9, 71, 70]","[144, 64, 63]","[103, 165, 147]","[62, 63, 57]","[12, 131, 11]","[37, 36, 58]","[95, 17, 111]","[160, 145, 153]","[13, 132, 12]","[167, 31, 40]","[180, 7, 8]","[133, 152, 153]"
1852,"[20, 74, 21]","[141, 140, 119]","[127, 119, 53]","[6, 157, 19]","[0, 179, 180]","[171, 139, 140]","[132, 43, 125]","[160, 159, 63]","[99, 43, 72]","[170, 20, 171]","[103, 9, 102]","[156, 157, 155]"
1853,"[133, 150, 132]","[29, 28, 30]","[0, 16, 1]","[168, 68, 66]","[29, 21, 124]","[78, 77, 101]","[177, 37, 152]","[0, 1, 2]","[180, 31, 125]","[74, 75, 33]","[32, 13, 33]","[136, 135, 137]"
1854,"[108, 118, 2]","[130, 129, 128]","[139, 174, 175]","[40, 4, 121]","[13, 7, 21]","[46, 48, 117]","[57, 14, 66]","[141, 128, 139]","[13, 7, 6]","[109, 110, 137]","[0, 9, 7]","[4, 128, 118]"
1855,"[154, 101, 103]","[139, 144, 140]","[148, 36, 150]","[26, 25, 24]","[179, 20, 180]","[170, 172, 164]","[103, 8, 100]","[106, 115, 110]","[179, 20, 180]","[119, 122, 170]","[138, 132, 139]","[46, 45, 86]"
1856,"[97, 67, 30]","[133, 134, 126]","[86, 163, 0]","[25, 26, 21]","[163, 19, 161]","[120, 121, 111]","[15, 59, 65]","[3, 105, 4]","[166, 160, 167]","[59, 111, 113]","[1, 12, 0]","[93, 15, 67]"
1857,"[139, 39, 140]","[85, 167, 56]","[178, 126, 58]","[159, 155, 164]","[178, 106, 165]","[79, 80, 81]","[159, 103, 85]","[19, 22, 18]","[59, 164, 178]","[73, 2, 3]","[1, 25, 0]","[81, 173, 172]"
1858,"[37, 8, 25]","[170, 169, 177]","[58, 120, 56]","[6, 82, 5]","[5, 126, 84]","[122, 60, 64]","[10, 61, 16]","[167, 159, 166]","[117, 24, 116]","[60, 59, 64]","[58, 52, 57]","[101, 60, 141]"
1859,"[179, 89, 178]","[56, 57, 58]","[166, 1, 2]","[83, 93, 72]","[168, 13, 33]","[80, 116, 81]","[84, 30, 4]","[176, 39, 177]","[13, 168, 11]","[116, 117, 115]","[23, 17, 16]","[162, 161, 167]"
1860,"[32, 25, 33]","[142, 141, 173]","[0, 168, 155]","[109, 122, 123]","[30, 22, 7]","[69, 61, 82]","[126, 167, 166]","[60, 145, 146]","[35, 22, 42]","[96, 68, 69]","[0, 12, 1]","[14, 79, 78]"
1861,"[35, 24, 36]","[131, 129, 130]","[170, 139, 158]","[54, 7, 22]","[155, 120, 37]","[8, 27, 28]","[138, 170, 168]","[44, 45, 62]","[40, 129, 41]","[27, 26, 28]","[79, 160, 159]","[41, 40, 39]"
1862,"[1, 164, 7]","[51, 50, 52]","[32, 76, 31]","[161, 164, 165]","[142, 60, 84]","[37, 172, 24]","[32, 52, 33]","[77, 76, 78]","[97, 68, 49]","[19, 78, 113]","[14, 8, 15]","[44, 49, 43]"
1863,"[175, 25, 7]","[32, 33, 31]","[59, 114, 159]","[140, 45, 141]","[85, 172, 86]","[134, 135, 25]","[22, 164, 19]","[122, 123, 180]","[51, 34, 50]","[134, 133, 132]","[16, 10, 15]","[56, 122, 121]"
1864,"[43, 127, 126]","[83, 67, 58]","[98, 67, 97]","[33, 29, 25]","[179, 66, 99]","[80, 81, 82]","[125, 79, 118]","[62, 70, 64]","[54, 99, 26]","[10, 11, 79]","[122, 116, 123]","[129, 79, 111]"
1865,"[4, 96, 1]","[87, 35, 133]","[159, 116, 160]","[44, 180, 166]","[94, 54, 0]","[81, 143, 80]","[23, 134, 66]","[88, 89, 81]","[0, 51, 94]","[69, 171, 164]","[23, 177, 24]","[139, 138, 137]"
1866,"[160, 132, 93]","[154, 125, 102]","[157, 119, 156]","[71, 1, 96]","[2, 67, 1]","[15, 12, 14]","[122, 165, 164]","[50, 54, 133]","[102, 75, 9]","[145, 88, 144]","[7, 13, 12]","[108, 107, 110]"
1867,"[0, 16, 1]","[51, 52, 179]","[153, 19, 17]","[75, 76, 70]","[123, 42, 122]","[142, 77, 70]","[151, 79, 78]","[87, 59, 88]","[123, 43, 66]","[70, 142, 143]","[35, 9, 40]","[117, 116, 120]"
1868,"[43, 161, 42]","[57, 56, 55]","[162, 88, 87]","[134, 113, 143]","[110, 32, 23]","[175, 176, 177]","[10, 30, 95]","[133, 157, 156]","[83, 110, 82]","[92, 149, 91]","[0, 168, 1]","[122, 115, 127]"
1869,"[160, 130, 132]","[180, 176, 177]","[126, 15, 16]","[171, 53, 164]","[132, 76, 133]","[175, 25, 27]","[62, 15, 1]","[11, 45, 162]","[76, 132, 172]","[153, 152, 33]","[121, 6, 7]","[49, 53, 52]"
1870,"[146, 164, 165]","[64, 70, 71]","[3, 28, 100]","[155, 126, 156]","[180, 147, 146]","[107, 79, 35]","[0, 8, 7]","[120, 122, 124]","[2, 75, 4]","[32, 36, 30]","[0, 8, 9]","[114, 112, 113]"
1871,"[70, 110, 126]","[64, 60, 132]","[119, 142, 118]","[89, 86, 60]","[5, 21, 26]","[130, 55, 2]","[111, 146, 110]","[21, 23, 77]","[23, 7, 8]","[130, 165, 57]","[147, 161, 160]","[47, 112, 46]"
1872,"[100, 47, 46]","[150, 168, 172]","[121, 101, 1]","[15, 151, 153]","[2, 137, 110]","[155, 154, 156]","[3, 49, 142]","[10, 79, 11]","[88, 27, 110]","[34, 37, 33]","[130, 155, 156]","[81, 177, 17]"
1873,"[161, 36, 162]","[138, 6, 141]","[100, 4, 115]","[27, 26, 28]","[99, 172, 59]","[78, 79, 156]","[141, 7, 9]","[99, 98, 100]","[59, 10, 60]","[168, 78, 79]","[180, 1, 2]","[9, 8, 149]"
1874,"[144, 124, 86]","[157, 35, 33]","[2, 48, 79]","[17, 168, 38]","[152, 178, 174]","[7, 17, 18]","[121, 43, 173]","[70, 153, 71]","[67, 13, 66]","[135, 134, 133]","[180, 174, 15]","[38, 80, 36]"
1875,"[37, 19, 18]","[87, 131, 129]","[30, 63, 121]","[50, 85, 69]","[41, 170, 104]","[92, 90, 91]","[35, 98, 60]","[130, 4, 3]","[69, 164, 162]","[35, 94, 79]","[72, 78, 77]","[166, 165, 164]"
1876,"[126, 176, 125]","[57, 116, 98]","[104, 110, 0]","[153, 86, 149]","[154, 47, 153]","[38, 180, 130]","[38, 62, 37]","[80, 79, 126]","[35, 177, 36]","[137, 139, 140]","[160, 132, 159]","[164, 80, 81]"
1877,"[164, 177, 178]","[110, 113, 62]","[54, 11, 55]","[140, 139, 93]","[34, 107, 105]","[157, 49, 58]","[177, 33, 176]","[42, 53, 52]","[30, 63, 159]","[60, 58, 59]","[2, 8, 1]","[91, 116, 115]"
1878,"[135, 173, 136]","[92, 91, 28]","[0, 179, 101]","[157, 42, 41]","[171, 17, 46]","[134, 163, 133]","[178, 42, 176]","[118, 64, 63]","[46, 15, 0]","[134, 135, 132]","[134, 128, 129]","[58, 48, 96]"
1879,"[56, 83, 145]","[72, 71, 2]","[8, 152, 9]","[177, 175, 31]","[176, 111, 110]","[69, 78, 74]","[32, 176, 47]","[144, 148, 147]","[134, 9, 38]","[74, 69, 71]","[3, 17, 4]","[34, 32, 33]"
1880,"[148, 4, 150]","[127, 126, 92]","[125, 92, 126]","[31, 33, 136]","[57, 159, 101]","[77, 78, 141]","[53, 156, 52]","[124, 123, 76]","[0, 178, 96]","[163, 151, 59]","[17, 25, 28]","[149, 148, 175]"
1881,"[25, 122, 49]","[151, 145, 147]","[89, 42, 88]","[158, 157, 156]","[60, 125, 58]","[93, 95, 102]","[36, 151, 38]","[136, 135, 57]","[15, 130, 131]","[72, 71, 73]","[54, 60, 61]","[177, 78, 178]"
1882,"[164, 20, 21]","[137, 87, 138]","[12, 34, 51]","[151, 150, 149]","[149, 11, 170]","[34, 35, 33]","[167, 15, 166]","[105, 104, 106]","[69, 105, 84]","[155, 52, 118]","[32, 38, 33]","[103, 46, 102]"
1883,"[127, 5, 18]","[140, 139, 85]","[25, 153, 154]","[136, 70, 90]","[141, 15, 139]","[34, 93, 82]","[50, 154, 49]","[117, 118, 116]","[50, 165, 1]","[101, 35, 102]","[9, 64, 10]","[93, 101, 102]"
1884,"[180, 22, 179]","[142, 125, 101]","[1, 142, 0]","[44, 43, 42]","[98, 5, 4]","[81, 80, 129]","[10, 98, 100]","[71, 70, 111]","[8, 37, 7]","[157, 84, 81]","[162, 156, 161]","[164, 165, 166]"
1885,"[96, 57, 97]","[89, 86, 168]","[90, 178, 54]","[144, 141, 140]","[86, 139, 103]","[44, 40, 43]","[81, 132, 82]","[25, 26, 33]","[139, 86, 156]","[45, 49, 42]","[0, 176, 175]","[35, 10, 123]"
1886,"[17, 7, 18]","[94, 93, 91]","[134, 5, 0]","[146, 49, 50]","[71, 63, 72]","[34, 150, 149]","[29, 56, 28]","[167, 162, 161]","[39, 129, 40]","[113, 4, 107]","[5, 14, 3]","[80, 86, 81]"
1887,"[139, 173, 138]","[5, 4, 6]","[120, 155, 121]","[52, 44, 53]","[0, 29, 30]","[176, 177, 163]","[157, 13, 151]","[67, 68, 70]","[0, 29, 30]","[151, 111, 94]","[143, 27, 142]","[137, 136, 91]"
1888,"[53, 173, 0]","[89, 15, 13]","[74, 32, 152]","[158, 95, 128]","[153, 176, 174]","[10, 139, 116]","[10, 105, 177]","[67, 55, 61]","[30, 128, 129]","[139, 10, 61]","[144, 138, 137]","[114, 113, 115]"
1889,"[54, 161, 30]","[116, 117, 107]","[180, 156, 176]","[129, 130, 131]","[157, 32, 88]","[130, 127, 126]","[95, 145, 94]","[114, 115, 113]","[168, 87, 157]","[130, 126, 129]","[166, 153, 155]","[146, 124, 145]"
1890,"[0, 52, 110]","[35, 34, 33]","[46, 129, 35]","[61, 56, 150]","[25, 118, 30]","[165, 51, 75]","[45, 129, 47]","[12, 11, 16]","[1, 136, 26]","[166, 104, 167]","[0, 24, 25]","[44, 108, 107]"
1891,"[45, 26, 44]","[139, 115, 138]","[80, 11, 73]","[118, 100, 141]","[41, 62, 6]","[124, 125, 123]","[103, 20, 41]","[5, 15, 178]","[62, 41, 40]","[23, 25, 167]","[88, 55, 116]","[68, 67, 66]"
1892,"[52, 38, 176]","[101, 59, 100]","[137, 114, 10]","[144, 59, 48]","[122, 37, 121]","[146, 42, 53]","[12, 160, 159]","[121, 36, 118]","[103, 175, 176]","[93, 92, 91]","[0, 9, 3]","[113, 119, 120]"
1893,"[130, 167, 95]","[10, 9, 7]","[45, 120, 39]","[173, 5, 1]","[48, 155, 47]","[34, 180, 136]","[34, 117, 170]","[178, 82, 98]","[48, 155, 49]","[8, 25, 52]","[4, 18, 32]","[127, 142, 57]"
1894,"[53, 82, 80]","[113, 112, 109]","[159, 73, 160]","[55, 105, 150]","[112, 62, 121]","[143, 12, 144]","[84, 127, 103]","[166, 97, 98]","[157, 25, 158]","[147, 148, 76]","[60, 86, 61]","[120, 141, 142]"
1895,"[158, 30, 157]","[145, 143, 144]","[22, 96, 97]","[56, 58, 54]","[4, 177, 176]","[70, 68, 71]","[107, 14, 15]","[137, 94, 95]","[128, 37, 172]","[135, 136, 51]","[178, 170, 175]","[145, 146, 144]"
1896,"[79, 147, 146]","[139, 136, 140]","[166, 11, 89]","[32, 33, 35]","[127, 9, 10]","[90, 15, 72]","[100, 17, 18]","[62, 33, 106]","[111, 20, 180]","[63, 58, 59]","[156, 136, 157]","[104, 79, 128]"
1897,"[32, 116, 19]","[79, 80, 81]","[145, 121, 122]","[88, 51, 110]","[97, 119, 96]","[79, 83, 173]","[121, 15, 102]","[48, 49, 51]","[171, 101, 176]","[165, 45, 168]","[0, 98, 1]","[161, 162, 159]"
1898,"[170, 20, 19]","[109, 115, 107]","[110, 120, 111]","[18, 19, 20]","[146, 176, 98]","[40, 113, 17]","[137, 94, 96]","[142, 149, 33]","[1, 98, 155]","[64, 113, 112]","[164, 18, 19]","[63, 42, 104]"
1899,"[1, 16, 0]","[145, 141, 143]","[180, 62, 63]","[125, 121, 119]","[166, 45, 167]","[39, 118, 70]","[46, 175, 144]","[12, 11, 7]","[112, 172, 86]","[39, 66, 38]","[0, 13, 1]","[34, 109, 116]"
1900,"[116, 78, 17]","[144, 145, 143]","[103, 36, 100]","[50, 172, 97]","[24, 12, 21]","[101, 0, 179]","[43, 121, 42]","[147, 145, 18]","[66, 115, 145]","[0, 1, 2]","[18, 12, 13]","[20, 137, 136]"
1901,"[79, 146, 78]","[35, 34, 36]","[89, 83, 90]","[57, 58, 59]","[12, 3, 13]","[117, 116, 115]","[133, 92, 91]","[151, 152, 153]","[69, 23, 75]","[127, 39, 40]","[2, 12, 3]","[126, 106, 25]"
1902,"[28, 147, 148]","[14, 15, 165]","[90, 172, 91]","[146, 155, 147]","[18, 12, 13]","[127, 128, 107]","[161, 23, 160]","[150, 149, 56]","[149, 122, 124]","[128, 127, 63]","[3, 13, 12]","[161, 62, 162]"
1903,"[59, 179, 178]","[119, 89, 118]","[158, 8, 160]","[75, 74, 73]","[59, 13, 30]","[68, 95, 179]","[160, 173, 174]","[62, 137, 138]","[40, 31, 143]","[178, 179, 75]","[1, 8, 0]","[136, 135, 134]"
1904,"[23, 65, 21]","[103, 89, 55]","[1, 119, 155]","[136, 135, 169]","[113, 21, 20]","[35, 178, 62]","[90, 167, 72]","[57, 55, 56]","[8, 100, 96]","[36, 62, 82]","[0, 12, 11]","[35, 49, 32]"
1905,"[167, 72, 168]","[136, 137, 30]","[112, 141, 143]","[9, 71, 5]","[144, 26, 145]","[110, 34, 111]","[165, 143, 175]","[2, 1, 3]","[30, 82, 29]","[168, 170, 165]","[0, 15, 16]","[95, 110, 175]"
1906,"[129, 74, 128]","[163, 88, 5]","[25, 158, 159]","[180, 179, 3]","[162, 95, 94]","[8, 7, 10]","[180, 150, 169]","[129, 103, 131]","[22, 119, 179]","[148, 149, 103]","[34, 12, 18]","[84, 86, 66]"
1907,"[102, 118, 103]","[143, 144, 139]","[98, 170, 99]","[132, 5, 131]","[90, 42, 97]","[29, 27, 128]","[173, 100, 174]","[127, 126, 141]","[56, 169, 57]","[128, 26, 29]","[2, 13, 14]","[80, 129, 21]"
1908,"[11, 129, 128]","[172, 180, 165]","[124, 23, 125]","[81, 79, 80]","[163, 20, 19]","[80, 79, 78]","[178, 126, 177]","[46, 142, 131]","[75, 168, 171]","[107, 108, 106]","[0, 21, 1]","[165, 94, 93]"
1909,"[130, 95, 179]","[18, 19, 59]","[155, 11, 154]","[84, 110, 112]","[1, 112, 0]","[157, 107, 108]","[29, 146, 31]","[163, 168, 97]","[172, 62, 63]","[124, 141, 78]","[3, 27, 28]","[102, 107, 101]"
1910,"[145, 174, 73]","[128, 82, 127]","[114, 10, 113]","[49, 87, 88]","[133, 10, 130]","[74, 37, 168]","[109, 165, 114]","[21, 48, 47]","[103, 152, 104]","[37, 36, 110]","[29, 8, 0]","[81, 80, 83]"
1911,"[36, 55, 35]","[174, 167, 172]","[120, 23, 119]","[174, 166, 171]","[51, 137, 50]","[32, 92, 70]","[122, 28, 34]","[178, 89, 177]","[97, 146, 22]","[59, 60, 58]","[165, 159, 160]","[42, 106, 51]"
1912,"[28, 119, 27]","[6, 164, 40]","[53, 73, 32]","[110, 63, 158]","[69, 107, 156]","[2, 98, 174]","[26, 32, 24]","[167, 85, 168]","[118, 55, 119]","[2, 3, 1]","[9, 3, 2]","[81, 80, 79]"
1913,"[65, 6, 94]","[129, 173, 171]","[29, 151, 122]","[61, 72, 62]","[178, 40, 41]","[76, 75, 122]","[139, 128, 48]","[63, 83, 64]","[81, 112, 77]","[76, 7, 75]","[2, 27, 3]","[70, 53, 71]"
1914,"[160, 174, 159]","[28, 97, 98]","[73, 93, 74]","[105, 60, 103]","[86, 142, 87]","[166, 113, 24]","[88, 126, 43]","[20, 134, 133]","[159, 137, 138]","[14, 11, 13]","[175, 44, 38]","[126, 124, 125]"
1915,"[4, 26, 5]","[115, 63, 64]","[51, 144, 54]","[35, 34, 160]","[171, 27, 28]","[143, 158, 35]","[1, 61, 109]","[90, 43, 41]","[127, 25, 77]","[45, 40, 46]","[16, 22, 19]","[146, 144, 114]"
1916,"[180, 69, 67]","[62, 162, 45]","[179, 41, 180]","[147, 148, 141]","[127, 77, 128]","[180, 60, 35]","[167, 126, 71]","[30, 175, 177]","[154, 104, 101]","[5, 25, 4]","[59, 101, 58]","[117, 118, 116]"
1917,"[90, 109, 162]","[17, 54, 152]","[171, 27, 25]","[82, 83, 93]","[124, 52, 123]","[7, 8, 4]","[126, 5, 127]","[76, 45, 39]","[119, 48, 162]","[81, 3, 74]","[110, 123, 97]","[161, 162, 163]"
1918,"[0, 64, 1]","[177, 170, 175]","[110, 143, 111]","[167, 165, 168]","[128, 6, 129]","[19, 168, 18]","[95, 137, 94]","[52, 53, 51]","[63, 154, 121]","[138, 18, 116]","[35, 41, 29]","[118, 117, 116]"
1919,"[166, 160, 156]","[28, 29, 27]","[48, 85, 46]","[1, 2, 94]","[32, 75, 73]","[170, 169, 176]","[118, 140, 119]","[7, 8, 14]","[49, 138, 137]","[169, 171, 170]","[57, 51, 19]","[154, 150, 155]"
1920,"[128, 36, 126]","[92, 98, 91]","[37, 148, 38]","[98, 0, 1]","[14, 55, 56]","[119, 116, 106]","[137, 176, 38]","[95, 99, 150]","[51, 9, 50]","[117, 116, 115]","[0, 15, 1]","[40, 39, 34]"
1921,"[8, 125, 123]","[169, 171, 172]","[176, 81, 177]","[63, 30, 35]","[39, 127, 38]","[21, 20, 71]","[139, 28, 27]","[176, 170, 171]","[38, 126, 127]","[20, 21, 17]","[13, 1, 2]","[65, 67, 139]"
1922,"[115, 24, 22]","[149, 132, 133]","[45, 126, 46]","[180, 155, 69]","[32, 15, 31]","[69, 70, 111]","[73, 37, 75]","[173, 31, 172]","[19, 3, 21]","[54, 107, 106]","[15, 9, 30]","[39, 52, 53]"
1923,"[50, 12, 8]","[30, 23, 76]","[28, 172, 171]","[40, 144, 145]","[126, 10, 98]","[78, 76, 79]","[151, 9, 73]","[54, 53, 164]","[17, 99, 16]","[171, 170, 78]","[30, 42, 41]","[12, 13, 11]"
1924,"[164, 27, 35]","[149, 102, 87]","[97, 155, 96]","[2, 68, 69]","[51, 23, 24]","[132, 157, 149]","[42, 132, 133]","[84, 63, 85]","[147, 41, 146]","[100, 42, 99]","[0, 25, 24]","[119, 122, 63]"
1925,"[173, 9, 174]","[148, 99, 149]","[90, 157, 91]","[7, 38, 8]","[180, 85, 179]","[105, 106, 70]","[127, 79, 174]","[141, 140, 144]","[177, 47, 178]","[146, 147, 64]","[42, 5, 14]","[177, 133, 61]"
1926,"[53, 6, 52]","[144, 134, 145]","[2, 75, 1]","[163, 162, 160]","[2, 75, 1]","[57, 82, 23]","[173, 147, 20]","[68, 5, 110]","[50, 72, 73]","[23, 117, 24]","[21, 39, 38]","[41, 42, 43]"
1927,"[153, 159, 152]","[115, 116, 114]","[155, 179, 180]","[42, 108, 44]","[164, 4, 5]","[106, 107, 105]","[156, 45, 155]","[59, 10, 20]","[164, 4, 165]","[11, 12, 13]","[10, 4, 5]","[137, 105, 106]"
1928,"[113, 153, 174]","[73, 75, 74]","[104, 25, 106]","[167, 169, 168]","[103, 111, 104]","[126, 10, 27]","[126, 143, 147]","[53, 52, 1]","[103, 111, 104]","[126, 10, 163]","[64, 71, 65]","[180, 143, 144]"
1929,"[178, 131, 132]","[109, 87, 88]","[172, 28, 170]","[107, 20, 141]","[57, 26, 36]","[78, 79, 112]","[144, 153, 162]","[178, 179, 177]","[43, 19, 42]","[5, 78, 103]","[31, 40, 34]","[97, 98, 111]"
1930,"[112, 5, 117]","[159, 41, 152]","[52, 109, 51]","[21, 28, 134]","[137, 52, 136]","[18, 19, 20]","[51, 142, 141]","[171, 170, 3]","[39, 111, 73]","[20, 18, 17]","[29, 4, 15]","[76, 75, 32]"
1931,"[4, 47, 3]","[117, 76, 152]","[49, 104, 48]","[82, 138, 80]","[157, 150, 154]","[41, 135, 140]","[51, 155, 52]","[138, 140, 139]","[180, 49, 158]","[141, 140, 139]","[0, 12, 11]","[52, 78, 133]"
1932,"[177, 135, 176]","[115, 113, 50]","[39, 131, 43]","[78, 79, 80]","[31, 151, 152]","[56, 57, 0]","[14, 27, 13]","[101, 57, 58]","[31, 104, 103]","[1, 0, 159]","[5, 25, 4]","[164, 165, 78]"
1933,"[116, 33, 90]","[140, 55, 62]","[174, 129, 107]","[79, 4, 52]","[150, 170, 94]","[114, 117, 33]","[125, 3, 124]","[167, 166, 75]","[170, 150, 94]","[2, 1, 113]","[180, 38, 37]","[95, 102, 94]"
1934,"[129, 81, 130]","[13, 12, 173]","[138, 109, 137]","[23, 21, 24]","[28, 134, 75]","[180, 177, 179]","[128, 177, 130]","[136, 135, 167]","[31, 176, 135]","[10, 13, 35]","[5, 19, 3]","[87, 27, 147]"
1935,"[159, 103, 158]","[146, 147, 0]","[156, 12, 157]","[71, 52, 35]","[112, 67, 65]","[2, 1, 54]","[78, 102, 61]","[71, 19, 72]","[27, 63, 26]","[2, 52, 6]","[6, 21, 0]","[113, 114, 122]"
1936,"[102, 10, 59]","[178, 171, 93]","[140, 58, 180]","[70, 147, 69]","[167, 48, 166]","[126, 125, 128]","[15, 93, 92]","[165, 6, 5]","[48, 165, 166]","[92, 91, 90]","[180, 131, 132]","[37, 45, 99]"
1937,"[44, 94, 93]","[59, 176, 69]","[20, 164, 165]","[145, 9, 32]","[164, 143, 141]","[116, 28, 176]","[85, 166, 41]","[27, 28, 35]","[0, 32, 143]","[31, 30, 63]","[101, 9, 100]","[81, 11, 137]"
1938,"[52, 136, 53]","[18, 19, 104]","[143, 15, 137]","[86, 101, 29]","[53, 126, 54]","[19, 90, 66]","[60, 147, 146]","[31, 96, 25]","[62, 21, 22]","[136, 138, 143]","[104, 53, 103]","[113, 167, 160]"
1939,"[140, 177, 0]","[172, 43, 173]","[63, 37, 180]","[106, 93, 89]","[156, 9, 157]","[94, 95, 38]","[3, 155, 4]","[92, 115, 108]","[180, 147, 8]","[121, 124, 122]","[0, 6, 154]","[106, 105, 91]"
1940,"[74, 170, 75]","[137, 128, 132]","[4, 115, 3]","[166, 62, 140]","[167, 122, 166]","[137, 138, 139]","[169, 92, 170]","[125, 146, 49]","[56, 117, 122]","[47, 46, 45]","[28, 19, 27]","[48, 128, 129]"
1941,"[50, 160, 81]","[163, 168, 167]","[117, 159, 45]","[58, 24, 23]","[46, 155, 83]","[116, 57, 36]","[35, 4, 33]","[62, 63, 109]","[154, 103, 102]","[37, 36, 4]","[16, 4, 7]","[101, 27, 30]"
1942,"[135, 64, 19]","[73, 74, 165]","[146, 85, 84]","[173, 70, 69]","[144, 116, 145]","[72, 45, 65]","[52, 149, 170]","[90, 71, 117]","[116, 145, 117]","[61, 60, 59]","[42, 49, 50]","[63, 61, 60]"
1943,"[27, 97, 26]","[159, 160, 150]","[145, 44, 61]","[123, 53, 124]","[68, 117, 67]","[81, 173, 82]","[0, 151, 82]","[107, 108, 101]","[117, 67, 116]","[81, 89, 80]","[14, 20, 18]","[54, 53, 52]"
1944,"[49, 151, 150]","[89, 116, 117]","[22, 135, 17]","[95, 97, 92]","[79, 149, 80]","[47, 170, 48]","[153, 9, 5]","[124, 128, 139]","[74, 144, 75]","[29, 47, 48]","[32, 24, 28]","[54, 55, 52]"
1945,"[71, 140, 70]","[166, 5, 163]","[25, 169, 24]","[53, 55, 56]","[1, 14, 0]","[157, 88, 97]","[119, 12, 118]","[172, 173, 169]","[176, 96, 177]","[110, 108, 109]","[180, 7, 8]","[17, 16, 13]"
1946,"[4, 124, 5]","[37, 38, 39]","[175, 118, 135]","[18, 21, 25]","[180, 130, 129]","[120, 144, 170]","[153, 88, 152]","[49, 47, 48]","[180, 130, 7]","[99, 75, 76]","[57, 63, 6]","[38, 39, 122]"
1947,"[3, 34, 35]","[78, 129, 75]","[26, 69, 70]","[126, 125, 159]","[10, 98, 11]","[146, 121, 133]","[120, 102, 137]","[22, 23, 24]","[85, 63, 64]","[26, 28, 21]","[21, 3, 0]","[127, 80, 116]"
1948,"[23, 137, 24]","[93, 100, 101]","[180, 58, 176]","[93, 144, 81]","[36, 84, 151]","[109, 107, 108]","[21, 166, 167]","[0, 1, 123]","[65, 162, 38]","[109, 110, 93]","[126, 68, 83]","[53, 52, 51]"
1949,"[22, 166, 165]","[50, 37, 39]","[137, 144, 138]","[58, 81, 82]","[71, 22, 154]","[116, 117, 115]","[85, 132, 91]","[127, 118, 128]","[71, 22, 23]","[116, 91, 0]","[0, 10, 13]","[26, 23, 24]"
1950,"[26, 124, 121]","[85, 87, 162]","[179, 138, 137]","[31, 30, 29]","[0, 7, 1]","[89, 90, 145]","[74, 122, 114]","[16, 19, 144]","[19, 12, 2]","[146, 25, 145]","[28, 18, 34]","[96, 95, 97]"
1951,"[148, 154, 145]","[85, 86, 84]","[22, 166, 14]","[76, 77, 78]","[179, 72, 180]","[143, 121, 36]","[160, 135, 41]","[145, 30, 28]","[154, 75, 115]","[100, 101, 18]","[145, 167, 146]","[39, 40, 143]"
1952,"[129, 29, 60]","[159, 158, 110]","[138, 6, 137]","[106, 109, 104]","[171, 27, 172]","[81, 80, 79]","[90, 69, 68]","[96, 18, 146]","[171, 27, 172]","[173, 174, 2]","[180, 1, 11]","[104, 106, 105]"
1953,"[94, 40, 13]","[157, 156, 132]","[27, 171, 24]","[112, 158, 49]","[15, 159, 158]","[60, 138, 61]","[179, 66, 180]","[52, 70, 153]","[39, 23, 44]","[156, 68, 67]","[44, 50, 49]","[123, 124, 101]"
1954,"[18, 28, 7]","[84, 59, 64]","[103, 24, 104]","[84, 83, 53]","[107, 79, 78]","[112, 117, 162]","[127, 8, 9]","[35, 37, 106]","[79, 107, 80]","[147, 145, 146]","[13, 7, 14]","[164, 165, 166]"
1955,"[152, 167, 151]","[124, 123, 30]","[26, 110, 24]","[75, 163, 66]","[9, 45, 12]","[99, 101, 96]","[117, 14, 175]","[172, 165, 66]","[162, 49, 163]","[96, 133, 132]","[26, 11, 27]","[173, 174, 103]"
1956,"[120, 22, 119]","[58, 139, 64]","[158, 24, 159]","[58, 0, 135]","[0, 35, 139]","[167, 65, 9]","[130, 8, 129]","[174, 172, 173]","[23, 139, 38]","[97, 6, 98]","[116, 142, 143]","[63, 70, 71]"
1957,"[93, 28, 82]","[123, 122, 45]","[164, 170, 163]","[135, 14, 136]","[40, 74, 73]","[118, 112, 54]","[106, 75, 76]","[10, 24, 25]","[128, 12, 11]","[36, 180, 55]","[102, 108, 103]","[172, 171, 170]"
1958,"[71, 137, 158]","[40, 109, 34]","[175, 82, 36]","[71, 72, 41]","[173, 25, 172]","[34, 115, 48]","[130, 34, 36]","[169, 168, 71]","[10, 132, 6]","[160, 13, 12]","[5, 13, 4]","[17, 138, 131]"
1959,"[71, 41, 72]","[125, 124, 122]","[34, 10, 33]","[176, 63, 64]","[147, 120, 146]","[173, 51, 172]","[33, 96, 97]","[165, 166, 120]","[135, 8, 136]","[173, 172, 170]","[180, 173, 174]","[158, 125, 48]"
1960,"[4, 175, 0]","[124, 101, 145]","[27, 128, 127]","[167, 166, 169]","[94, 60, 74]","[146, 175, 147]","[131, 8, 130]","[139, 32, 140]","[30, 122, 31]","[160, 161, 170]","[49, 172, 173]","[67, 64, 65]"
1961,"[156, 117, 47]","[149, 144, 145]","[90, 152, 89]","[7, 144, 65]","[180, 70, 144]","[168, 165, 164]","[96, 179, 120]","[47, 46, 45]","[1, 56, 0]","[168, 164, 162]","[1, 22, 3]","[89, 26, 90]"
1962,"[65, 79, 64]","[142, 143, 144]","[44, 100, 46]","[56, 174, 175]","[61, 91, 102]","[24, 65, 112]","[110, 97, 158]","[94, 16, 67]","[36, 57, 60]","[112, 21, 20]","[27, 11, 26]","[91, 90, 89]"
1963,"[0, 82, 136]","[127, 18, 101]","[38, 125, 6]","[137, 164, 71]","[15, 9, 24]","[147, 164, 165]","[175, 118, 73]","[146, 147, 148]","[173, 7, 172]","[83, 84, 114]","[2, 34, 5]","[120, 117, 119]"
1964,"[104, 10, 8]","[78, 82, 79]","[31, 21, 22]","[103, 101, 85]","[136, 79, 137]","[96, 97, 95]","[0, 30, 2]","[129, 151, 46]","[77, 138, 76]","[101, 99, 103]","[2, 13, 14]","[124, 125, 122]"
1965,"[178, 152, 4]","[107, 111, 108]","[90, 34, 48]","[23, 24, 25]","[18, 46, 5]","[150, 151, 38]","[132, 167, 87]","[29, 4, 2]","[178, 22, 175]","[65, 150, 138]","[37, 19, 43]","[93, 89, 94]"
1966,"[45, 107, 43]","[2, 0, 93]","[2, 136, 0]","[172, 104, 17]","[26, 170, 17]","[40, 65, 45]","[145, 59, 21]","[142, 143, 15]","[169, 25, 168]","[143, 142, 141]","[142, 22, 143]","[138, 91, 92]"
1967,"[16, 150, 158]","[26, 177, 117]","[140, 98, 93]","[69, 70, 18]","[158, 26, 159]","[53, 52, 51]","[175, 19, 77]","[5, 168, 140]","[26, 157, 156]","[88, 8, 87]","[13, 6, 14]","[108, 106, 107]"
1968,"[69, 89, 41]","[144, 143, 140]","[163, 4, 3]","[43, 44, 42]","[69, 122, 67]","[21, 23, 22]","[35, 120, 46]","[61, 103, 62]","[85, 147, 84]","[151, 150, 30]","[0, 18, 19]","[73, 180, 74]"
1969,"[93, 10, 92]","[74, 75, 41]","[18, 146, 20]","[73, 47, 96]","[130, 163, 36]","[66, 179, 180]","[140, 107, 139]","[28, 35, 36]","[130, 163, 36]","[73, 110, 61]","[62, 56, 61]","[139, 65, 140]"
1970,"[64, 102, 66]","[132, 133, 134]","[9, 56, 57]","[128, 127, 98]","[53, 72, 140]","[176, 175, 172]","[145, 170, 148]","[62, 61, 63]","[60, 168, 174]","[84, 0, 7]","[1, 21, 44]","[51, 138, 112]"
1971,"[132, 24, 133]","[167, 87, 78]","[178, 128, 177]","[66, 40, 67]","[119, 39, 38]","[106, 137, 138]","[8, 159, 7]","[59, 58, 57]","[39, 119, 38]","[106, 68, 108]","[127, 18, 19]","[30, 135, 26]"
1972,"[113, 96, 95]","[18, 76, 75]","[71, 179, 178]","[23, 27, 26]","[0, 28, 146]","[162, 161, 160]","[61, 16, 17]","[141, 96, 37]","[0, 30, 29]","[39, 38, 9]","[152, 158, 180]","[17, 23, 20]"
1973,"[81, 12, 105]","[24, 27, 25]","[110, 9, 28]","[152, 125, 123]","[75, 7, 74]","[111, 127, 112]","[115, 129, 114]","[81, 83, 84]","[86, 136, 135]","[111, 128, 101]","[140, 158, 139]","[101, 102, 100]"
1974,"[146, 49, 145]","[99, 41, 83]","[5, 56, 55]","[33, 86, 84]","[129, 85, 72]","[110, 166, 32]","[17, 179, 18]","[66, 138, 155]","[140, 29, 117]","[9, 10, 59]","[61, 2, 59]","[122, 123, 131]"
1975,"[153, 9, 152]","[94, 54, 99]","[141, 99, 140]","[45, 43, 44]","[31, 12, 156]","[94, 105, 52]","[53, 175, 180]","[97, 98, 137]","[36, 12, 37]","[146, 147, 57]","[31, 44, 30]","[61, 133, 136]"
1976,"[0, 38, 5]","[62, 146, 63]","[154, 147, 43]","[123, 27, 126]","[167, 23, 28]","[135, 136, 134]","[129, 92, 132]","[84, 80, 161]","[113, 140, 114]","[128, 131, 130]","[22, 11, 21]","[176, 57, 177]"
1977,"[146, 20, 145]","[99, 105, 101]","[62, 172, 61]","[149, 23, 113]","[5, 77, 4]","[130, 24, 25]","[127, 86, 39]","[133, 19, 17]","[74, 152, 151]","[22, 132, 21]","[17, 161, 160]","[104, 105, 101]"
1978,"[0, 105, 75]","[115, 116, 155]","[74, 98, 1]","[146, 30, 127]","[91, 67, 95]","[155, 138, 154]","[5, 64, 63]","[173, 150, 166]","[178, 55, 121]","[131, 6, 36]","[119, 6, 7]","[125, 38, 148]"
1979,"[124, 107, 123]","[70, 71, 134]","[89, 23, 88]","[55, 51, 50]","[176, 71, 155]","[134, 133, 132]","[176, 25, 24]","[45, 44, 7]","[84, 10, 88]","[139, 109, 56]","[54, 60, 59]","[141, 140, 139]"
1980,"[0, 66, 160]","[36, 39, 35]","[136, 93, 92]","[24, 23, 21]","[90, 54, 53]","[9, 8, 7]","[47, 71, 45]","[163, 164, 170]","[87, 52, 91]","[108, 10, 9]","[87, 11, 86]","[140, 141, 139]"
1981,"[106, 8, 7]","[62, 61, 128]","[143, 97, 96]","[29, 136, 11]","[11, 114, 113]","[74, 42, 75]","[119, 38, 120]","[61, 138, 93]","[120, 174, 150]","[36, 37, 38]","[107, 151, 150]","[127, 131, 129]"
1982,"[71, 162, 15]","[147, 146, 54]","[76, 162, 66]","[139, 51, 53]","[34, 3, 35]","[166, 167, 60]","[105, 10, 104]","[174, 48, 117]","[104, 48, 102]","[85, 86, 166]","[0, 12, 11]","[156, 142, 157]"
1983,"[4, 108, 3]","[113, 112, 12]","[98, 8, 121]","[134, 137, 145]","[23, 16, 24]","[166, 133, 90]","[110, 123, 109]","[22, 128, 2]","[119, 59, 123]","[174, 176, 175]","[165, 42, 0]","[75, 77, 76]"
1984,"[1, 143, 5]","[27, 21, 84]","[66, 35, 36]","[42, 132, 43]","[105, 155, 154]","[141, 33, 32]","[62, 125, 168]","[81, 89, 80]","[104, 154, 105]","[142, 143, 144]","[0, 22, 20]","[119, 175, 174]"
1985,"[25, 19, 26]","[178, 175, 176]","[0, 40, 38]","[132, 130, 134]","[154, 10, 156]","[37, 118, 35]","[97, 9, 45]","[95, 6, 165]","[180, 74, 176]","[57, 133, 147]","[66, 92, 65]","[178, 160, 177]"
1986,"[80, 124, 123]","[51, 57, 50]","[173, 84, 83]","[38, 39, 51]","[166, 91, 165]","[62, 61, 135]","[89, 127, 125]","[73, 17, 72]","[91, 166, 133]","[57, 61, 55]","[0, 16, 17]","[24, 139, 142]"
1987,"[36, 19, 35]","[117, 118, 41]","[35, 179, 177]","[81, 78, 83]","[8, 150, 7]","[175, 2, 130]","[150, 6, 157]","[27, 176, 29]","[155, 11, 12]","[130, 131, 176]","[0, 115, 116]","[180, 66, 64]"
1988,"[84, 18, 85]","[50, 127, 120]","[33, 157, 34]","[132, 130, 170]","[26, 167, 169]","[173, 45, 43]","[177, 110, 175]","[0, 30, 29]","[58, 171, 2]","[83, 101, 33]","[34, 7, 31]","[73, 68, 67]"
1989,"[174, 147, 173]","[77, 43, 41]","[57, 93, 59]","[11, 40, 85]","[107, 16, 154]","[59, 57, 56]","[85, 48, 175]","[129, 125, 106]","[23, 8, 28]","[44, 45, 50]","[39, 118, 142]","[166, 74, 78]"
1990,"[40, 128, 39]","[50, 45, 137]","[57, 163, 99]","[132, 133, 134]","[109, 45, 44]","[24, 85, 26]","[71, 125, 121]","[84, 17, 87]","[155, 50, 156]","[175, 28, 97]","[17, 4, 18]","[138, 159, 139]"
1991,"[168, 132, 74]","[59, 58, 56]","[168, 28, 166]","[81, 79, 80]","[135, 114, 43]","[17, 16, 15]","[143, 3, 144]","[60, 96, 138]","[114, 135, 136]","[58, 98, 18]","[4, 11, 3]","[151, 152, 141]"
1992,"[131, 12, 132]","[75, 51, 74]","[54, 130, 53]","[67, 158, 160]","[73, 127, 126]","[41, 172, 173]","[43, 6, 128]","[78, 77, 76]","[73, 127, 126]","[82, 138, 42]","[9, 3, 8]","[42, 41, 128]"
1993,"[102, 4, 22]","[37, 109, 103]","[100, 11, 99]","[158, 111, 110]","[171, 9, 170]","[72, 74, 75]","[34, 78, 147]","[136, 134, 135]","[99, 176, 173]","[124, 104, 105]","[174, 168, 170]","[67, 0, 69]"
1994,"[15, 104, 14]","[162, 161, 160]","[23, 13, 24]","[164, 165, 160]","[12, 150, 176]","[164, 163, 165]","[121, 12, 122]","[84, 58, 57]","[20, 164, 21]","[44, 53, 43]","[13, 22, 20]","[67, 68, 96]"
1995,"[20, 96, 180]","[148, 147, 146]","[51, 125, 118]","[4, 0, 2]","[174, 155, 166]","[97, 177, 96]","[162, 153, 4]","[84, 85, 83]","[138, 76, 159]","[98, 100, 97]","[178, 6, 136]","[67, 68, 69]"
1996,"[66, 23, 169]","[156, 155, 154]","[146, 72, 56]","[178, 154, 63]","[79, 30, 29]","[85, 163, 162]","[154, 10, 153]","[133, 134, 64]","[8, 101, 177]","[145, 144, 162]","[6, 13, 5]","[170, 117, 83]"
1997,"[34, 67, 49]","[42, 41, 162]","[76, 113, 121]","[179, 178, 12]","[24, 168, 23]","[139, 141, 142]","[123, 66, 124]","[40, 173, 157]","[24, 168, 23]","[103, 67, 104]","[131, 179, 178]","[57, 14, 58]"
1998,"[47, 8, 109]","[67, 117, 68]","[96, 22, 95]","[122, 166, 121]","[5, 141, 47]","[68, 118, 36]","[180, 11, 177]","[50, 46, 102]","[94, 133, 134]","[118, 71, 69]","[0, 14, 13]","[133, 132, 69]"
1999,"[46, 28, 45]","[143, 146, 135]","[94, 84, 159]","[132, 133, 131]","[56, 118, 62]","[69, 89, 93]","[42, 77, 180]","[6, 7, 17]","[156, 76, 177]","[89, 132, 69]","[28, 9, 27]","[101, 100, 99]"
2000,"[138, 50, 139]","[112, 90, 91]","[159, 172, 161]","[71, 72, 73]","[90, 55, 86]","[160, 166, 161]","[92, 67, 32]","[66, 161, 63]","[51, 86, 39]","[98, 165, 160]","[1, 7, 0]","[68, 71, 70]"
2001,"[2, 24, 3]","[126, 136, 137]","[39, 148, 149]","[61, 57, 60]","[172, 62, 77]","[111, 114, 112]","[26, 44, 43]","[85, 84, 15]","[153, 77, 152]","[112, 84, 27]","[41, 22, 12]","[162, 161, 163]"
2002,"[34, 75, 13]","[110, 109, 108]","[74, 29, 73]","[160, 179, 119]","[50, 130, 51]","[90, 94, 89]","[135, 108, 136]","[149, 150, 45]","[178, 165, 179]","[2, 1, 0]","[175, 8, 176]","[139, 137, 136]"
2003,"[53, 168, 52]","[101, 102, 124]","[78, 22, 20]","[168, 154, 167]","[20, 49, 19]","[63, 60, 59]","[75, 143, 76]","[151, 49, 31]","[49, 20, 48]","[59, 63, 60]","[12, 45, 44]","[171, 98, 150]"
2004,"[72, 39, 73]","[25, 26, 145]","[5, 146, 2]","[83, 63, 118]","[106, 41, 20]","[79, 68, 4]","[70, 21, 175]","[108, 125, 114]","[21, 84, 162]","[57, 56, 5]","[0, 7, 6]","[107, 112, 110]"
2005,"[80, 120, 173]","[45, 46, 51]","[173, 125, 124]","[132, 131, 133]","[72, 122, 73]","[180, 12, 48]","[128, 111, 63]","[163, 160, 20]","[167, 74, 70]","[48, 16, 175]","[21, 36, 37]","[63, 62, 131]"
2006,"[15, 159, 158]","[58, 147, 144]","[0, 134, 51]","[66, 61, 60]","[68, 156, 50]","[100, 23, 99]","[30, 120, 62]","[73, 72, 70]","[180, 51, 179]","[100, 86, 90]","[74, 80, 72]","[103, 116, 112]"
2007,"[0, 117, 1]","[138, 137, 19]","[118, 172, 117]","[139, 138, 45]","[113, 13, 115]","[92, 89, 49]","[18, 24, 23]","[151, 70, 73]","[107, 172, 139]","[89, 90, 150]","[0, 13, 11]","[102, 109, 92]"
2008,"[106, 165, 175]","[172, 126, 131]","[176, 130, 175]","[155, 154, 156]","[178, 154, 179]","[134, 52, 51]","[121, 178, 177]","[85, 59, 58]","[161, 98, 179]","[5, 60, 59]","[111, 68, 110]","[170, 5, 169]"
2009,"[27, 107, 106]","[176, 6, 40]","[147, 50, 54]","[62, 63, 161]","[171, 17, 172]","[151, 158, 121]","[30, 114, 1]","[155, 156, 158]","[96, 172, 49]","[6, 120, 150]","[21, 27, 28]","[121, 65, 122]"
2010,"[2, 22, 3]","[101, 144, 78]","[97, 61, 36]","[48, 47, 157]","[105, 141, 104]","[147, 146, 85]","[180, 56, 15]","[30, 28, 29]","[46, 138, 37]","[3, 98, 2]","[0, 83, 2]","[46, 119, 50]"
2011,"[135, 34, 33]","[71, 169, 70]","[92, 106, 93]","[169, 180, 57]","[75, 169, 22]","[102, 107, 108]","[123, 75, 74]","[148, 59, 11]","[166, 22, 20]","[58, 104, 6]","[16, 24, 17]","[108, 109, 98]"
2012,"[51, 128, 129]","[70, 69, 66]","[19, 49, 17]","[81, 80, 82]","[125, 175, 124]","[35, 158, 77]","[40, 46, 168]","[1, 0, 2]","[176, 128, 178]","[158, 35, 34]","[0, 1, 2]","[177, 175, 176]"
2013,"[22, 5, 21]","[91, 41, 45]","[21, 165, 20]","[116, 80, 115]","[30, 66, 65]","[173, 174, 176]","[153, 9, 154]","[120, 116, 77]","[82, 144, 66]","[173, 50, 176]","[2, 11, 3]","[169, 175, 30]"
2014,"[2, 27, 1]","[157, 134, 68]","[95, 79, 2]","[121, 50, 173]","[2, 168, 5]","[129, 128, 125]","[35, 22, 34]","[3, 4, 135]","[1, 166, 2]","[149, 160, 128]","[0, 17, 16]","[30, 31, 20]"
2015,"[180, 35, 179]","[132, 141, 133]","[170, 26, 25]","[32, 31, 150]","[0, 175, 142]","[161, 90, 100]","[128, 92, 127]","[108, 107, 151]","[74, 12, 13]","[90, 158, 161]","[157, 151, 158]","[10, 12, 93]"
2016,"[101, 7, 102]","[178, 168, 78]","[113, 169, 112]","[148, 24, 23]","[114, 66, 115]","[28, 27, 26]","[107, 58, 108]","[77, 160, 26]","[82, 17, 119]","[50, 49, 47]","[21, 132, 20]","[87, 85, 50]"
2017,"[48, 157, 47]","[16, 15, 14]","[23, 166, 22]","[149, 148, 52]","[159, 16, 43]","[120, 66, 50]","[167, 44, 97]","[119, 115, 114]","[159, 16, 158]","[120, 119, 50]","[1, 16, 36]","[37, 124, 94]"
2018,"[152, 8, 151]","[169, 81, 77]","[95, 149, 94]","[142, 63, 62]","[157, 92, 95]","[134, 30, 32]","[98, 81, 24]","[150, 171, 170]","[100, 165, 101]","[66, 85, 48]","[180, 174, 173]","[147, 95, 144]"
2019,"[174, 168, 173]","[98, 97, 137]","[61, 151, 59]","[76, 74, 128]","[3, 118, 2]","[95, 107, 96]","[8, 152, 9]","[70, 77, 69]","[153, 65, 80]","[15, 113, 95]","[1, 23, 5]","[29, 30, 155]"
2020,"[68, 124, 1]","[28, 141, 27]","[81, 116, 80]","[132, 129, 131]","[175, 31, 171]","[113, 102, 103]","[159, 139, 135]","[88, 87, 90]","[175, 31, 166]","[135, 136, 93]","[13, 115, 133]","[61, 62, 60]"
2021,"[141, 16, 17]","[60, 46, 114]","[144, 175, 172]","[21, 104, 105]","[117, 13, 116]","[96, 112, 113]","[123, 65, 122]","[93, 91, 92]","[115, 11, 81]","[38, 39, 113]","[162, 155, 173]","[151, 85, 94]"
2022,"[101, 68, 107]","[111, 148, 89]","[141, 11, 10]","[93, 145, 96]","[120, 22, 121]","[79, 84, 78]","[121, 17, 119]","[12, 117, 137]","[35, 7, 34]","[76, 79, 83]","[152, 146, 144]","[158, 157, 89]"
2023,"[4, 124, 113]","[167, 173, 170]","[146, 7, 150]","[177, 77, 76]","[52, 136, 53]","[10, 150, 8]","[39, 172, 44]","[60, 61, 62]","[141, 57, 32]","[172, 17, 12]","[1, 33, 5]","[123, 124, 125]"
2024,"[2, 17, 3]","[103, 76, 139]","[136, 13, 26]","[58, 54, 57]","[8, 41, 9]","[80, 17, 82]","[90, 132, 86]","[25, 26, 42]","[19, 127, 16]","[122, 121, 103]","[126, 132, 131]","[48, 47, 38]"
2025,"[113, 174, 114]","[39, 148, 140]","[174, 76, 77]","[31, 158, 30]","[180, 11, 73]","[123, 45, 48]","[86, 42, 85]","[145, 144, 147]","[180, 11, 15]","[6, 123, 3]","[146, 174, 175]","[5, 6, 116]"
2026,"[0, 115, 58]","[144, 155, 146]","[48, 125, 175]","[111, 112, 87]","[7, 13, 6]","[51, 52, 50]","[112, 39, 40]","[89, 55, 169]","[167, 103, 102]","[159, 43, 48]","[0, 17, 15]","[61, 62, 60]"
2027,"[67, 30, 29]","[97, 98, 108]","[0, 44, 95]","[23, 153, 133]","[127, 57, 67]","[180, 88, 90]","[116, 62, 63]","[180, 154, 153]","[128, 97, 127]","[88, 86, 85]","[83, 77, 76]","[150, 151, 149]"
2028,"[106, 168, 12]","[40, 119, 118]","[103, 171, 102]","[76, 44, 122]","[14, 147, 15]","[55, 58, 57]","[61, 115, 60]","[3, 84, 158]","[176, 138, 175]","[32, 20, 31]","[24, 9, 25]","[57, 56, 58]"
2029,"[28, 11, 30]","[155, 156, 157]","[41, 59, 164]","[131, 129, 92]","[23, 44, 24]","[165, 159, 158]","[132, 66, 161]","[83, 84, 85]","[136, 46, 135]","[164, 151, 163]","[63, 57, 56]","[65, 66, 64]"
2030,"[38, 27, 39]","[82, 81, 102]","[171, 27, 172]","[137, 44, 130]","[45, 158, 44]","[54, 143, 142]","[35, 132, 34]","[178, 141, 142]","[45, 158, 127]","[54, 134, 2]","[53, 82, 52]","[134, 133, 131]"
2031,"[60, 27, 62]","[34, 87, 33]","[24, 107, 23]","[54, 145, 146]","[90, 111, 37]","[50, 165, 171]","[180, 93, 165]","[67, 31, 33]","[90, 111, 112]","[68, 69, 70]","[0, 7, 8]","[175, 174, 176]"
2032,"[103, 137, 105]","[60, 153, 56]","[103, 15, 102]","[82, 152, 120]","[141, 107, 105]","[148, 149, 68]","[93, 32, 94]","[163, 164, 166]","[86, 173, 87]","[144, 73, 28]","[18, 26, 24]","[99, 102, 98]"
2033,"[1, 97, 2]","[169, 80, 172]","[142, 92, 141]","[166, 18, 72]","[105, 154, 117]","[20, 137, 2]","[135, 56, 121]","[9, 8, 3]","[154, 105, 117]","[18, 20, 21]","[16, 8, 3]","[133, 134, 132]"
2034,"[46, 116, 104]","[177, 160, 178]","[61, 17, 15]","[34, 35, 33]","[74, 64, 141]","[175, 176, 143]","[127, 155, 126]","[20, 21, 19]","[64, 74, 19]","[175, 174, 176]","[123, 117, 118]","[45, 44, 43]"
2035,"[178, 48, 172]","[104, 105, 76]","[85, 37, 31]","[125, 126, 122]","[17, 68, 36]","[160, 161, 83]","[100, 176, 165]","[29, 74, 50]","[123, 137, 122]","[48, 51, 52]","[18, 115, 19]","[105, 103, 104]"
2036,"[176, 76, 174]","[98, 99, 100]","[57, 10, 58]","[135, 30, 103]","[165, 127, 125]","[138, 60, 61]","[166, 27, 28]","[54, 74, 75]","[103, 44, 45]","[63, 64, 62]","[9, 15, 8]","[99, 69, 28]"
2037,"[159, 118, 111]","[81, 134, 82]","[117, 17, 95]","[133, 131, 132]","[108, 59, 107]","[85, 121, 120]","[30, 152, 91]","[40, 41, 39]","[62, 111, 145]","[33, 45, 44]","[8, 19, 18]","[121, 74, 122]"
2038,"[161, 36, 87]","[108, 74, 40]","[180, 15, 54]","[120, 140, 133]","[78, 25, 76]","[137, 139, 138]","[46, 179, 47]","[137, 138, 139]","[145, 49, 24]","[148, 178, 112]","[1, 10, 9]","[163, 107, 113]"
2039,"[177, 31, 32]","[53, 54, 55]","[137, 27, 136]","[91, 80, 81]","[174, 115, 124]","[89, 88, 84]","[33, 10, 68]","[139, 138, 131]","[115, 174, 132]","[87, 89, 90]","[144, 150, 143]","[71, 53, 51]"
2040,"[174, 27, 24]","[68, 69, 61]","[33, 158, 32]","[176, 107, 117]","[47, 99, 41]","[179, 92, 93]","[115, 46, 8]","[170, 169, 168]","[70, 99, 46]","[35, 34, 37]","[154, 160, 135]","[62, 59, 64]"
2041,"[70, 171, 170]","[135, 39, 66]","[140, 25, 26]","[61, 50, 87]","[6, 117, 49]","[37, 35, 36]","[49, 13, 48]","[68, 112, 6]","[117, 6, 109]","[176, 177, 174]","[2, 8, 3]","[14, 111, 15]"
2042,"[154, 121, 155]","[39, 41, 38]","[174, 112, 110]","[156, 153, 68]","[96, 71, 24]","[113, 54, 118]","[166, 22, 172]","[47, 97, 151]","[147, 130, 127]","[120, 77, 76]","[8, 21, 20]","[124, 125, 123]"
2043,"[121, 39, 44]","[53, 5, 4]","[132, 4, 25]","[92, 86, 87]","[2, 102, 104]","[86, 62, 114]","[118, 131, 117]","[1, 92, 56]","[53, 108, 125]","[139, 63, 62]","[0, 7, 6]","[145, 146, 26]"
2044,"[67, 41, 86]","[130, 1, 131]","[59, 150, 151]","[112, 111, 110]","[110, 11, 108]","[17, 114, 179]","[50, 80, 52]","[159, 158, 151]","[113, 152, 111]","[167, 17, 63]","[81, 6, 23]","[40, 41, 141]"
2045,"[2, 9, 1]","[141, 136, 62]","[6, 20, 5]","[132, 108, 82]","[30, 9, 29]","[109, 135, 132]","[0, 10, 1]","[72, 73, 83]","[30, 9, 1]","[133, 74, 166]","[63, 69, 62]","[70, 71, 176]"
2046,"[151, 106, 107]","[40, 39, 38]","[87, 146, 85]","[51, 50, 180]","[26, 151, 11]","[144, 143, 145]","[3, 134, 107]","[91, 90, 92]","[151, 26, 65]","[144, 143, 159]","[22, 155, 156]","[74, 76, 139]"
2047,"[39, 171, 131]","[162, 173, 75]","[167, 23, 168]","[150, 146, 151]","[133, 21, 22]","[94, 99, 175]","[54, 13, 55]","[39, 139, 36]","[40, 79, 21]","[177, 178, 176]","[3, 14, 4]","[75, 74, 148]"
2048,"[141, 52, 142]","[121, 40, 179]","[50, 134, 58]","[178, 179, 180]","[117, 166, 180]","[43, 159, 160]","[67, 110, 159]","[142, 8, 13]","[123, 23, 44]","[82, 34, 32]","[26, 14, 38]","[77, 76, 78]"
2049,"[164, 15, 16]","[27, 131, 132]","[81, 106, 80]","[59, 58, 61]","[32, 75, 33]","[61, 62, 150]","[18, 141, 139]","[6, 3, 4]","[32, 75, 33]","[145, 150, 151]","[0, 6, 1]","[72, 133, 73]"
2050,"[109, 122, 108]","[41, 2, 97]","[0, 21, 22]","[117, 112, 62]","[119, 132, 135]","[57, 169, 156]","[7, 29, 150]","[25, 23, 24]","[17, 161, 175]","[36, 88, 31]","[167, 173, 174]","[92, 55, 78]"
2051,"[175, 14, 176]","[168, 167, 95]","[59, 49, 72]","[91, 68, 18]","[171, 68, 172]","[127, 132, 131]","[83, 70, 82]","[166, 132, 165]","[23, 102, 24]","[132, 128, 131]","[1, 154, 3]","[43, 146, 42]"
2052,"[92, 137, 16]","[51, 90, 178]","[45, 151, 65]","[126, 127, 122]","[35, 65, 33]","[17, 16, 10]","[138, 64, 63]","[175, 2, 174]","[36, 158, 159]","[170, 24, 17]","[5, 17, 6]","[81, 52, 120]"
2053,"[19, 98, 99]","[131, 179, 176]","[112, 73, 71]","[164, 163, 8]","[25, 132, 131]","[77, 8, 0]","[167, 23, 24]","[32, 76, 128]","[93, 7, 122]","[148, 66, 67]","[0, 22, 23]","[43, 115, 118]"
2054,"[128, 64, 177]","[36, 0, 1]","[84, 53, 54]","[122, 124, 121]","[134, 175, 135]","[169, 153, 113]","[45, 146, 44]","[101, 102, 103]","[172, 83, 173]","[115, 152, 113]","[28, 22, 23]","[160, 159, 173]"
2055,"[6, 179, 119]","[128, 166, 129]","[58, 37, 59]","[112, 113, 114]","[160, 9, 141]","[104, 105, 106]","[42, 120, 43]","[108, 107, 90]","[131, 26, 167]","[113, 103, 112]","[2, 20, 1]","[108, 126, 107]"
2056,"[47, 156, 44]","[28, 67, 68]","[171, 101, 170]","[138, 137, 67]","[76, 6, 77]","[67, 150, 46]","[139, 78, 85]","[2, 0, 1]","[76, 7, 8]","[111, 160, 110]","[164, 158, 162]","[61, 174, 62]"
2057,"[0, 108, 89]","[138, 42, 132]","[150, 12, 151]","[72, 67, 70]","[103, 137, 102]","[51, 145, 77]","[120, 13, 65]","[171, 172, 176]","[76, 23, 57]","[146, 145, 162]","[63, 69, 67]","[121, 11, 122]"
2058,"[51, 33, 32]","[147, 74, 27]","[90, 179, 178]","[37, 22, 67]","[71, 154, 70]","[111, 116, 114]","[99, 130, 135]","[44, 43, 117]","[90, 136, 80]","[115, 111, 121]","[0, 7, 6]","[127, 180, 179]"
2059,"[159, 175, 167]","[119, 73, 71]","[67, 7, 66]","[123, 124, 125]","[173, 36, 38]","[151, 150, 125]","[95, 166, 98]","[127, 0, 3]","[169, 13, 168]","[150, 151, 52]","[5, 16, 4]","[33, 113, 30]"
2060,"[159, 103, 157]","[61, 127, 62]","[126, 98, 121]","[70, 60, 2]","[172, 17, 100]","[59, 57, 60]","[153, 30, 152]","[95, 80, 94]","[19, 174, 13]","[134, 133, 73]","[1, 12, 25]","[65, 89, 119]"
2061,"[24, 3, 4]","[9, 8, 11]","[172, 28, 171]","[55, 56, 133]","[169, 4, 170]","[152, 54, 103]","[123, 35, 120]","[14, 28, 29]","[119, 36, 48]","[128, 106, 126]","[0, 6, 1]","[88, 99, 132]"
2062,"[22, 153, 21]","[170, 171, 69]","[164, 2, 167]","[57, 52, 137]","[170, 62, 171]","[93, 111, 94]","[103, 52, 82]","[138, 137, 139]","[171, 150, 172]","[61, 149, 49]","[38, 21, 8]","[134, 81, 133]"
2063,"[86, 134, 131]","[90, 89, 30]","[39, 80, 81]","[48, 98, 49]","[34, 134, 132]","[150, 88, 149]","[26, 170, 171]","[112, 79, 126]","[34, 134, 32]","[149, 148, 150]","[133, 150, 155]","[19, 20, 21]"
2064,"[178, 115, 43]","[26, 171, 25]","[2, 44, 42]","[138, 137, 136]","[170, 16, 171]","[111, 110, 109]","[14, 158, 141]","[115, 114, 113]","[131, 99, 130]","[68, 67, 66]","[21, 12, 13]","[140, 113, 109]"
2065,"[148, 38, 149]","[28, 27, 140]","[113, 32, 30]","[83, 174, 175]","[121, 24, 122]","[90, 82, 83]","[29, 168, 28]","[92, 45, 93]","[178, 148, 153]","[59, 26, 29]","[0, 26, 27]","[143, 142, 146]"
2066,"[174, 95, 173]","[146, 127, 126]","[11, 57, 28]","[3, 176, 177]","[178, 157, 156]","[169, 18, 136]","[76, 51, 55]","[169, 168, 141]","[118, 148, 149]","[17, 16, 18]","[17, 11, 0]","[159, 160, 158]"
2067,"[109, 62, 172]","[157, 156, 140]","[124, 115, 119]","[144, 164, 165]","[102, 41, 105]","[164, 163, 168]","[180, 156, 155]","[4, 120, 35]","[41, 105, 40]","[175, 176, 179]","[140, 134, 131]","[62, 61, 63]"
2068,"[66, 50, 64]","[169, 170, 168]","[129, 25, 86]","[75, 109, 73]","[42, 2, 3]","[51, 135, 50]","[154, 52, 127]","[119, 120, 118]","[51, 16, 12]","[166, 167, 90]","[44, 20, 17]","[67, 68, 79]"
2069,"[64, 10, 0]","[173, 169, 168]","[0, 33, 5]","[151, 150, 143]","[17, 68, 19]","[161, 103, 102]","[149, 15, 14]","[63, 42, 66]","[68, 17, 16]","[102, 48, 124]","[11, 17, 18]","[180, 179, 178]"
2070,"[169, 65, 167]","[152, 153, 28]","[141, 20, 38]","[116, 114, 82]","[175, 87, 98]","[115, 68, 69]","[111, 57, 58]","[158, 157, 159]","[129, 73, 38]","[6, 127, 32]","[8, 2, 3]","[76, 75, 112]"
2071,"[29, 3, 19]","[56, 116, 161]","[161, 46, 45]","[57, 59, 54]","[108, 124, 109]","[171, 179, 33]","[177, 18, 17]","[169, 170, 168]","[108, 124, 125]","[180, 42, 133]","[2, 8, 1]","[171, 180, 151]"
2072,"[47, 95, 48]","[172, 1, 160]","[54, 100, 138]","[82, 83, 116]","[71, 113, 70]","[147, 51, 148]","[30, 14, 31]","[52, 175, 51]","[48, 63, 40]","[107, 109, 108]","[1, 7, 0]","[82, 110, 127]"
2073,"[2, 62, 139]","[99, 46, 47]","[171, 51, 50]","[31, 105, 177]","[45, 8, 44]","[90, 89, 91]","[55, 147, 58]","[140, 27, 26]","[43, 133, 41]","[143, 167, 144]","[34, 103, 102]","[114, 40, 141]"
2074,"[0, 120, 61]","[55, 54, 30]","[90, 163, 25]","[84, 49, 40]","[17, 161, 150]","[69, 68, 74]","[178, 36, 177]","[20, 109, 21]","[17, 161, 4]","[74, 75, 70]","[33, 27, 32]","[81, 79, 80]"
2075,"[128, 168, 95]","[9, 8, 89]","[0, 59, 79]","[108, 107, 51]","[133, 161, 132]","[83, 82, 78]","[177, 116, 115]","[52, 54, 53]","[2, 116, 1]","[30, 31, 74]","[15, 9, 16]","[67, 174, 79]"
2076,"[173, 107, 106]","[127, 120, 126]","[152, 8, 153]","[113, 112, 163]","[168, 24, 167]","[107, 133, 64]","[59, 176, 178]","[0, 98, 99]","[113, 25, 114]","[88, 157, 42]","[35, 11, 32]","[122, 123, 149]"
2077,"[115, 147, 146]","[143, 165, 169]","[151, 19, 180]","[64, 62, 60]","[24, 81, 25]","[165, 171, 91]","[170, 162, 169]","[68, 67, 73]","[145, 107, 144]","[171, 165, 90]","[171, 165, 170]","[134, 140, 22]"
2078,"[152, 8, 151]","[116, 166, 170]","[119, 132, 118]","[52, 53, 84]","[1, 132, 0]","[43, 160, 102]","[2, 11, 1]","[101, 102, 100]","[172, 62, 61]","[102, 101, 103]","[0, 6, 1]","[87, 123, 88]"
2079,"[2, 105, 3]","[53, 52, 81]","[89, 5, 88]","[117, 121, 111]","[49, 12, 50]","[40, 38, 66]","[56, 109, 55]","[164, 112, 66]","[12, 49, 50]","[65, 66, 32]","[78, 84, 86]","[172, 171, 173]"
2080,"[157, 57, 4]","[71, 70, 30]","[100, 130, 131]","[86, 31, 32]","[26, 176, 77]","[60, 108, 154]","[28, 159, 160]","[16, 17, 78]","[41, 75, 73]","[58, 59, 12]","[14, 20, 13]","[142, 91, 78]"
2081,"[28, 49, 29]","[95, 142, 65]","[29, 173, 26]","[95, 94, 97]","[164, 20, 165]","[141, 140, 137]","[112, 176, 109]","[1, 152, 63]","[174, 32, 173]","[5, 4, 6]","[0, 7, 1]","[70, 124, 134]"
2082,"[166, 101, 167]","[21, 117, 119]","[166, 172, 171]","[18, 19, 107]","[67, 162, 68]","[81, 77, 140]","[61, 39, 80]","[24, 125, 25]","[162, 67, 68]","[77, 79, 140]","[35, 9, 11]","[162, 161, 165]"
2083,"[162, 54, 161]","[92, 89, 91]","[101, 11, 13]","[57, 56, 58]","[128, 54, 0]","[80, 79, 96]","[177, 128, 133]","[154, 75, 74]","[122, 149, 148]","[9, 11, 10]","[141, 18, 142]","[95, 92, 91]"
2084,"[166, 124, 154]","[43, 42, 97]","[1, 49, 97]","[51, 58, 57]","[31, 10, 32]","[120, 48, 91]","[18, 50, 17]","[9, 6, 5]","[7, 143, 68]","[87, 86, 104]","[0, 1, 2]","[4, 5, 49]"
2085,"[40, 158, 132]","[90, 89, 91]","[157, 171, 158]","[36, 53, 86]","[22, 13, 14]","[61, 31, 137]","[148, 79, 149]","[65, 66, 64]","[180, 38, 179]","[54, 89, 102]","[133, 139, 132]","[69, 70, 71]"
2086,"[42, 113, 73]","[3, 80, 119]","[180, 144, 143]","[161, 160, 49]","[150, 36, 80]","[118, 119, 61]","[121, 80, 127]","[28, 138, 56]","[75, 167, 168]","[116, 115, 154]","[7, 16, 17]","[74, 162, 79]"
2087,"[33, 62, 34]","[11, 89, 90]","[128, 37, 38]","[106, 107, 108]","[119, 37, 36]","[50, 49, 51]","[167, 93, 168]","[47, 121, 120]","[4, 28, 29]","[70, 71, 101]","[1, 12, 0]","[138, 132, 139]"
2088,"[165, 46, 164]","[148, 87, 86]","[66, 173, 156]","[128, 59, 56]","[133, 31, 46]","[170, 149, 68]","[100, 62, 63]","[154, 104, 4]","[176, 121, 175]","[67, 152, 147]","[168, 98, 167]","[118, 119, 117]"
2089,"[97, 145, 109]","[158, 161, 163]","[32, 151, 152]","[51, 175, 161]","[116, 74, 73]","[17, 99, 102]","[142, 45, 38]","[95, 93, 94]","[76, 118, 74]","[26, 23, 18]","[0, 20, 14]","[55, 54, 164]"
2090,"[123, 61, 114]","[144, 85, 143]","[0, 166, 1]","[4, 126, 125]","[68, 115, 86]","[18, 19, 155]","[55, 61, 56]","[128, 129, 133]","[38, 24, 135]","[15, 82, 1]","[141, 135, 142]","[33, 35, 34]"
2091,"[35, 68, 36]","[123, 177, 178]","[123, 55, 51]","[165, 150, 102]","[104, 44, 105]","[4, 6, 172]","[170, 123, 121]","[13, 9, 12]","[147, 24, 57]","[70, 69, 67]","[79, 11, 80]","[143, 36, 31]"
2092,"[180, 61, 179]","[141, 2, 67]","[74, 154, 73]","[130, 129, 131]","[113, 166, 53]","[20, 21, 19]","[87, 51, 86]","[66, 68, 67]","[33, 133, 31]","[6, 3, 4]","[59, 53, 58]","[122, 131, 123]"
2093,"[129, 14, 130]","[53, 48, 47]","[95, 63, 94]","[169, 171, 153]","[14, 116, 15]","[63, 39, 50]","[0, 152, 157]","[119, 118, 120]","[88, 122, 116]","[173, 63, 46]","[103, 138, 123]","[50, 48, 47]"
2094,"[77, 116, 76]","[44, 167, 172]","[162, 103, 160]","[80, 23, 81]","[0, 130, 134]","[64, 65, 93]","[82, 97, 79]","[27, 6, 5]","[0, 25, 94]","[169, 168, 165]","[172, 166, 173]","[101, 102, 180]"
2095,"[28, 21, 25]","[106, 102, 140]","[69, 51, 52]","[150, 25, 23]","[151, 7, 154]","[33, 34, 125]","[63, 44, 160]","[87, 86, 122]","[155, 11, 156]","[124, 125, 123]","[79, 118, 115]","[169, 125, 126]"
2096,"[163, 19, 164]","[136, 135, 133]","[36, 166, 18]","[145, 151, 150]","[3, 28, 2]","[146, 148, 43]","[25, 48, 24]","[156, 103, 155]","[24, 16, 151]","[174, 175, 176]","[37, 31, 38]","[162, 159, 160]"
2097,"[100, 19, 111]","[39, 88, 127]","[115, 17, 108]","[80, 79, 68]","[89, 171, 170]","[61, 143, 147]","[8, 2, 10]","[105, 104, 106]","[72, 100, 19]","[143, 142, 124]","[2, 12, 3]","[55, 56, 63]"
2098,"[113, 178, 179]","[144, 20, 102]","[112, 85, 103]","[148, 144, 143]","[29, 176, 177]","[107, 55, 36]","[125, 39, 80]","[168, 144, 167]","[106, 11, 108]","[28, 38, 20]","[153, 146, 147]","[51, 50, 52]"
2099,"[139, 33, 119]","[106, 108, 3]","[166, 1, 138]","[120, 124, 84]","[121, 161, 117]","[85, 86, 84]","[164, 12, 165]","[136, 132, 129]","[161, 121, 123]","[8, 9, 6]","[154, 148, 153]","[113, 112, 96]"
2100,"[166, 77, 165]","[87, 154, 155]","[124, 6, 2]","[84, 93, 94]","[69, 148, 160]","[92, 123, 6]","[111, 160, 159]","[12, 48, 166]","[69, 147, 71]","[122, 97, 92]","[19, 3, 16]","[73, 89, 74]"
2101,"[43, 111, 41]","[11, 136, 132]","[109, 21, 110]","[72, 75, 20]","[26, 164, 27]","[111, 113, 129]","[78, 169, 1]","[104, 38, 103]","[122, 46, 107]","[5, 6, 0]","[17, 5, 27]","[37, 36, 38]"
2102,"[30, 9, 10]","[168, 57, 169]","[68, 81, 67]","[159, 160, 157]","[90, 113, 105]","[26, 25, 24]","[5, 157, 158]","[119, 172, 173]","[104, 35, 100]","[139, 137, 141]","[121, 134, 135]","[112, 7, 113]"
2103,"[23, 11, 27]","[152, 153, 105]","[84, 157, 83]","[124, 125, 117]","[102, 77, 78]","[17, 16, 19]","[48, 107, 47]","[23, 20, 24]","[133, 155, 136]","[109, 27, 18]","[180, 174, 173]","[147, 70, 148]"
2104,"[40, 1, 39]","[176, 71, 104]","[146, 74, 75]","[97, 24, 96]","[85, 20, 19]","[180, 171, 179]","[32, 148, 152]","[76, 52, 64]","[4, 139, 162]","[28, 171, 170]","[144, 29, 146]","[143, 169, 177]"
2105,"[172, 99, 96]","[141, 84, 83]","[6, 169, 168]","[67, 27, 62]","[126, 6, 108]","[160, 162, 170]","[92, 14, 91]","[7, 5, 3]","[79, 58, 59]","[161, 100, 99]","[0, 34, 35]","[124, 123, 122]"
2106,"[178, 96, 166]","[115, 126, 128]","[158, 152, 29]","[86, 67, 68]","[157, 124, 126]","[51, 53, 50]","[150, 114, 152]","[145, 144, 168]","[124, 157, 139]","[10, 11, 52]","[0, 18, 1]","[127, 76, 128]"
2107,"[175, 103, 104]","[80, 46, 63]","[170, 59, 165]","[149, 132, 81]","[173, 89, 180]","[104, 110, 105]","[163, 171, 169]","[49, 42, 154]","[179, 26, 180]","[158, 13, 10]","[171, 165, 166]","[53, 54, 56]"
2108,"[70, 27, 26]","[38, 37, 42]","[75, 156, 73]","[144, 14, 129]","[176, 111, 179]","[162, 74, 75]","[51, 12, 11]","[24, 145, 141]","[50, 176, 175]","[163, 166, 160]","[23, 55, 56]","[125, 130, 132]"
2109,"[39, 70, 40]","[18, 135, 19]","[87, 68, 4]","[166, 174, 173]","[81, 28, 29]","[136, 137, 161]","[51, 26, 25]","[140, 143, 142]","[50, 31, 152]","[20, 17, 19]","[21, 10, 11]","[24, 152, 101]"
2110,"[109, 167, 3]","[135, 33, 136]","[21, 82, 22]","[131, 123, 132]","[166, 91, 165]","[123, 40, 122]","[175, 31, 32]","[1, 151, 150]","[90, 165, 166]","[9, 8, 41]","[6, 12, 7]","[74, 78, 77]"
2111,"[98, 14, 108]","[91, 93, 90]","[75, 11, 73]","[146, 147, 148]","[52, 13, 53]","[102, 103, 159]","[148, 35, 178]","[42, 52, 43]","[180, 129, 52]","[88, 103, 100]","[21, 2, 20]","[30, 66, 31]"
2112,"[89, 105, 90]","[69, 70, 137]","[174, 42, 41]","[163, 162, 160]","[24, 175, 22]","[46, 42, 43]","[164, 93, 127]","[144, 2, 145]","[28, 103, 55]","[45, 47, 46]","[150, 171, 78]","[58, 59, 15]"
2113,"[131, 71, 153]","[163, 60, 77]","[173, 25, 172]","[141, 144, 140]","[70, 116, 43]","[3, 6, 84]","[24, 168, 170]","[94, 95, 96]","[22, 43, 42]","[88, 75, 84]","[151, 157, 150]","[175, 33, 112]"
2114,"[94, 24, 96]","[48, 36, 170]","[44, 7, 45]","[53, 85, 131]","[0, 72, 1]","[110, 117, 111]","[129, 166, 69]","[83, 82, 84]","[36, 42, 43]","[163, 165, 166]","[139, 133, 132]","[163, 162, 111]"
2115,"[5, 121, 161]","[17, 134, 65]","[82, 53, 47]","[174, 115, 31]","[129, 21, 130]","[147, 148, 149]","[3, 15, 16]","[91, 165, 166]","[118, 155, 117]","[146, 141, 140]","[1, 18, 14]","[34, 86, 122]"
2116,"[57, 15, 78]","[3, 49, 101]","[107, 127, 108]","[40, 100, 41]","[180, 87, 179]","[26, 43, 5]","[100, 13, 105]","[86, 28, 85]","[65, 154, 88]","[111, 29, 27]","[150, 161, 156]","[43, 16, 60]"
2117,"[71, 167, 70]","[151, 154, 152]","[160, 131, 132]","[73, 52, 53]","[95, 7, 91]","[33, 34, 36]","[117, 155, 120]","[169, 54, 142]","[111, 156, 106]","[36, 118, 142]","[0, 15, 14]","[140, 136, 95]"
2118,"[100, 57, 165]","[136, 5, 134]","[176, 27, 24]","[102, 48, 103]","[116, 7, 117]","[30, 107, 105]","[62, 132, 61]","[3, 16, 180]","[46, 23, 179]","[87, 89, 151]","[161, 155, 158]","[73, 154, 74]"
2119,"[49, 33, 34]","[154, 155, 10]","[174, 86, 85]","[52, 51, 68]","[119, 92, 120]","[42, 43, 140]","[116, 156, 92]","[21, 0, 69]","[170, 23, 156]","[4, 54, 5]","[0, 20, 19]","[159, 176, 177]"
2120,"[29, 142, 117]","[177, 90, 108]","[45, 69, 70]","[77, 25, 14]","[116, 73, 117]","[31, 30, 147]","[1, 74, 75]","[4, 6, 3]","[168, 60, 1]","[172, 180, 174]","[50, 177, 171]","[29, 27, 28]"
2121,"[60, 108, 109]","[76, 79, 80]","[86, 18, 87]","[128, 31, 32]","[55, 150, 54]","[59, 50, 163]","[57, 2, 55]","[75, 76, 107]","[0, 153, 125]","[135, 66, 136]","[2, 10, 11]","[60, 59, 58]"
2122,"[0, 12, 39]","[80, 156, 174]","[68, 152, 69]","[51, 99, 83]","[64, 14, 77]","[114, 115, 154]","[168, 23, 167]","[154, 153, 152]","[55, 141, 170]","[93, 114, 94]","[8, 16, 7]","[163, 162, 167]"
2123,"[27, 134, 137]","[55, 54, 60]","[140, 92, 141]","[99, 106, 65]","[70, 60, 78]","[127, 39, 126]","[58, 33, 32]","[92, 51, 176]","[16, 5, 6]","[8, 9, 10]","[26, 5, 4]","[108, 63, 147]"
2124,"[29, 173, 28]","[89, 88, 91]","[87, 109, 88]","[165, 121, 164]","[149, 63, 64]","[170, 171, 176]","[107, 81, 82]","[58, 143, 140]","[124, 172, 125]","[30, 31, 24]","[167, 161, 162]","[104, 106, 105]"
2125,"[3, 168, 4]","[38, 41, 42]","[95, 17, 19]","[156, 48, 155]","[106, 45, 25]","[145, 144, 149]","[98, 179, 176]","[27, 28, 21]","[81, 58, 57]","[10, 144, 143]","[142, 148, 143]","[98, 68, 101]"
2126,"[136, 179, 178]","[40, 156, 39]","[0, 168, 1]","[82, 83, 84]","[180, 137, 136]","[51, 54, 50]","[179, 91, 162]","[33, 114, 32]","[3, 144, 2]","[53, 49, 60]","[154, 161, 150]","[59, 58, 70]"
2127,"[158, 86, 159]","[111, 19, 110]","[100, 166, 170]","[116, 6, 7]","[14, 35, 27]","[178, 177, 179]","[87, 46, 71]","[153, 155, 11]","[36, 138, 35]","[72, 73, 1]","[154, 160, 40]","[175, 176, 174]"
2128,"[41, 7, 8]","[69, 95, 157]","[105, 26, 107]","[178, 77, 180]","[11, 32, 31]","[149, 176, 167]","[100, 129, 0]","[70, 24, 75]","[32, 11, 10]","[179, 167, 4]","[6, 20, 5]","[113, 56, 128]"
2129,"[177, 95, 7]","[76, 75, 78]","[1, 166, 4]","[112, 113, 109]","[74, 98, 162]","[26, 156, 6]","[160, 105, 104]","[67, 72, 52]","[102, 145, 143]","[35, 33, 56]","[0, 22, 2]","[55, 54, 79]"
2130,"[129, 160, 130]","[100, 87, 92]","[176, 77, 177]","[87, 98, 122]","[179, 161, 180]","[39, 38, 8]","[23, 54, 25]","[98, 99, 100]","[179, 162, 178]","[8, 27, 72]","[175, 167, 176]","[73, 142, 72]"
2131,"[16, 143, 20]","[74, 70, 71]","[85, 105, 109]","[30, 32, 31]","[178, 34, 177]","[73, 132, 75]","[128, 142, 91]","[57, 56, 59]","[23, 122, 22]","[73, 75, 72]","[154, 160, 151]","[58, 57, 43]"
2132,"[102, 44, 41]","[154, 159, 54]","[0, 14, 13]","[154, 153, 161]","[0, 10, 16]","[145, 142, 143]","[168, 24, 167]","[91, 145, 144]","[0, 9, 10]","[40, 145, 146]","[171, 177, 176]","[54, 48, 47]"
2133,"[150, 105, 46]","[85, 96, 84]","[2, 61, 1]","[114, 178, 157]","[117, 14, 58]","[128, 36, 130]","[20, 93, 167]","[45, 49, 48]","[58, 103, 104]","[130, 128, 155]","[180, 68, 67]","[9, 10, 85]"
2134,"[5, 147, 6]","[25, 28, 26]","[110, 11, 111]","[151, 19, 150]","[100, 43, 101]","[111, 113, 146]","[58, 99, 101]","[70, 150, 147]","[43, 99, 97]","[177, 113, 170]","[32, 150, 4]","[73, 74, 72]"
2135,"[20, 57, 96]","[68, 65, 69]","[96, 9, 8]","[74, 76, 84]","[56, 98, 50]","[133, 85, 138]","[91, 158, 90]","[1, 3, 2]","[60, 102, 100]","[17, 21, 15]","[92, 6, 90]","[67, 66, 70]"
2136,"[56, 4, 3]","[39, 161, 41]","[175, 94, 176]","[137, 114, 0]","[134, 89, 90]","[51, 112, 113]","[86, 44, 43]","[11, 56, 59]","[74, 26, 134]","[112, 51, 113]","[99, 105, 116]","[28, 26, 32]"
2137,"[63, 89, 62]","[94, 2, 128]","[61, 166, 82]","[129, 130, 100]","[158, 62, 61]","[99, 7, 147]","[160, 72, 73]","[13, 141, 9]","[157, 61, 158]","[11, 147, 12]","[12, 5, 13]","[118, 37, 87]"
2138,"[172, 28, 27]","[51, 52, 149]","[3, 141, 100]","[76, 47, 77]","[161, 29, 27]","[170, 132, 131]","[62, 103, 77]","[124, 125, 13]","[0, 173, 177]","[17, 18, 20]","[9, 21, 20]","[150, 149, 148]"
2139,"[13, 47, 49]","[149, 0, 118]","[97, 44, 98]","[126, 165, 59]","[171, 163, 117]","[112, 158, 101]","[180, 132, 131]","[89, 90, 88]","[174, 139, 137]","[107, 109, 105]","[0, 6, 143]","[125, 124, 105]"
2140,"[1, 26, 91]","[122, 119, 125]","[70, 10, 11]","[44, 29, 26]","[79, 150, 29]","[37, 71, 35]","[7, 173, 59]","[12, 14, 158]","[30, 176, 29]","[56, 11, 128]","[8, 14, 13]","[128, 150, 129]"
2141,"[4, 16, 171]","[133, 178, 175]","[21, 165, 26]","[6, 62, 155]","[128, 100, 127]","[54, 84, 56]","[86, 22, 85]","[80, 79, 155]","[103, 131, 104]","[56, 57, 68]","[129, 135, 136]","[84, 101, 85]"
2142,"[8, 113, 42]","[76, 77, 78]","[73, 12, 74]","[120, 121, 122]","[36, 99, 35]","[160, 161, 162]","[90, 174, 91]","[59, 58, 57]","[14, 119, 120]","[64, 65, 72]","[0, 180, 1]","[177, 110, 45]"
2143,"[90, 117, 41]","[147, 73, 146]","[20, 123, 0]","[129, 148, 149]","[59, 169, 175]","[98, 102, 97]","[100, 33, 101]","[137, 150, 143]","[146, 159, 147]","[103, 97, 104]","[175, 169, 170]","[44, 34, 38]"
2144,"[119, 16, 14]","[92, 152, 170]","[123, 27, 124]","[100, 53, 99]","[123, 65, 66]","[165, 114, 134]","[154, 20, 19]","[175, 139, 174]","[98, 39, 97]","[90, 88, 58]","[18, 6, 5]","[47, 53, 44]"
2145,"[129, 162, 111]","[145, 67, 144]","[178, 18, 116]","[93, 167, 83]","[36, 141, 35]","[113, 49, 112]","[44, 115, 116]","[64, 103, 150]","[110, 45, 93]","[114, 113, 112]","[0, 23, 24]","[100, 129, 41]"
2146,"[149, 161, 19]","[60, 26, 47]","[109, 93, 92]","[65, 82, 72]","[165, 104, 52]","[67, 122, 174]","[39, 75, 40]","[113, 112, 114]","[52, 26, 165]","[67, 68, 63]","[107, 4, 2]","[143, 153, 152]"
2147,"[90, 140, 89]","[0, 71, 51]","[161, 19, 162]","[105, 70, 71]","[0, 45, 1]","[114, 153, 121]","[166, 22, 16]","[37, 56, 38]","[75, 160, 1]","[113, 156, 19]","[0, 27, 20]","[106, 105, 59]"
2148,"[173, 179, 1]","[97, 84, 50]","[180, 138, 137]","[82, 126, 112]","[49, 155, 48]","[147, 145, 146]","[164, 117, 30]","[17, 18, 61]","[163, 108, 164]","[176, 147, 146]","[55, 18, 54]","[123, 122, 124]"
2149,"[14, 121, 153]","[0, 77, 51]","[180, 152, 176]","[111, 112, 178]","[50, 86, 0]","[172, 173, 174]","[58, 12, 11]","[167, 166, 160]","[140, 64, 180]","[5, 6, 71]","[119, 113, 114]","[9, 59, 86]"
2150,"[35, 53, 58]","[107, 108, 81]","[154, 21, 22]","[44, 45, 104]","[166, 79, 78]","[90, 137, 38]","[60, 145, 72]","[36, 7, 176]","[50, 120, 49]","[12, 138, 139]","[1, 17, 2]","[165, 162, 166]"
2151,"[163, 5, 6]","[147, 95, 145]","[28, 160, 162]","[17, 58, 57]","[171, 84, 172]","[65, 51, 64]","[165, 110, 35]","[180, 67, 178]","[42, 10, 43]","[69, 65, 47]","[57, 51, 52]","[151, 134, 140]"
2152,"[54, 16, 14]","[167, 39, 166]","[134, 39, 106]","[71, 126, 156]","[63, 13, 61]","[38, 129, 35]","[20, 168, 19]","[9, 37, 2]","[13, 63, 62]","[47, 46, 137]","[11, 3, 4]","[140, 139, 137]"
2153,"[8, 120, 6]","[149, 147, 148]","[86, 63, 166]","[138, 136, 152]","[110, 166, 165]","[132, 4, 131]","[22, 58, 21]","[177, 157, 16]","[109, 164, 108]","[132, 4, 135]","[1, 16, 0]","[143, 45, 149]"
2154,"[22, 76, 176]","[155, 126, 154]","[73, 57, 58]","[114, 109, 115]","[78, 21, 77]","[171, 164, 166]","[159, 86, 161]","[13, 14, 12]","[21, 74, 145]","[7, 5, 8]","[47, 54, 48]","[29, 30, 28]"
2155,"[39, 85, 41]","[144, 77, 71]","[179, 147, 178]","[70, 67, 54]","[180, 110, 109]","[70, 69, 99]","[61, 41, 60]","[158, 155, 10]","[95, 54, 96]","[2, 1, 0]","[21, 49, 20]","[151, 150, 74]"
2156,"[89, 140, 90]","[121, 124, 37]","[148, 59, 103]","[90, 81, 87]","[135, 85, 166]","[155, 28, 98]","[110, 144, 116]","[164, 171, 160]","[43, 4, 5]","[70, 97, 102]","[14, 80, 79]","[122, 123, 124]"
2157,"[30, 174, 172]","[93, 117, 75]","[0, 54, 55]","[121, 118, 168]","[1, 73, 2]","[108, 109, 110]","[65, 9, 11]","[117, 115, 116]","[3, 20, 19]","[115, 114, 111]","[68, 62, 67]","[74, 75, 73]"
2158,"[180, 24, 23]","[107, 106, 108]","[100, 139, 123]","[117, 118, 12]","[175, 6, 174]","[77, 21, 72]","[133, 4, 180]","[6, 155, 10]","[50, 171, 116]","[76, 77, 152]","[21, 15, 20]","[44, 45, 42]"
2159,"[64, 171, 63]","[75, 74, 76]","[26, 121, 120]","[145, 69, 67]","[51, 122, 54]","[23, 15, 5]","[52, 98, 99]","[13, 19, 18]","[123, 57, 122]","[90, 160, 88]","[69, 75, 76]","[131, 130, 129]"
2160,"[83, 16, 84]","[66, 65, 149]","[61, 91, 84]","[15, 19, 20]","[173, 16, 175]","[55, 42, 54]","[164, 178, 179]","[49, 120, 121]","[85, 5, 4]","[72, 118, 54]","[0, 14, 13]","[56, 57, 87]"
2161,"[35, 120, 32]","[50, 149, 122]","[133, 10, 9]","[31, 49, 106]","[142, 29, 141]","[112, 117, 172]","[66, 95, 68]","[157, 54, 55]","[142, 29, 65]","[19, 21, 160]","[7, 22, 21]","[148, 64, 65]"
2162,"[3, 23, 24]","[108, 109, 149]","[126, 13, 15]","[99, 158, 107]","[79, 141, 106]","[171, 162, 176]","[176, 93, 95]","[165, 23, 166]","[167, 23, 22]","[31, 0, 2]","[21, 5, 20]","[82, 81, 147]"
2163,"[155, 95, 178]","[113, 68, 67]","[139, 86, 140]","[172, 173, 20]","[129, 11, 133]","[80, 84, 81]","[131, 40, 133]","[120, 121, 122]","[47, 69, 71]","[83, 81, 80]","[8, 18, 7]","[63, 95, 143]"
2164,"[12, 153, 41]","[124, 125, 149]","[103, 8, 9]","[152, 154, 153]","[162, 98, 161]","[152, 19, 73]","[33, 121, 120]","[155, 19, 25]","[3, 39, 107]","[47, 118, 97]","[0, 31, 30]","[162, 158, 160]"
2165,"[159, 178, 163]","[110, 40, 139]","[0, 32, 1]","[176, 54, 180]","[90, 44, 170]","[60, 147, 61]","[176, 152, 75]","[61, 62, 65]","[19, 170, 15]","[147, 60, 61]","[79, 85, 69]","[21, 22, 180]"
2166,"[130, 67, 131]","[31, 147, 6]","[66, 110, 111]","[46, 47, 137]","[146, 169, 114]","[22, 24, 23]","[119, 71, 118]","[105, 96, 95]","[148, 112, 111]","[40, 36, 139]","[3, 32, 29]","[122, 117, 121]"
2167,"[73, 14, 15]","[147, 149, 93]","[28, 172, 169]","[46, 45, 47]","[42, 160, 159]","[48, 101, 49]","[54, 9, 55]","[170, 180, 175]","[160, 42, 159]","[48, 47, 58]","[100, 130, 99]","[54, 57, 56]"
2168,"[178, 110, 156]","[91, 126, 138]","[53, 164, 54]","[78, 77, 79]","[44, 22, 137]","[39, 179, 9]","[159, 55, 160]","[100, 175, 151]","[115, 160, 159]","[2, 5, 39]","[171, 10, 9]","[57, 73, 72]"
2169,"[158, 129, 157]","[69, 119, 100]","[135, 25, 136]","[58, 11, 1]","[167, 72, 168]","[31, 28, 19]","[156, 73, 74]","[5, 90, 6]","[168, 73, 166]","[5, 59, 105]","[162, 16, 161]","[105, 108, 107]"
2170,"[140, 24, 23]","[157, 0, 1]","[123, 108, 124]","[16, 147, 149]","[117, 35, 126]","[85, 61, 142]","[118, 57, 119]","[9, 144, 36]","[2, 130, 44]","[87, 86, 175]","[0, 8, 9]","[57, 56, 76]"
2171,"[177, 110, 176]","[105, 30, 104]","[50, 3, 51]","[31, 32, 33]","[22, 148, 26]","[60, 63, 48]","[22, 53, 52]","[1, 147, 3]","[103, 12, 104]","[54, 111, 53]","[42, 9, 43]","[156, 113, 157]"
2172,"[151, 107, 109]","[169, 51, 120]","[168, 15, 90]","[151, 78, 69]","[180, 20, 179]","[61, 56, 60]","[150, 168, 148]","[40, 92, 90]","[170, 9, 180]","[61, 24, 62]","[16, 10, 15]","[62, 61, 60]"
2173,"[13, 72, 14]","[49, 47, 48]","[23, 167, 10]","[146, 145, 144]","[167, 23, 166]","[177, 179, 178]","[91, 79, 92]","[120, 147, 121]","[80, 10, 79]","[138, 140, 139]","[32, 43, 166]","[23, 20, 22]"
2174,"[2, 154, 134]","[46, 36, 39]","[140, 45, 32]","[120, 102, 103]","[150, 55, 151]","[160, 166, 164]","[145, 94, 93]","[22, 21, 10]","[150, 55, 56]","[140, 162, 136]","[36, 42, 180]","[81, 76, 80]"
2175,"[131, 48, 130]","[0, 2, 7]","[17, 154, 155]","[141, 140, 127]","[104, 47, 108]","[68, 82, 83]","[161, 48, 49]","[94, 97, 95]","[168, 17, 19]","[83, 79, 77]","[34, 45, 44]","[136, 135, 137]"
2176,"[127, 11, 128]","[117, 39, 38]","[82, 18, 35]","[151, 74, 121]","[80, 171, 170]","[69, 70, 71]","[99, 40, 4]","[76, 70, 79]","[76, 167, 170]","[93, 104, 102]","[34, 8, 33]","[67, 71, 60]"
2177,"[106, 159, 84]","[2, 3, 4]","[61, 10, 63]","[51, 154, 130]","[71, 119, 118]","[36, 63, 169]","[113, 82, 112]","[90, 12, 89]","[13, 139, 90]","[179, 174, 178]","[27, 37, 26]","[144, 143, 145]"
2178,"[33, 164, 147]","[5, 13, 7]","[146, 67, 147]","[114, 113, 158]","[44, 167, 43]","[110, 125, 119]","[179, 123, 178]","[64, 8, 9]","[76, 9, 71]","[143, 144, 111]","[74, 80, 73]","[52, 51, 122]"
2179,"[24, 162, 25]","[74, 103, 78]","[159, 85, 160]","[23, 122, 121]","[169, 40, 161]","[65, 66, 130]","[144, 68, 143]","[141, 140, 138]","[161, 12, 162]","[59, 78, 125]","[117, 72, 116]","[133, 134, 135]"
2180,"[180, 75, 12]","[167, 65, 78]","[0, 33, 49]","[37, 36, 72]","[149, 56, 150]","[98, 100, 102]","[15, 8, 9]","[126, 134, 127]","[154, 78, 46]","[100, 98, 101]","[39, 45, 38]","[116, 115, 155]"
2181,"[53, 81, 54]","[37, 38, 119]","[154, 10, 11]","[141, 113, 142]","[87, 118, 86]","[58, 106, 24]","[29, 176, 30]","[115, 116, 122]","[87, 118, 67]","[149, 58, 110]","[35, 21, 36]","[51, 79, 52]"
2182,"[134, 149, 150]","[76, 77, 78]","[132, 11, 131]","[103, 99, 97]","[158, 131, 159]","[51, 53, 50]","[131, 51, 130]","[75, 150, 165]","[2, 86, 1]","[172, 173, 174]","[173, 167, 172]","[127, 130, 131]"
2183,"[1, 117, 124]","[66, 67, 65]","[0, 125, 57]","[140, 141, 163]","[41, 83, 42]","[5, 2, 86]","[26, 169, 23]","[145, 53, 146]","[17, 9, 45]","[62, 94, 95]","[0, 19, 20]","[124, 152, 83]"
2184,"[60, 157, 67]","[7, 119, 118]","[179, 151, 178]","[65, 67, 66]","[100, 139, 144]","[19, 13, 20]","[66, 45, 147]","[117, 78, 118]","[158, 122, 144]","[82, 18, 19]","[26, 13, 25]","[119, 121, 122]"
2185,"[2, 157, 1]","[38, 110, 39]","[26, 10, 27]","[56, 58, 54]","[43, 165, 164]","[13, 155, 158]","[81, 6, 27]","[110, 160, 70]","[71, 42, 163]","[152, 137, 96]","[29, 66, 180]","[74, 76, 75]"
2186,"[89, 124, 91]","[167, 168, 169]","[111, 65, 24]","[169, 75, 9]","[2, 174, 1]","[60, 54, 61]","[171, 25, 173]","[17, 20, 19]","[147, 72, 149]","[5, 3, 4]","[3, 22, 23]","[164, 88, 176]"
2187,"[64, 128, 79]","[101, 144, 104]","[122, 152, 42]","[4, 144, 180]","[2, 44, 3]","[127, 34, 32]","[65, 26, 64]","[0, 4, 5]","[42, 72, 41]","[34, 35, 108]","[1, 16, 0]","[162, 55, 170]"
2188,"[139, 84, 137]","[17, 72, 65]","[139, 85, 140]","[169, 170, 26]","[2, 158, 3]","[29, 36, 30]","[161, 44, 160]","[72, 71, 67]","[178, 158, 7]","[37, 36, 35]","[0, 9, 2]","[53, 51, 52]"
2189,"[97, 17, 96]","[9, 151, 152]","[146, 110, 147]","[177, 47, 52]","[42, 140, 145]","[171, 170, 83]","[42, 152, 43]","[92, 3, 4]","[2, 176, 1]","[87, 23, 37]","[32, 39, 38]","[72, 165, 73]"
2190,"[178, 18, 99]","[172, 17, 173]","[0, 13, 14]","[48, 32, 31]","[15, 159, 156]","[137, 138, 139]","[87, 96, 0]","[85, 50, 57]","[32, 17, 167]","[140, 137, 141]","[70, 85, 67]","[115, 65, 116]"
2191,"[27, 131, 130]","[48, 12, 65]","[19, 103, 0]","[139, 78, 137]","[82, 97, 83]","[169, 168, 3]","[86, 16, 15]","[55, 9, 10]","[82, 97, 98]","[68, 75, 165]","[17, 9, 18]","[60, 101, 166]"
2192,"[171, 27, 170]","[1, 0, 36]","[39, 139, 40]","[158, 53, 169]","[102, 58, 57]","[166, 70, 0]","[108, 27, 107]","[7, 77, 5]","[102, 59, 60]","[80, 166, 42]","[179, 172, 173]","[147, 148, 134]"
2193,"[114, 135, 134]","[166, 84, 167]","[172, 28, 179]","[69, 57, 148]","[84, 130, 85]","[38, 37, 74]","[159, 172, 180]","[68, 67, 66]","[128, 83, 127]","[77, 76, 75]","[11, 17, 13]","[105, 107, 37]"
2194,"[65, 144, 59]","[129, 8, 7]","[150, 5, 151]","[123, 84, 124]","[0, 53, 163]","[178, 135, 134]","[110, 47, 69]","[37, 36, 35]","[62, 37, 149]","[104, 123, 130]","[2, 8, 1]","[9, 10, 11]"
2195,"[135, 48, 134]","[156, 175, 157]","[1, 39, 21]","[114, 140, 110]","[81, 166, 82]","[154, 5, 153]","[89, 20, 133]","[5, 115, 4]","[166, 22, 163]","[73, 74, 89]","[7, 16, 5]","[172, 136, 42]"
2196,"[44, 115, 129]","[145, 144, 98]","[110, 120, 28]","[123, 0, 125]","[65, 132, 5]","[138, 85, 86]","[138, 47, 46]","[163, 37, 162]","[158, 105, 159]","[138, 84, 85]","[180, 174, 170]","[79, 80, 2]"
2197,"[69, 87, 68]","[8, 28, 115]","[30, 93, 94]","[63, 142, 141]","[52, 18, 51]","[45, 170, 167]","[178, 64, 65]","[14, 11, 174]","[70, 107, 68]","[44, 45, 38]","[97, 30, 96]","[112, 113, 126]"
2198,"[1, 34, 138]","[121, 125, 120]","[65, 106, 107]","[124, 129, 115]","[130, 92, 131]","[137, 178, 177]","[36, 81, 37]","[77, 78, 76]","[180, 167, 172]","[136, 135, 134]","[7, 26, 8]","[159, 125, 126]"
2199,"[0, 19, 25]","[129, 130, 177]","[118, 87, 88]","[113, 114, 144]","[178, 36, 177]","[149, 135, 132]","[1, 154, 0]","[151, 152, 51]","[179, 38, 177]","[145, 143, 144]","[0, 16, 178]","[43, 50, 44]"
2200,"[7, 144, 143]","[38, 56, 65]","[141, 15, 110]","[39, 55, 54]","[24, 157, 159]","[63, 57, 62]","[142, 100, 12]","[59, 58, 62]","[140, 32, 179]","[7, 4, 5]","[0, 22, 4]","[47, 46, 48]"
2201,"[111, 53, 112]","[152, 36, 158]","[154, 116, 117]","[103, 76, 39]","[117, 33, 149]","[155, 156, 104]","[51, 99, 52]","[180, 124, 179]","[153, 120, 178]","[155, 103, 156]","[0, 25, 23]","[84, 83, 119]"
2202,"[3, 24, 4]","[132, 131, 173]","[83, 51, 107]","[66, 23, 65]","[120, 30, 31]","[59, 155, 95]","[65, 117, 116]","[175, 177, 37]","[117, 27, 118]","[44, 88, 43]","[5, 16, 0]","[167, 168, 66]"
2203,"[177, 146, 59]","[92, 11, 78]","[75, 151, 105]","[9, 57, 170]","[148, 5, 149]","[23, 47, 175]","[153, 173, 175]","[28, 25, 26]","[178, 80, 76]","[47, 24, 46]","[26, 13, 25]","[101, 97, 99]"
2204,"[124, 176, 180]","[72, 73, 71]","[165, 21, 19]","[83, 85, 79]","[80, 7, 79]","[63, 64, 74]","[94, 111, 120]","[21, 71, 20]","[0, 62, 2]","[22, 30, 23]","[2, 82, 3]","[57, 150, 170]"
2205,"[143, 115, 179]","[87, 31, 60]","[178, 9, 180]","[165, 166, 167]","[82, 42, 83]","[101, 140, 99]","[32, 57, 33]","[46, 45, 117]","[42, 82, 81]","[140, 6, 13]","[10, 4, 28]","[162, 163, 160]"
2206,"[120, 57, 124]","[166, 151, 167]","[21, 121, 122]","[39, 11, 94]","[75, 57, 27]","[146, 147, 148]","[71, 135, 134]","[31, 165, 8]","[6, 82, 160]","[146, 44, 43]","[180, 174, 173]","[96, 97, 89]"
2207,"[168, 24, 26]","[60, 57, 58]","[180, 123, 106]","[97, 96, 93]","[91, 120, 92]","[51, 52, 50]","[129, 72, 128]","[144, 143, 142]","[125, 67, 88]","[58, 56, 154]","[155, 149, 154]","[71, 76, 75]"
2208,"[128, 158, 22]","[107, 105, 110]","[43, 159, 3]","[77, 131, 133]","[0, 108, 1]","[131, 137, 133]","[128, 24, 83]","[171, 40, 39]","[108, 32, 106]","[93, 176, 174]","[31, 6, 3]","[136, 137, 135]"
2209,"[113, 22, 23]","[84, 159, 161]","[159, 15, 160]","[153, 71, 152]","[118, 35, 34]","[5, 66, 7]","[54, 22, 58]","[121, 38, 134]","[35, 118, 34]","[66, 14, 69]","[58, 34, 57]","[141, 142, 170]"
2210,"[29, 70, 180]","[177, 32, 66]","[105, 14, 104]","[70, 85, 86]","[24, 78, 25]","[49, 48, 50]","[29, 100, 103]","[82, 81, 170]","[94, 168, 167]","[45, 135, 48]","[47, 53, 48]","[150, 151, 98]"
2211,"[103, 39, 102]","[23, 26, 176]","[102, 10, 101]","[61, 62, 58]","[155, 39, 156]","[137, 50, 138]","[157, 36, 155]","[133, 137, 0]","[117, 166, 106]","[92, 136, 78]","[17, 23, 19]","[57, 169, 167]"
2212,"[68, 29, 67]","[154, 149, 152]","[102, 52, 51]","[94, 161, 137]","[126, 28, 127]","[63, 60, 64]","[102, 51, 52]","[64, 21, 71]","[114, 158, 141]","[48, 45, 49]","[31, 25, 24]","[32, 75, 74]"
2213,"[38, 27, 37]","[121, 125, 139]","[47, 89, 92]","[138, 109, 163]","[80, 151, 103]","[8, 9, 11]","[24, 60, 176]","[161, 160, 2]","[61, 99, 51]","[3, 8, 9]","[1, 22, 24]","[57, 58, 54]"
2214,"[42, 15, 43]","[104, 73, 72]","[158, 177, 126]","[52, 55, 53]","[99, 127, 98]","[34, 35, 33]","[106, 58, 105]","[138, 175, 137]","[167, 8, 157]","[112, 31, 113]","[0, 19, 18]","[117, 79, 39]"
2215,"[72, 122, 83]","[12, 13, 11]","[53, 126, 129]","[170, 169, 94]","[14, 175, 13]","[45, 44, 46]","[127, 89, 130]","[178, 180, 148]","[30, 171, 2]","[45, 44, 46]","[156, 162, 161]","[65, 63, 103]"
2216,"[178, 73, 21]","[82, 30, 31]","[37, 167, 36]","[114, 116, 115]","[180, 109, 179]","[70, 71, 68]","[98, 50, 51]","[134, 135, 133]","[119, 58, 19]","[121, 64, 97]","[17, 11, 18]","[120, 117, 123]"
2217,"[165, 28, 166]","[53, 54, 55]","[78, 124, 79]","[156, 153, 102]","[23, 167, 18]","[180, 179, 0]","[32, 175, 12]","[177, 180, 53]","[111, 80, 93]","[0, 180, 179]","[0, 14, 1]","[179, 174, 180]"
2218,"[32, 15, 50]","[81, 144, 147]","[5, 128, 84]","[69, 68, 67]","[147, 9, 146]","[60, 59, 57]","[34, 84, 85]","[139, 143, 141]","[45, 118, 123]","[59, 96, 95]","[3, 14, 4]","[135, 133, 63]"
2219,"[34, 111, 32]","[2, 159, 0]","[107, 30, 105]","[1, 0, 129]","[46, 10, 47]","[102, 103, 101]","[21, 165, 23]","[114, 115, 116]","[46, 10, 47]","[102, 103, 139]","[19, 162, 18]","[113, 116, 115]"
2220,"[40, 84, 2]","[125, 165, 127]","[179, 24, 67]","[129, 132, 1]","[162, 18, 0]","[80, 82, 81]","[90, 58, 171]","[22, 130, 10]","[0, 50, 1]","[113, 44, 112]","[34, 14, 33]","[103, 104, 150]"
2221,"[115, 147, 120]","[94, 49, 172]","[113, 165, 112]","[76, 7, 8]","[117, 10, 32]","[133, 71, 82]","[130, 149, 150]","[82, 107, 84]","[32, 163, 99]","[134, 132, 133]","[93, 129, 180]","[70, 148, 68]"
2222,"[16, 43, 17]","[180, 99, 50]","[79, 2, 69]","[169, 170, 172]","[112, 10, 111]","[54, 55, 66]","[79, 106, 80]","[176, 51, 174]","[177, 1, 48]","[160, 65, 161]","[0, 23, 22]","[45, 48, 37]"
2223,"[101, 11, 102]","[131, 133, 132]","[175, 38, 174]","[110, 111, 136]","[47, 4, 139]","[153, 129, 81]","[34, 62, 93]","[9, 10, 112]","[3, 46, 4]","[34, 128, 33]","[3, 16, 2]","[109, 42, 45]"
2224,"[61, 15, 17]","[134, 133, 92]","[129, 141, 128]","[170, 163, 169]","[150, 62, 19]","[159, 161, 178]","[1, 151, 29]","[46, 175, 47]","[28, 62, 25]","[5, 6, 141]","[61, 55, 54]","[142, 143, 42]"
2225,"[24, 163, 25]","[4, 0, 3]","[118, 156, 165]","[55, 54, 56]","[145, 169, 168]","[70, 73, 0]","[180, 95, 13]","[81, 80, 89]","[155, 109, 157]","[128, 73, 125]","[0, 6, 7]","[106, 107, 105]"
2226,"[26, 142, 25]","[60, 59, 61]","[104, 81, 79]","[168, 179, 169]","[138, 79, 137]","[43, 8, 45]","[156, 12, 16]","[43, 44, 45]","[76, 162, 161]","[35, 45, 34]","[1, 12, 2]","[136, 96, 135]"
2227,"[70, 174, 173]","[141, 23, 142]","[87, 9, 71]","[33, 32, 38]","[168, 24, 166]","[83, 84, 82]","[35, 89, 86]","[27, 28, 30]","[104, 56, 106]","[5, 4, 11]","[100, 64, 0]","[18, 94, 92]"
2228,"[95, 15, 94]","[38, 34, 36]","[14, 45, 15]","[128, 129, 127]","[25, 6, 26]","[36, 149, 131]","[180, 147, 119]","[149, 64, 73]","[16, 153, 15]","[69, 68, 53]","[127, 133, 126]","[74, 77, 75]"
2229,"[156, 127, 126]","[96, 103, 90]","[156, 110, 114]","[9, 20, 19]","[0, 179, 103]","[47, 44, 46]","[171, 76, 56]","[83, 32, 28]","[129, 175, 176]","[47, 46, 43]","[180, 174, 179]","[93, 94, 31]"
2230,"[39, 18, 40]","[70, 129, 71]","[156, 12, 155]","[147, 89, 140]","[158, 130, 145]","[169, 170, 75]","[154, 1, 153]","[61, 60, 59]","[42, 177, 105]","[88, 67, 65]","[140, 39, 38]","[15, 170, 166]"
2231,"[93, 43, 90]","[169, 24, 61]","[32, 110, 148]","[165, 166, 164]","[151, 7, 152]","[113, 164, 112]","[46, 17, 65]","[104, 82, 176]","[151, 7, 152]","[38, 36, 37]","[29, 131, 0]","[69, 70, 166]"
2232,"[179, 138, 134]","[76, 60, 75]","[45, 129, 46]","[177, 178, 176]","[176, 10, 133]","[143, 144, 141]","[149, 88, 151]","[166, 167, 168]","[40, 97, 39]","[155, 93, 85]","[2, 8, 1]","[175, 90, 178]"
2233,"[138, 10, 75]","[158, 156, 41]","[53, 96, 93]","[22, 23, 28]","[100, 11, 101]","[141, 140, 139]","[106, 139, 105]","[137, 83, 81]","[180, 89, 179]","[146, 148, 147]","[158, 25, 24]","[81, 80, 82]"
2234,"[172, 135, 171]","[103, 179, 128]","[30, 168, 28]","[18, 17, 16]","[180, 59, 58]","[79, 114, 32]","[64, 145, 83]","[9, 106, 10]","[65, 161, 163]","[79, 80, 99]","[22, 7, 23]","[84, 40, 85]"
2235,"[42, 25, 179]","[80, 82, 81]","[166, 22, 23]","[101, 100, 99]","[121, 19, 20]","[167, 86, 177]","[33, 149, 32]","[92, 64, 119]","[26, 5, 121]","[167, 128, 138]","[19, 12, 13]","[64, 67, 65]"
2236,"[175, 19, 20]","[97, 100, 95]","[2, 55, 1]","[36, 40, 37]","[23, 55, 53]","[127, 129, 126]","[113, 7, 1]","[108, 131, 130]","[174, 27, 58]","[60, 177, 176]","[180, 3, 179]","[14, 136, 139]"
2237,"[168, 120, 169]","[27, 109, 64]","[26, 14, 25]","[52, 50, 49]","[162, 143, 48]","[120, 119, 91]","[83, 21, 20]","[15, 17, 143]","[75, 157, 156]","[1, 0, 3]","[0, 119, 1]","[71, 70, 67]"
2238,"[20, 101, 19]","[9, 8, 180]","[124, 75, 127]","[8, 139, 3]","[111, 140, 110]","[96, 95, 97]","[43, 131, 44]","[84, 163, 164]","[138, 65, 139]","[96, 154, 153]","[0, 10, 9]","[69, 59, 62]"
2239,"[148, 4, 7]","[41, 42, 37]","[151, 7, 152]","[126, 104, 123]","[26, 15, 16]","[109, 127, 160]","[133, 39, 100]","[125, 123, 126]","[26, 15, 27]","[151, 152, 127]","[97, 64, 65]","[158, 29, 134]"
2240,"[23, 14, 26]","[79, 67, 69]","[4, 133, 67]","[103, 44, 97]","[0, 71, 61]","[148, 106, 117]","[35, 177, 176]","[96, 95, 12]","[61, 140, 71]","[113, 116, 29]","[173, 121, 55]","[41, 42, 45]"
2241,"[3, 10, 4]","[53, 112, 33]","[34, 147, 72]","[110, 87, 112]","[1, 163, 178]","[31, 170, 33]","[3, 89, 90]","[107, 106, 105]","[64, 10, 178]","[43, 145, 144]","[0, 159, 160]","[178, 107, 177]"
2242,"[84, 158, 83]","[10, 137, 138]","[125, 159, 170]","[51, 49, 53]","[29, 104, 30]","[16, 13, 15]","[167, 136, 128]","[32, 16, 31]","[104, 29, 30]","[85, 1, 0]","[0, 15, 1]","[49, 48, 47]"
2243,"[19, 133, 21]","[31, 158, 162]","[16, 54, 53]","[114, 115, 112]","[12, 156, 13]","[143, 141, 144]","[177, 32, 178]","[115, 110, 47]","[156, 12, 13]","[45, 44, 43]","[59, 65, 64]","[143, 142, 148]"
2244,"[54, 5, 6]","[180, 25, 179]","[164, 3, 5]","[95, 68, 69]","[156, 56, 54]","[66, 34, 67]","[171, 11, 153]","[33, 34, 35]","[174, 83, 151]","[16, 17, 18]","[5, 12, 13]","[108, 20, 107]"
2245,"[110, 165, 111]","[127, 133, 93]","[101, 175, 149]","[41, 130, 126]","[36, 56, 35]","[147, 16, 155]","[166, 172, 173]","[27, 132, 134]","[48, 179, 177]","[17, 147, 148]","[88, 46, 89]","[78, 1, 77]"
2246,"[164, 119, 166]","[37, 36, 35]","[97, 141, 91]","[69, 171, 63]","[172, 85, 173]","[78, 164, 107]","[90, 14, 89]","[158, 157, 133]","[28, 37, 27]","[105, 73, 78]","[180, 8, 7]","[41, 69, 71]"
2247,"[140, 133, 27]","[43, 44, 86]","[58, 143, 142]","[41, 40, 37]","[163, 126, 127]","[55, 53, 54]","[106, 33, 32]","[174, 173, 149]","[0, 23, 2]","[57, 55, 68]","[6, 20, 4]","[56, 60, 179]"
2248,"[9, 177, 176]","[116, 118, 117]","[170, 26, 172]","[41, 39, 58]","[21, 39, 40]","[175, 174, 0]","[27, 21, 28]","[162, 161, 55]","[124, 9, 8]","[64, 100, 27]","[20, 7, 21]","[66, 65, 112]"
2249,"[155, 78, 16]","[109, 53, 110]","[76, 179, 75]","[81, 129, 161]","[21, 11, 170]","[35, 110, 54]","[1, 153, 0]","[135, 84, 171]","[21, 11, 22]","[94, 59, 52]","[123, 175, 124]","[103, 102, 101]"
2250,"[126, 163, 133]","[96, 95, 98]","[138, 93, 90]","[159, 174, 158]","[173, 70, 0]","[108, 111, 110]","[59, 14, 82]","[169, 170, 172]","[136, 146, 135]","[111, 115, 107]","[156, 162, 163]","[94, 166, 95]"
2251,"[180, 120, 178]","[96, 22, 94]","[179, 126, 178]","[25, 22, 26]","[155, 7, 154]","[109, 97, 100]","[128, 160, 126]","[60, 59, 58]","[130, 31, 32]","[113, 108, 6]","[2, 178, 179]","[43, 42, 136]"
2252,"[24, 168, 25]","[72, 67, 70]","[155, 117, 116]","[90, 38, 150]","[10, 106, 107]","[126, 125, 122]","[68, 165, 13]","[92, 142, 144]","[116, 45, 117]","[142, 24, 17]","[21, 38, 43]","[102, 103, 2]"
2253,"[3, 33, 24]","[66, 64, 65]","[161, 21, 22]","[79, 86, 122]","[30, 159, 6]","[87, 67, 89]","[63, 31, 52]","[61, 62, 0]","[44, 22, 180]","[58, 59, 60]","[2, 8, 3]","[121, 122, 177]"
2254,"[169, 66, 65]","[28, 27, 9]","[2, 113, 1]","[94, 89, 95]","[178, 31, 18]","[148, 90, 53]","[43, 176, 41]","[36, 154, 37]","[10, 3, 1]","[173, 172, 90]","[108, 115, 114]","[84, 81, 86]"
2255,"[104, 45, 44]","[22, 21, 25]","[101, 40, 39]","[107, 171, 74]","[27, 97, 28]","[119, 164, 165]","[23, 40, 152]","[101, 100, 99]","[147, 129, 146]","[160, 58, 162]","[0, 6, 10]","[44, 176, 179]"
2256,"[178, 97, 179]","[165, 166, 49]","[100, 41, 40]","[157, 156, 159]","[35, 6, 34]","[27, 169, 61]","[144, 173, 145]","[35, 110, 111]","[117, 75, 24]","[44, 45, 50]","[41, 33, 39]","[54, 168, 167]"
2257,"[95, 168, 9]","[48, 47, 49]","[129, 16, 125]","[97, 62, 68]","[16, 57, 55]","[40, 41, 35]","[124, 98, 4]","[58, 57, 61]","[143, 93, 144]","[38, 24, 107]","[19, 10, 15]","[41, 72, 70]"
2258,"[179, 97, 98]","[48, 49, 63]","[0, 122, 3]","[144, 101, 59]","[0, 123, 124]","[58, 26, 59]","[8, 28, 123]","[133, 101, 54]","[48, 36, 47]","[152, 151, 153]","[2, 10, 1]","[103, 64, 102]"
2259,"[33, 119, 31]","[106, 107, 105]","[29, 178, 179]","[139, 8, 168]","[62, 26, 98]","[73, 126, 140]","[39, 30, 40]","[93, 97, 98]","[146, 83, 60]","[127, 130, 128]","[3, 14, 4]","[57, 65, 137]"
2260,"[178, 56, 166]","[0, 1, 106]","[169, 93, 170]","[13, 14, 178]","[53, 139, 50]","[22, 23, 25]","[7, 151, 124]","[76, 75, 90]","[141, 39, 36]","[22, 67, 25]","[13, 143, 12]","[108, 109, 107]"
2261,"[65, 28, 67]","[165, 163, 100]","[42, 94, 180]","[18, 20, 68]","[32, 96, 70]","[156, 85, 84]","[96, 50, 95]","[118, 119, 61]","[32, 96, 38]","[156, 155, 152]","[127, 118, 128]","[91, 34, 92]"
2262,"[133, 163, 162]","[3, 11, 7]","[171, 130, 156]","[103, 88, 105]","[32, 169, 30]","[121, 112, 23]","[139, 11, 88]","[64, 157, 179]","[32, 169, 7]","[121, 158, 17]","[16, 7, 130]","[109, 103, 105]"
2263,"[0, 150, 3]","[115, 41, 69]","[64, 156, 1]","[148, 146, 147]","[175, 64, 58]","[96, 100, 93]","[128, 144, 151]","[179, 114, 79]","[64, 174, 63]","[83, 86, 15]","[41, 47, 40]","[136, 135, 55]"
2264,"[85, 37, 84]","[89, 110, 170]","[48, 23, 68]","[164, 163, 53]","[97, 19, 6]","[64, 158, 53]","[37, 64, 38]","[25, 54, 160]","[143, 3, 147]","[52, 160, 159]","[17, 38, 18]","[93, 94, 92]"
2265,"[166, 175, 165]","[69, 66, 68]","[133, 172, 173]","[80, 79, 32]","[161, 33, 160]","[75, 68, 76]","[45, 161, 44]","[35, 37, 100]","[120, 26, 121]","[72, 69, 74]","[13, 7, 3]","[175, 178, 167]"
2266,"[106, 42, 34]","[89, 72, 102]","[1, 87, 97]","[144, 145, 143]","[17, 60, 1]","[171, 169, 39]","[90, 19, 45]","[18, 83, 17]","[180, 48, 179]","[169, 170, 93]","[36, 42, 135]","[46, 47, 48]"
2267,"[116, 22, 90]","[87, 46, 45]","[160, 169, 166]","[22, 21, 24]","[16, 8, 11]","[89, 93, 31]","[154, 10, 155]","[45, 46, 44]","[16, 8, 11]","[87, 91, 97]","[143, 175, 176]","[21, 103, 160]"
2268,"[9, 139, 3]","[119, 118, 92]","[64, 125, 63]","[169, 101, 161]","[142, 25, 141]","[98, 6, 118]","[143, 119, 121]","[180, 101, 28]","[142, 25, 96]","[44, 97, 46]","[0, 12, 31]","[168, 170, 167]"
2269,"[8, 14, 9]","[136, 137, 24]","[18, 162, 19]","[41, 40, 37]","[117, 140, 106]","[71, 72, 70]","[24, 92, 93]","[42, 180, 22]","[156, 36, 158]","[74, 73, 72]","[0, 24, 23]","[92, 91, 66]"
2270,"[1, 100, 6]","[174, 31, 173]","[135, 75, 74]","[180, 179, 168]","[138, 71, 44]","[110, 112, 111]","[36, 121, 113]","[59, 91, 60]","[16, 50, 17]","[128, 114, 113]","[28, 17, 19]","[125, 78, 126]"
2271,"[20, 14, 18]","[109, 110, 114]","[169, 7, 170]","[96, 82, 81]","[138, 156, 139]","[53, 2, 4]","[153, 97, 104]","[5, 4, 37]","[138, 156, 140]","[108, 2, 180]","[0, 8, 7]","[44, 45, 52]"
2272,"[71, 22, 23]","[100, 99, 43]","[160, 66, 1]","[180, 122, 179]","[21, 134, 133]","[121, 4, 3]","[109, 153, 108]","[172, 145, 16]","[96, 46, 97]","[158, 160, 146]","[139, 133, 140]","[102, 168, 111]"
2273,"[50, 15, 52]","[81, 80, 2]","[121, 149, 150]","[178, 180, 177]","[102, 6, 103]","[67, 18, 61]","[166, 53, 164]","[178, 30, 31]","[6, 163, 161]","[67, 65, 66]","[51, 64, 58]","[22, 23, 21]"
2274,"[95, 61, 94]","[127, 179, 128]","[122, 35, 121]","[26, 27, 107]","[105, 10, 97]","[46, 168, 48]","[96, 153, 97]","[131, 119, 130]","[85, 105, 84]","[148, 118, 150]","[21, 7, 6]","[70, 68, 71]"
2275,"[70, 89, 88]","[14, 15, 53]","[44, 14, 45]","[93, 118, 126]","[3, 86, 85]","[55, 57, 54]","[128, 167, 93]","[156, 60, 154]","[180, 123, 122]","[60, 59, 56]","[0, 9, 1]","[114, 166, 115]"
2276,"[0, 126, 67]","[35, 36, 42]","[40, 157, 43]","[60, 61, 63]","[34, 15, 17]","[113, 117, 116]","[141, 2, 3]","[98, 105, 76]","[34, 15, 40]","[113, 68, 120]","[137, 22, 136]","[92, 38, 37]"
2277,"[50, 148, 153]","[0, 29, 6]","[139, 44, 45]","[122, 115, 117]","[83, 58, 82]","[100, 102, 108]","[64, 137, 63]","[97, 96, 107]","[83, 14, 38]","[89, 88, 115]","[4, 18, 3]","[47, 69, 46]"
2278,"[125, 43, 1]","[129, 68, 128]","[148, 95, 147]","[172, 107, 171]","[27, 171, 25]","[130, 129, 134]","[153, 100, 29]","[87, 86, 85]","[172, 28, 171]","[128, 127, 131]","[19, 7, 16]","[84, 95, 86]"
2279,"[33, 159, 32]","[107, 105, 55]","[139, 51, 154]","[6, 166, 11]","[19, 151, 47]","[103, 67, 66]","[4, 48, 51]","[168, 0, 144]","[30, 47, 19]","[73, 102, 72]","[0, 28, 2]","[102, 99, 100]"
2280,"[141, 7, 140]","[162, 163, 159]","[12, 23, 8]","[178, 180, 108]","[175, 31, 28]","[135, 136, 88]","[160, 39, 83]","[64, 118, 120]","[28, 172, 29]","[136, 137, 138]","[1, 35, 34]","[90, 178, 160]"
2281,"[28, 172, 27]","[100, 97, 98]","[176, 146, 147]","[74, 75, 83]","[179, 98, 84]","[163, 162, 66]","[116, 163, 119]","[51, 50, 9]","[97, 34, 45]","[163, 54, 53]","[17, 26, 24]","[60, 62, 61]"
2282,"[2, 28, 3]","[48, 86, 154]","[67, 25, 3]","[94, 16, 93]","[37, 55, 57]","[169, 109, 98]","[26, 170, 171]","[163, 168, 161]","[55, 37, 54]","[137, 136, 27]","[26, 7, 8]","[57, 35, 36]"
2283,"[101, 115, 103]","[82, 155, 83]","[31, 163, 164]","[5, 65, 118]","[31, 69, 73]","[124, 111, 116]","[172, 28, 32]","[136, 137, 133]","[0, 173, 172]","[116, 149, 119]","[178, 34, 176]","[49, 150, 128]"
2284,"[88, 140, 36]","[161, 2, 3]","[180, 8, 31]","[63, 92, 91]","[8, 114, 113]","[149, 150, 148]","[114, 151, 152]","[7, 8, 11]","[45, 128, 42]","[139, 173, 174]","[50, 174, 49]","[90, 91, 130]"
2285,"[132, 172, 136]","[30, 92, 52]","[153, 108, 152]","[56, 55, 81]","[17, 161, 162]","[123, 37, 39]","[113, 123, 114]","[156, 158, 157]","[178, 39, 175]","[124, 92, 151]","[131, 67, 143]","[1, 2, 78]"
2286,"[2, 27, 1]","[163, 95, 166]","[23, 125, 124]","[111, 91, 138]","[62, 104, 105]","[26, 25, 134]","[56, 140, 55]","[167, 155, 168]","[108, 153, 107]","[4, 74, 5]","[20, 12, 10]","[113, 115, 111]"
2287,"[155, 27, 26]","[52, 53, 70]","[8, 134, 1]","[124, 45, 84]","[131, 24, 110]","[44, 154, 97]","[142, 165, 171]","[112, 0, 1]","[180, 4, 59]","[154, 64, 60]","[0, 8, 1]","[175, 174, 176]"
2288,"[129, 47, 128]","[70, 71, 69]","[137, 84, 149]","[115, 112, 110]","[79, 139, 100]","[97, 51, 50]","[169, 40, 168]","[7, 8, 12]","[40, 155, 156]","[10, 11, 9]","[180, 171, 179]","[111, 118, 95]"
2289,"[73, 6, 65]","[136, 99, 137]","[128, 148, 129]","[36, 40, 99]","[176, 18, 177]","[53, 67, 52]","[24, 78, 23]","[52, 53, 51]","[98, 42, 145]","[48, 46, 47]","[0, 8, 7]","[67, 66, 65]"
2290,"[14, 20, 21]","[156, 157, 155]","[151, 7, 150]","[80, 42, 100]","[0, 20, 18]","[174, 172, 115]","[162, 13, 161]","[155, 156, 152]","[17, 10, 9]","[148, 149, 174]","[177, 81, 176]","[113, 24, 23]"
2291,"[47, 136, 135]","[72, 17, 16]","[89, 8, 27]","[74, 121, 73]","[0, 13, 1]","[78, 138, 139]","[77, 129, 130]","[43, 69, 70]","[170, 53, 31]","[19, 125, 18]","[9, 28, 8]","[127, 54, 92]"
2292,"[18, 10, 8]","[63, 57, 140]","[51, 92, 52]","[98, 37, 107]","[113, 6, 130]","[25, 154, 26]","[92, 54, 55]","[144, 143, 104]","[104, 8, 0]","[49, 25, 23]","[105, 111, 104]","[84, 83, 133]"
2293,"[104, 77, 76]","[89, 86, 85]","[57, 85, 44]","[160, 141, 142]","[3, 57, 4]","[115, 123, 116]","[6, 28, 7]","[141, 11, 143]","[55, 173, 54]","[86, 85, 82]","[0, 14, 1]","[145, 146, 147]"
2294,"[18, 162, 32]","[82, 123, 81]","[111, 7, 8]","[89, 163, 167]","[180, 79, 78]","[143, 142, 90]","[23, 2, 1]","[162, 160, 107]","[0, 110, 1]","[19, 13, 11]","[0, 22, 21]","[67, 73, 68]"
2295,"[52, 162, 161]","[9, 173, 17]","[36, 123, 38]","[81, 53, 85]","[31, 166, 0]","[94, 95, 98]","[42, 132, 158]","[6, 12, 11]","[106, 22, 108]","[94, 93, 95]","[43, 49, 42]","[105, 73, 110]"
2296,"[170, 8, 171]","[91, 92, 52]","[9, 98, 20]","[144, 136, 137]","[133, 79, 90]","[166, 167, 176]","[46, 149, 47]","[92, 93, 91]","[91, 121, 92]","[18, 69, 17]","[156, 150, 0]","[176, 178, 179]"
2297,"[84, 172, 158]","[113, 114, 164]","[68, 100, 154]","[19, 21, 20]","[49, 111, 112]","[130, 139, 138]","[149, 119, 150]","[36, 38, 174]","[62, 8, 162]","[141, 142, 139]","[0, 12, 13]","[52, 53, 177]"
2298,"[170, 131, 132]","[23, 94, 93]","[74, 136, 75]","[121, 107, 108]","[167, 15, 168]","[154, 36, 42]","[112, 28, 27]","[106, 143, 159]","[165, 14, 8]","[49, 50, 27]","[0, 9, 1]","[115, 162, 161]"
2299,"[144, 28, 145]","[43, 56, 54]","[45, 109, 165]","[141, 143, 150]","[4, 138, 139]","[95, 85, 61]","[153, 24, 27]","[7, 90, 88]","[139, 5, 4]","[97, 96, 78]","[2, 8, 1]","[48, 47, 49]"
2300,"[178, 147, 42]","[88, 89, 90]","[13, 164, 14]","[121, 122, 123]","[66, 154, 67]","[135, 132, 136]","[29, 62, 63]","[172, 2, 114]","[58, 146, 57]","[135, 132, 171]","[0, 22, 21]","[119, 23, 120]"
2301,"[169, 25, 168]","[33, 32, 34]","[137, 6, 5]","[29, 33, 66]","[18, 51, 56]","[74, 41, 143]","[1, 9, 10]","[107, 117, 103]","[173, 89, 11]","[74, 130, 131]","[169, 128, 129]","[109, 4, 110]"
2302,"[6, 88, 2]","[132, 133, 51]","[160, 122, 162]","[111, 65, 110]","[6, 147, 151]","[93, 137, 95]","[160, 38, 129]","[113, 111, 114]","[118, 86, 87]","[135, 134, 133]","[1, 25, 2]","[53, 52, 124]"
2303,"[112, 13, 14]","[151, 150, 129]","[178, 30, 92]","[131, 132, 130]","[37, 144, 109]","[92, 64, 67]","[48, 107, 47]","[168, 165, 167]","[36, 108, 77]","[162, 163, 93]","[0, 133, 134]","[115, 33, 114]"
2304,"[170, 139, 21]","[145, 144, 76]","[15, 159, 14]","[98, 97, 94]","[172, 10, 173]","[162, 161, 5]","[55, 127, 58]","[77, 16, 15]","[24, 173, 174]","[0, 1, 4]","[0, 31, 2]","[63, 39, 64]"
2305,"[170, 13, 156]","[84, 155, 85]","[57, 10, 58]","[157, 158, 172]","[68, 48, 69]","[88, 87, 89]","[17, 62, 0]","[99, 155, 21]","[79, 59, 60]","[97, 89, 96]","[162, 143, 163]","[100, 99, 101]"
2306,"[127, 58, 59]","[39, 115, 53]","[163, 132, 130]","[173, 174, 175]","[131, 105, 132]","[85, 69, 86]","[136, 164, 163]","[73, 72, 84]","[0, 11, 18]","[153, 140, 152]","[25, 13, 24]","[71, 78, 171]"
2307,"[179, 170, 180]","[123, 120, 122]","[176, 142, 145]","[30, 27, 26]","[3, 176, 180]","[67, 69, 68]","[2, 105, 1]","[31, 54, 30]","[177, 5, 178]","[24, 25, 28]","[158, 119, 118]","[59, 55, 103]"
2308,"[68, 23, 169]","[30, 96, 77]","[49, 111, 50]","[12, 11, 14]","[154, 82, 88]","[121, 117, 120]","[95, 31, 176]","[130, 71, 123]","[82, 154, 43]","[121, 120, 117]","[11, 154, 88]","[110, 109, 111]"
2309,"[116, 15, 119]","[168, 169, 144]","[172, 91, 173]","[78, 133, 111]","[118, 59, 134]","[155, 154, 167]","[41, 61, 59]","[36, 178, 31]","[0, 108, 178]","[106, 52, 101]","[125, 161, 167]","[81, 147, 148]"
2310,"[177, 137, 178]","[90, 124, 126]","[118, 40, 89]","[106, 164, 179]","[57, 93, 91]","[32, 38, 39]","[53, 165, 45]","[0, 8, 7]","[14, 115, 16]","[136, 134, 135]","[171, 165, 172]","[126, 135, 134]"
2311,"[160, 153, 159]","[129, 126, 123]","[15, 134, 14]","[154, 73, 89]","[98, 22, 50]","[144, 130, 140]","[152, 161, 158]","[147, 64, 63]","[41, 51, 22]","[141, 137, 142]","[2, 8, 1]","[171, 77, 76]"
2312,"[24, 15, 16]","[93, 82, 81]","[180, 163, 166]","[104, 105, 119]","[17, 23, 87]","[104, 103, 105]","[153, 142, 150]","[0, 67, 66]","[73, 10, 49]","[56, 55, 128]","[23, 3, 24]","[129, 152, 55]"
2313,"[66, 22, 67]","[76, 75, 74]","[166, 22, 24]","[78, 85, 87]","[133, 69, 132]","[45, 44, 40]","[28, 172, 40]","[79, 78, 59]","[133, 69, 68]","[37, 36, 39]","[0, 10, 11]","[175, 174, 57]"
2314,"[35, 7, 24]","[66, 92, 67]","[26, 91, 90]","[151, 57, 139]","[98, 16, 108]","[147, 149, 29]","[180, 88, 78]","[0, 3, 1]","[163, 32, 108]","[6, 8, 18]","[0, 7, 8]","[54, 53, 55]"
2315,"[57, 133, 164]","[126, 48, 52]","[18, 156, 3]","[41, 37, 39]","[165, 173, 174]","[76, 21, 77]","[71, 179, 14]","[29, 103, 102]","[28, 86, 27]","[36, 119, 77]","[120, 10, 9]","[53, 52, 55]"
2316,"[179, 89, 178]","[20, 28, 105]","[115, 15, 99]","[85, 86, 80]","[37, 15, 38]","[146, 145, 144]","[54, 18, 55]","[147, 149, 143]","[171, 25, 50]","[147, 148, 109]","[3, 17, 4]","[29, 26, 27]"
2317,"[169, 163, 157]","[20, 126, 129]","[104, 157, 106]","[45, 46, 11]","[110, 131, 111]","[159, 158, 157]","[132, 34, 131]","[3, 15, 151]","[105, 126, 50]","[11, 150, 159]","[133, 116, 115]","[98, 156, 49]"
2318,"[1, 26, 47]","[57, 133, 180]","[172, 116, 154]","[69, 64, 63]","[60, 104, 105]","[84, 86, 123]","[22, 70, 21]","[83, 64, 19]","[178, 34, 2]","[92, 93, 88]","[19, 5, 0]","[92, 22, 155]"
2319,"[21, 165, 22]","[98, 99, 97]","[59, 4, 66]","[70, 84, 71]","[160, 150, 149]","[54, 55, 143]","[147, 98, 146]","[114, 31, 111]","[160, 150, 154]","[50, 49, 82]","[119, 167, 168]","[49, 50, 51]"
2320,"[13, 34, 15]","[74, 75, 84]","[1, 96, 2]","[30, 27, 70]","[158, 132, 144]","[117, 36, 67]","[141, 108, 140]","[149, 159, 160]","[180, 68, 62]","[96, 33, 117]","[1, 12, 11]","[65, 26, 84]"
2321,"[45, 11, 56]","[35, 129, 36]","[152, 99, 166]","[44, 86, 45]","[8, 162, 163]","[22, 153, 152]","[35, 177, 173]","[101, 102, 103]","[11, 56, 95]","[153, 179, 152]","[4, 122, 1]","[6, 172, 176]"
2322,"[117, 70, 116]","[94, 140, 26]","[129, 155, 65]","[97, 33, 119]","[120, 3, 2]","[145, 79, 94]","[99, 50, 98]","[162, 82, 165]","[1, 148, 0]","[85, 90, 78]","[164, 170, 165]","[175, 98, 101]"
2323,"[153, 68, 154]","[104, 103, 106]","[5, 96, 52]","[56, 28, 104]","[100, 138, 97]","[164, 72, 166]","[12, 138, 140]","[79, 78, 120]","[100, 138, 39]","[5, 6, 4]","[70, 7, 8]","[34, 169, 162]"
2324,"[45, 81, 26]","[104, 71, 106]","[0, 124, 160]","[73, 72, 68]","[48, 82, 67]","[180, 106, 120]","[90, 11, 89]","[117, 135, 171]","[74, 42, 50]","[96, 97, 99]","[9, 2, 8]","[135, 131, 50]"
2325,"[78, 19, 23]","[59, 158, 81]","[1, 113, 0]","[48, 58, 47]","[14, 158, 159]","[111, 0, 110]","[98, 5, 94]","[60, 58, 57]","[153, 9, 155]","[111, 114, 110]","[81, 95, 82]","[144, 120, 145]"
2326,"[18, 61, 156]","[98, 124, 125]","[30, 78, 83]","[112, 115, 113]","[149, 176, 172]","[70, 138, 71]","[152, 165, 109]","[180, 128, 166]","[84, 156, 83]","[169, 136, 137]","[170, 141, 171]","[93, 88, 92]"
2327,"[16, 27, 19]","[10, 103, 102]","[157, 129, 127]","[79, 89, 92]","[44, 155, 154]","[119, 120, 118]","[19, 27, 18]","[113, 38, 114]","[132, 54, 134]","[20, 21, 35]","[2, 14, 1]","[103, 102, 104]"
2328,"[1, 8, 9]","[82, 153, 81]","[34, 113, 33]","[167, 57, 59]","[143, 3, 4]","[81, 80, 40]","[46, 9, 45]","[65, 150, 71]","[148, 6, 147]","[81, 85, 86]","[48, 42, 45]","[77, 78, 169]"
2329,"[35, 116, 34]","[165, 166, 104]","[142, 14, 143]","[122, 99, 121]","[87, 137, 90]","[164, 101, 166]","[46, 137, 136]","[162, 161, 160]","[87, 137, 90]","[101, 164, 103]","[10, 178, 177]","[113, 173, 108]"
2330,"[180, 107, 109]","[4, 148, 3]","[12, 20, 21]","[1, 2, 0]","[128, 4, 127]","[150, 160, 97]","[43, 129, 42]","[16, 15, 17]","[49, 11, 13]","[118, 117, 121]","[106, 8, 9]","[95, 137, 58]"
2331,"[43, 169, 23]","[159, 81, 80]","[113, 39, 173]","[83, 84, 82]","[34, 109, 33]","[15, 169, 17]","[83, 12, 69]","[125, 30, 180]","[78, 135, 75]","[56, 90, 39]","[94, 88, 95]","[147, 68, 146]"
2332,"[25, 17, 24]","[50, 123, 176]","[115, 8, 9]","[55, 52, 25]","[155, 142, 143]","[36, 118, 35]","[137, 111, 136]","[139, 163, 36]","[156, 143, 142]","[36, 111, 110]","[69, 151, 70]","[133, 102, 132]"
2333,"[169, 59, 176]","[125, 126, 124]","[180, 35, 179]","[155, 154, 157]","[36, 17, 149]","[114, 113, 112]","[24, 85, 25]","[155, 158, 159]","[120, 66, 118]","[132, 135, 133]","[58, 132, 59]","[87, 86, 85]"
2334,"[82, 43, 69]","[47, 17, 48]","[15, 111, 137]","[156, 155, 158]","[54, 153, 53]","[111, 91, 89]","[35, 173, 38]","[29, 109, 146]","[151, 43, 155]","[40, 109, 97]","[166, 172, 165]","[64, 141, 143]"
2335,"[168, 65, 173]","[92, 93, 94]","[2, 38, 135]","[152, 153, 165]","[157, 12, 126]","[165, 88, 128]","[67, 118, 69]","[165, 63, 164]","[48, 179, 174]","[29, 165, 52]","[25, 34, 26]","[126, 122, 170]"
2336,"[136, 54, 62]","[73, 71, 75]","[180, 163, 20]","[145, 44, 43]","[175, 17, 176]","[39, 38, 37]","[3, 24, 26]","[150, 144, 119]","[163, 174, 98]","[30, 52, 86]","[4, 10, 11]","[101, 102, 91]"
2337,"[11, 109, 108]","[77, 124, 78]","[51, 124, 126]","[61, 18, 34]","[103, 122, 112]","[77, 70, 71]","[30, 109, 146]","[49, 82, 79]","[178, 134, 141]","[90, 47, 70]","[0, 11, 21]","[57, 58, 155]"
2338,"[152, 16, 43]","[61, 94, 92]","[25, 107, 108]","[135, 137, 138]","[54, 89, 90]","[20, 21, 22]","[44, 142, 145]","[166, 20, 14]","[54, 88, 89]","[20, 21, 19]","[32, 40, 18]","[82, 176, 95]"
2339,"[174, 29, 175]","[48, 125, 126]","[37, 80, 75]","[20, 132, 51]","[97, 37, 14]","[168, 115, 169]","[83, 179, 178]","[130, 132, 129]","[97, 37, 39]","[167, 168, 10]","[20, 173, 0]","[147, 149, 148]"
2340,"[119, 163, 135]","[32, 66, 31]","[7, 100, 97]","[165, 166, 56]","[159, 130, 129]","[54, 155, 154]","[112, 171, 111]","[72, 73, 71]","[2, 149, 0]","[178, 177, 179]","[178, 61, 180]","[92, 90, 91]"
2341,"[24, 117, 174]","[127, 84, 144]","[149, 103, 148]","[65, 44, 66]","[21, 7, 22]","[36, 136, 3]","[56, 89, 58]","[96, 0, 142]","[152, 49, 153]","[12, 139, 11]","[0, 12, 11]","[62, 65, 66]"
2342,"[6, 105, 5]","[127, 142, 171]","[4, 84, 83]","[14, 145, 54]","[0, 27, 124]","[174, 173, 176]","[153, 174, 144]","[119, 131, 128]","[119, 40, 96]","[160, 169, 165]","[35, 29, 36]","[156, 145, 143]"
2343,"[22, 38, 1]","[104, 71, 106]","[99, 8, 1]","[142, 141, 46]","[149, 54, 150]","[180, 178, 179]","[150, 81, 80]","[12, 7, 22]","[54, 149, 55]","[180, 179, 178]","[17, 11, 10]","[21, 22, 23]"
2344,"[124, 42, 41]","[65, 47, 174]","[5, 142, 4]","[121, 49, 122]","[18, 137, 138]","[58, 156, 60]","[29, 20, 28]","[81, 95, 117]","[162, 133, 163]","[175, 173, 176]","[23, 174, 24]","[74, 51, 28]"
2345,"[60, 9, 59]","[121, 94, 120]","[13, 29, 31]","[141, 140, 145]","[6, 168, 7]","[144, 159, 143]","[133, 45, 46]","[55, 56, 52]","[152, 89, 90]","[92, 159, 24]","[172, 129, 173]","[57, 56, 52]"
2346,"[0, 35, 137]","[49, 171, 166]","[52, 165, 58]","[29, 28, 31]","[3, 21, 1]","[160, 61, 92]","[1, 132, 180]","[63, 64, 62]","[2, 21, 140]","[93, 50, 53]","[4, 15, 13]","[37, 111, 110]"
2347,"[30, 128, 31]","[158, 14, 157]","[108, 163, 165]","[25, 19, 22]","[32, 138, 139]","[144, 145, 146]","[180, 33, 169]","[56, 99, 55]","[32, 138, 173]","[143, 145, 1]","[29, 17, 30]","[66, 67, 75]"
2348,"[108, 36, 107]","[94, 162, 55]","[83, 14, 75]","[111, 112, 113]","[71, 52, 49]","[180, 96, 179]","[99, 53, 55]","[120, 122, 121]","[59, 162, 60]","[94, 95, 140]","[103, 97, 102]","[180, 174, 175]"
2349,"[116, 23, 125]","[180, 167, 173]","[174, 92, 28]","[114, 113, 148]","[75, 48, 0]","[134, 92, 44]","[86, 151, 28]","[19, 14, 15]","[149, 81, 82]","[92, 31, 121]","[12, 23, 22]","[114, 69, 71]"
2350,"[135, 159, 27]","[125, 126, 124]","[67, 17, 16]","[60, 4, 148]","[119, 83, 154]","[180, 92, 90]","[140, 49, 50]","[75, 175, 1]","[75, 157, 161]","[2, 99, 0]","[3, 9, 10]","[150, 148, 149]"
2351,"[131, 117, 132]","[19, 154, 148]","[141, 28, 142]","[6, 149, 5]","[104, 48, 162]","[135, 131, 142]","[153, 144, 156]","[122, 7, 123]","[108, 14, 106]","[133, 134, 150]","[180, 23, 177]","[121, 53, 166]"
2352,"[112, 7, 111]","[147, 132, 67]","[103, 33, 100]","[152, 128, 168]","[107, 38, 108]","[172, 171, 173]","[138, 69, 137]","[121, 113, 10]","[6, 63, 47]","[171, 17, 178]","[3, 31, 2]","[80, 156, 155]"
2353,"[152, 8, 151]","[56, 55, 54]","[160, 16, 161]","[121, 45, 69]","[123, 50, 116]","[160, 159, 157]","[166, 57, 18]","[66, 149, 76]","[32, 132, 77]","[92, 109, 135]","[0, 12, 1]","[67, 168, 66]"
2354,"[11, 89, 73]","[124, 52, 49]","[158, 11, 93]","[52, 51, 173]","[28, 172, 27]","[146, 145, 147]","[106, 24, 27]","[45, 44, 46]","[172, 28, 25]","[92, 87, 88]","[4, 17, 3]","[40, 26, 84]"
2355,"[54, 156, 52]","[70, 122, 71]","[27, 113, 28]","[48, 160, 47]","[137, 93, 136]","[161, 171, 170]","[142, 163, 143]","[22, 132, 13]","[137, 93, 91]","[168, 160, 45]","[0, 70, 71]","[132, 131, 133]"
2356,"[143, 18, 53]","[151, 152, 150]","[125, 81, 83]","[54, 47, 46]","[40, 126, 127]","[102, 54, 51]","[161, 38, 178]","[16, 18, 19]","[72, 59, 73]","[17, 16, 1]","[4, 20, 21]","[60, 59, 150]"
2357,"[123, 2, 74]","[142, 141, 140]","[178, 73, 177]","[4, 19, 5]","[117, 80, 81]","[26, 25, 29]","[85, 23, 86]","[122, 121, 107]","[43, 116, 119]","[28, 27, 26]","[134, 147, 146]","[102, 103, 25]"
2358,"[43, 168, 167]","[148, 117, 149]","[55, 95, 96]","[106, 67, 105]","[153, 91, 154]","[30, 31, 121]","[148, 103, 78]","[41, 55, 43]","[90, 112, 89]","[32, 46, 33]","[147, 141, 142]","[106, 75, 107]"
2359,"[161, 17, 159]","[79, 88, 70]","[118, 144, 119]","[27, 47, 13]","[121, 152, 153]","[140, 52, 98]","[23, 7, 24]","[62, 67, 68]","[177, 59, 152]","[95, 97, 96]","[73, 157, 140]","[42, 43, 44]"
2360,"[178, 84, 180]","[24, 25, 111]","[92, 36, 93]","[165, 66, 164]","[76, 108, 75]","[85, 56, 133]","[94, 33, 95]","[149, 150, 155]","[138, 106, 137]","[129, 4, 0]","[75, 107, 108]","[23, 22, 24]"
2361,"[122, 75, 68]","[52, 53, 26]","[161, 5, 75]","[86, 85, 43]","[0, 6, 1]","[102, 100, 104]","[64, 176, 35]","[25, 17, 133]","[0, 10, 1]","[100, 147, 143]","[25, 16, 5]","[110, 111, 112]"
2362,"[29, 144, 143]","[92, 93, 94]","[6, 116, 62]","[136, 133, 134]","[115, 20, 75]","[52, 99, 98]","[149, 13, 31]","[114, 102, 56]","[117, 41, 118]","[9, 10, 11]","[136, 143, 142]","[82, 81, 89]"
2363,"[0, 143, 1]","[117, 116, 72]","[33, 58, 32]","[115, 129, 118]","[141, 19, 133]","[110, 90, 81]","[179, 31, 18]","[141, 28, 142]","[19, 141, 20]","[110, 90, 151]","[16, 23, 15]","[108, 103, 102]"
2364,"[180, 69, 179]","[113, 115, 15]","[95, 20, 137]","[13, 9, 35]","[31, 165, 35]","[52, 155, 57]","[139, 97, 140]","[150, 149, 148]","[35, 85, 43]","[99, 100, 98]","[0, 14, 3]","[135, 32, 95]"
2365,"[30, 111, 112]","[146, 9, 125]","[59, 158, 60]","[167, 168, 169]","[112, 105, 75]","[158, 42, 159]","[110, 21, 70]","[125, 124, 90]","[37, 75, 165]","[149, 150, 151]","[3, 15, 5]","[112, 128, 130]"
2366,"[32, 166, 165]","[106, 108, 107]","[55, 35, 34]","[164, 137, 131]","[17, 162, 16]","[111, 97, 168]","[37, 176, 173]","[105, 104, 106]","[36, 129, 128]","[112, 74, 75]","[0, 1, 6]","[5, 4, 3]"
2367,"[3, 35, 4]","[174, 53, 159]","[103, 35, 13]","[38, 139, 66]","[110, 89, 90]","[78, 174, 137]","[102, 172, 131]","[33, 34, 23]","[73, 11, 72]","[128, 146, 78]","[167, 75, 18]","[40, 41, 153]"
2368,"[81, 4, 82]","[162, 163, 164]","[131, 114, 108]","[172, 143, 83]","[64, 132, 62]","[91, 92, 99]","[131, 77, 78]","[30, 64, 63]","[30, 71, 31]","[90, 91, 94]","[44, 23, 36]","[144, 145, 143]"
2369,"[130, 81, 178]","[108, 107, 28]","[40, 85, 24]","[3, 151, 168]","[1, 15, 2]","[71, 73, 70]","[156, 61, 144]","[149, 148, 22]","[1, 51, 0]","[71, 70, 64]","[27, 16, 28]","[161, 80, 133]"
2370,"[47, 153, 154]","[161, 139, 160]","[91, 15, 162]","[135, 136, 144]","[2, 118, 117]","[62, 36, 64]","[43, 87, 164]","[33, 34, 35]","[125, 98, 40]","[66, 144, 93]","[18, 8, 19]","[67, 145, 146]"
2371,"[152, 8, 151]","[78, 125, 77]","[52, 104, 103]","[139, 10, 22]","[7, 151, 0]","[35, 108, 34]","[17, 97, 60]","[85, 78, 79]","[151, 4, 42]","[31, 125, 30]","[165, 171, 172]","[31, 84, 85]"
2372,"[164, 20, 165]","[0, 41, 90]","[121, 86, 78]","[147, 146, 148]","[143, 173, 144]","[117, 138, 139]","[16, 81, 40]","[107, 106, 108]","[61, 174, 23]","[165, 105, 138]","[174, 15, 177]","[95, 96, 38]"
2373,"[165, 21, 164]","[134, 144, 96]","[21, 165, 20]","[133, 135, 134]","[6, 34, 140]","[160, 159, 158]","[14, 158, 159]","[79, 80, 81]","[140, 5, 144]","[0, 159, 74]","[19, 4, 18]","[38, 36, 23]"
2374,"[57, 150, 56]","[129, 115, 114]","[26, 3, 89]","[134, 38, 73]","[93, 31, 5]","[134, 168, 58]","[109, 149, 108]","[154, 155, 153]","[149, 89, 90]","[161, 168, 77]","[0, 16, 1]","[90, 93, 104]"
2375,"[29, 173, 27]","[43, 44, 45]","[167, 18, 164]","[134, 91, 131]","[107, 37, 157]","[140, 141, 139]","[82, 15, 105]","[7, 37, 136]","[14, 158, 13]","[39, 41, 40]","[1, 12, 0]","[66, 67, 65]"
2376,"[111, 59, 113]","[141, 144, 166]","[8, 15, 18]","[53, 133, 135]","[34, 178, 179]","[116, 121, 146]","[119, 142, 116]","[37, 36, 35]","[173, 37, 172]","[150, 151, 152]","[59, 53, 52]","[60, 61, 62]"
2377,"[19, 61, 62]","[89, 90, 159]","[178, 121, 122]","[89, 158, 87]","[148, 20, 72]","[60, 62, 61]","[158, 14, 157]","[56, 54, 55]","[1, 129, 6]","[92, 145, 51]","[50, 27, 62]","[140, 96, 139]"
2378,"[158, 56, 156]","[165, 160, 162]","[73, 66, 65]","[147, 86, 149]","[7, 151, 8]","[76, 135, 77]","[63, 47, 42]","[106, 104, 98]","[151, 7, 8]","[134, 135, 76]","[63, 57, 62]","[137, 136, 138]"
2379,"[139, 130, 137]","[16, 19, 15]","[37, 57, 123]","[77, 76, 78]","[34, 84, 86]","[165, 75, 159]","[14, 174, 64]","[84, 86, 85]","[99, 13, 101]","[165, 172, 177]","[0, 163, 142]","[111, 113, 61]"
2380,"[53, 76, 51]","[157, 154, 156]","[83, 117, 80]","[172, 170, 142]","[0, 7, 103]","[139, 138, 162]","[173, 31, 32]","[168, 167, 165]","[3, 11, 2]","[167, 163, 143]","[6, 15, 7]","[129, 128, 126]"
2381,"[15, 153, 147]","[47, 46, 39]","[153, 9, 151]","[128, 131, 132]","[61, 101, 57]","[42, 180, 67]","[63, 156, 68]","[102, 101, 100]","[125, 65, 57]","[66, 137, 41]","[81, 5, 82]","[65, 64, 63]"
2382,"[21, 15, 23]","[35, 162, 34]","[63, 95, 61]","[33, 145, 144]","[180, 95, 173]","[50, 15, 49]","[137, 122, 57]","[27, 146, 142]","[174, 37, 38]","[145, 104, 146]","[153, 3, 152]","[70, 30, 31]"
2383,"[60, 41, 40]","[95, 96, 131]","[64, 166, 82]","[106, 101, 127]","[108, 59, 109]","[67, 69, 68]","[167, 50, 49]","[33, 39, 38]","[108, 59, 109]","[66, 68, 67]","[114, 108, 109]","[170, 80, 102]"
2384,"[17, 92, 16]","[55, 56, 103]","[1, 7, 34]","[141, 140, 46]","[29, 112, 28]","[178, 100, 19]","[165, 10, 178]","[87, 88, 136]","[35, 118, 33]","[55, 171, 104]","[0, 133, 1]","[11, 57, 94]"
2385,"[177, 72, 178]","[89, 1, 0]","[166, 152, 167]","[132, 30, 31]","[135, 81, 82]","[146, 112, 144]","[93, 28, 29]","[152, 153, 154]","[43, 164, 31]","[66, 65, 112]","[21, 14, 16]","[158, 157, 156]"
2386,"[22, 166, 164]","[50, 73, 51]","[79, 47, 160]","[168, 111, 167]","[151, 7, 8]","[90, 89, 0]","[153, 118, 113]","[77, 78, 80]","[54, 143, 141]","[1, 0, 2]","[74, 117, 113]","[109, 108, 107]"
2387,"[27, 177, 81]","[115, 65, 64]","[98, 135, 99]","[0, 74, 40]","[145, 151, 146]","[83, 79, 85]","[130, 79, 37]","[2, 3, 1]","[121, 132, 120]","[86, 85, 83]","[3, 24, 23]","[91, 83, 178]"
2388,"[28, 13, 27]","[177, 145, 146]","[0, 103, 33]","[129, 128, 180]","[162, 18, 161]","[133, 132, 108]","[61, 77, 76]","[122, 112, 35]","[163, 19, 18]","[51, 50, 178]","[2, 8, 1]","[91, 92, 150]"
2389,"[165, 94, 97]","[140, 54, 139]","[0, 31, 32]","[85, 88, 89]","[98, 53, 96]","[3, 13, 14]","[107, 84, 74]","[156, 81, 153]","[87, 153, 176]","[11, 12, 10]","[28, 16, 14]","[130, 162, 161]"
2390,"[100, 164, 99]","[109, 60, 110]","[156, 170, 144]","[38, 39, 31]","[16, 171, 17]","[108, 34, 106]","[180, 131, 178]","[150, 118, 14]","[22, 104, 177]","[2, 1, 125]","[120, 126, 119]","[36, 54, 85]"
2391,"[23, 167, 165]","[66, 117, 119]","[141, 175, 174]","[98, 90, 93]","[139, 111, 136]","[85, 3, 84]","[136, 34, 61]","[88, 151, 37]","[108, 136, 114]","[158, 49, 36]","[74, 16, 0]","[150, 155, 153]"
2392,"[17, 26, 18]","[95, 94, 89]","[33, 156, 138]","[87, 165, 91]","[79, 109, 71]","[33, 132, 55]","[132, 59, 36]","[47, 1, 2]","[90, 37, 130]","[100, 98, 99]","[19, 10, 20]","[111, 166, 114]"
2393,"[43, 165, 42]","[70, 69, 71]","[151, 7, 150]","[119, 78, 79]","[56, 23, 22]","[141, 169, 114]","[64, 34, 33]","[144, 162, 121]","[4, 135, 56]","[174, 79, 78]","[2, 17, 16]","[34, 39, 38]"
2394,"[168, 59, 169]","[135, 41, 134]","[62, 19, 170]","[160, 166, 164]","[34, 65, 33]","[141, 140, 180]","[176, 48, 175]","[5, 4, 127]","[125, 76, 77]","[8, 26, 109]","[88, 172, 87]","[152, 153, 151]"
2395,"[74, 163, 162]","[1, 0, 11]","[178, 167, 179]","[34, 35, 40]","[0, 104, 28]","[146, 174, 38]","[3, 166, 106]","[40, 39, 47]","[126, 19, 120]","[174, 173, 146]","[180, 174, 23]","[147, 71, 73]"
2396,"[62, 4, 6]","[139, 179, 178]","[87, 52, 91]","[4, 64, 3]","[38, 32, 40]","[4, 46, 8]","[108, 31, 35]","[50, 51, 164]","[89, 40, 45]","[15, 4, 16]","[3, 15, 16]","[47, 150, 148]"
2397,"[29, 176, 86]","[39, 41, 32]","[51, 114, 50]","[6, 8, 166]","[113, 100, 99]","[76, 89, 133]","[163, 120, 162]","[11, 10, 12]","[35, 13, 34]","[131, 42, 56]","[19, 5, 4]","[115, 70, 171]"
2398,"[86, 46, 116]","[174, 48, 168]","[155, 119, 154]","[95, 82, 94]","[145, 12, 144]","[60, 59, 58]","[118, 64, 119]","[85, 86, 87]","[111, 20, 21]","[89, 170, 171]","[178, 6, 177]","[97, 98, 115]"
2399,"[30, 14, 74]","[113, 112, 111]","[115, 10, 114]","[158, 144, 145]","[130, 50, 49]","[94, 70, 93]","[83, 20, 22]","[65, 35, 37]","[1, 125, 129]","[93, 142, 94]","[0, 17, 18]","[158, 83, 80]"
2400,"[178, 51, 158]","[132, 131, 133]","[180, 12, 152]","[169, 170, 171]","[180, 52, 71]","[170, 169, 29]","[174, 47, 173]","[146, 12, 13]","[109, 73, 108]","[144, 25, 24]","[33, 27, 26]","[113, 114, 108]"
2401,"[8, 152, 173]","[29, 129, 21]","[169, 25, 166]","[66, 64, 65]","[21, 29, 19]","[2, 3, 1]","[172, 147, 117]","[13, 125, 14]","[30, 11, 13]","[170, 54, 172]","[65, 59, 64]","[115, 122, 93]"
2402,"[63, 166, 61]","[22, 29, 23]","[6, 73, 7]","[114, 119, 115]","[62, 106, 48]","[134, 161, 162]","[126, 62, 125]","[30, 77, 80]","[84, 122, 78]","[8, 7, 154]","[22, 11, 23]","[177, 178, 176]"
2403,"[14, 158, 12]","[38, 94, 161]","[123, 9, 11]","[166, 139, 165]","[30, 151, 28]","[117, 116, 118]","[21, 41, 22]","[180, 179, 15]","[45, 14, 44]","[174, 117, 175]","[0, 16, 1]","[163, 162, 33]"
2404,"[102, 137, 123]","[175, 178, 38]","[126, 11, 118]","[88, 89, 90]","[124, 5, 112]","[90, 106, 89]","[173, 29, 165]","[180, 179, 66]","[0, 111, 4]","[86, 88, 89]","[37, 5, 41]","[121, 54, 122]"
2405,"[156, 40, 39]","[143, 31, 142]","[119, 69, 81]","[35, 13, 34]","[97, 55, 82]","[104, 106, 105]","[38, 173, 121]","[155, 156, 179]","[55, 97, 98]","[157, 107, 19]","[36, 30, 26]","[111, 114, 123]"
2406,"[80, 135, 81]","[154, 155, 21]","[43, 98, 2]","[130, 133, 129]","[110, 23, 111]","[9, 131, 74]","[142, 31, 30]","[55, 54, 134]","[23, 110, 24]","[75, 74, 76]","[18, 10, 19]","[115, 54, 120]"
2407,"[180, 41, 176]","[23, 24, 131]","[27, 109, 49]","[118, 75, 18]","[8, 24, 7]","[163, 164, 165]","[67, 105, 66]","[132, 36, 118]","[3, 104, 0]","[70, 69, 131]","[33, 39, 40]","[118, 108, 124]"
2408,"[26, 170, 172]","[40, 38, 151]","[12, 94, 11]","[103, 38, 104]","[66, 130, 128]","[159, 40, 41]","[178, 50, 131]","[16, 32, 31]","[77, 156, 76]","[113, 161, 40]","[178, 140, 179]","[96, 97, 98]"
2409,"[21, 45, 22]","[153, 137, 138]","[41, 122, 119]","[109, 168, 102]","[51, 151, 150]","[79, 155, 154]","[60, 122, 59]","[150, 148, 0]","[0, 14, 170]","[155, 88, 156]","[2, 39, 8]","[23, 24, 28]"
2410,"[78, 116, 115]","[41, 42, 179]","[10, 34, 33]","[132, 134, 133]","[123, 63, 64]","[161, 167, 158]","[166, 11, 165]","[95, 96, 108]","[121, 63, 81]","[41, 1, 39]","[44, 37, 36]","[125, 129, 127]"
2411,"[131, 151, 0]","[105, 97, 167]","[30, 149, 135]","[122, 125, 126]","[48, 164, 47]","[67, 61, 62]","[124, 15, 115]","[41, 102, 101]","[154, 88, 153]","[66, 62, 67]","[69, 59, 64]","[173, 176, 175]"
2412,"[156, 13, 18]","[178, 3, 177]","[83, 162, 163]","[56, 57, 55]","[36, 99, 35]","[55, 54, 62]","[34, 120, 119]","[161, 83, 19]","[38, 99, 36]","[125, 134, 122]","[180, 19, 174]","[30, 64, 73]"
2413,"[26, 170, 172]","[83, 82, 80]","[98, 25, 97]","[90, 176, 72]","[3, 164, 4]","[41, 55, 56]","[100, 55, 31]","[79, 80, 83]","[2, 163, 69]","[19, 138, 85]","[47, 3, 17]","[78, 77, 116]"
2414,"[106, 168, 109]","[47, 34, 128]","[16, 110, 17]","[161, 152, 123]","[1, 99, 0]","[124, 126, 125]","[104, 82, 81]","[28, 141, 27]","[0, 98, 1]","[124, 126, 125]","[93, 11, 94]","[130, 128, 129]"
2415,"[6, 153, 71]","[57, 56, 50]","[179, 137, 180]","[28, 104, 83]","[100, 2, 3]","[117, 48, 12]","[153, 9, 10]","[82, 85, 81]","[0, 101, 139]","[55, 48, 117]","[52, 58, 17]","[83, 75, 76]"
2416,"[158, 14, 157]","[25, 24, 29]","[170, 85, 87]","[39, 113, 114]","[13, 93, 14]","[39, 4, 169]","[66, 134, 133]","[17, 16, 18]","[71, 167, 89]","[39, 157, 52]","[127, 133, 126]","[0, 173, 2]"
2417,"[156, 23, 157]","[168, 171, 169]","[139, 179, 169]","[27, 26, 56]","[149, 27, 26]","[73, 68, 67]","[11, 34, 33]","[118, 114, 119]","[179, 35, 178]","[69, 71, 107]","[46, 40, 45]","[54, 7, 53]"
2418,"[170, 13, 167]","[131, 127, 130]","[99, 52, 46]","[61, 63, 77]","[142, 22, 23]","[33, 45, 128]","[78, 133, 76]","[90, 87, 86]","[178, 148, 179]","[126, 122, 125]","[48, 123, 31]","[66, 82, 65]"
2419,"[96, 144, 95]","[160, 47, 3]","[117, 19, 119]","[127, 29, 143]","[63, 133, 35]","[178, 174, 43]","[88, 55, 144]","[79, 117, 70]","[88, 38, 149]","[169, 168, 167]","[180, 18, 179]","[98, 97, 96]"
2420,"[45, 75, 46]","[104, 25, 26]","[180, 56, 106]","[146, 145, 24]","[29, 11, 176]","[87, 86, 83]","[59, 115, 56]","[2, 3, 5]","[180, 36, 31]","[84, 122, 121]","[4, 14, 3]","[106, 127, 70]"
2421,"[40, 114, 38]","[55, 56, 45]","[139, 111, 125]","[95, 62, 59]","[0, 126, 170]","[117, 71, 73]","[164, 104, 75]","[82, 0, 83]","[179, 79, 178]","[35, 36, 64]","[34, 101, 92]","[141, 140, 60]"
2422,"[55, 67, 56]","[112, 146, 147]","[7, 148, 153]","[44, 42, 90]","[112, 136, 135]","[38, 36, 43]","[69, 103, 129]","[29, 57, 30]","[129, 105, 128]","[43, 40, 33]","[5, 40, 7]","[153, 152, 155]"
2423,"[4, 172, 173]","[15, 106, 69]","[11, 137, 51]","[156, 0, 1]","[21, 112, 113]","[150, 149, 137]","[10, 105, 173]","[144, 145, 146]","[22, 113, 42]","[89, 138, 125]","[0, 19, 1]","[101, 53, 42]"
2424,"[157, 44, 83]","[178, 177, 179]","[36, 108, 107]","[14, 15, 45]","[51, 162, 52]","[72, 82, 88]","[180, 38, 37]","[34, 13, 32]","[30, 165, 31]","[47, 137, 86]","[27, 34, 26]","[180, 178, 39]"
2425,"[8, 179, 9]","[22, 23, 21]","[173, 129, 174]","[6, 48, 83]","[72, 80, 3]","[34, 35, 149]","[4, 102, 101]","[22, 120, 145]","[80, 72, 180]","[143, 35, 145]","[4, 14, 178]","[147, 148, 146]"
2426,"[180, 99, 98]","[129, 172, 156]","[108, 19, 15]","[54, 55, 53]","[7, 139, 138]","[37, 164, 39]","[109, 148, 176]","[14, 13, 12]","[140, 8, 139]","[58, 59, 60]","[24, 10, 23]","[126, 49, 45]"
2427,"[159, 68, 67]","[128, 5, 6]","[0, 113, 128]","[166, 144, 87]","[34, 145, 35]","[49, 89, 50]","[43, 148, 147]","[94, 17, 10]","[93, 27, 94]","[46, 110, 124]","[10, 24, 23]","[129, 128, 59]"
2428,"[174, 82, 77]","[126, 159, 121]","[73, 14, 72]","[130, 119, 120]","[65, 72, 27]","[164, 47, 95]","[96, 138, 94]","[121, 37, 120]","[60, 29, 73]","[164, 171, 172]","[0, 14, 6]","[161, 156, 158]"
2429,"[86, 174, 34]","[100, 102, 95]","[174, 108, 172]","[17, 52, 53]","[102, 172, 170]","[34, 129, 6]","[140, 162, 161]","[53, 58, 54]","[103, 169, 170]","[18, 19, 17]","[23, 9, 22]","[102, 101, 57]"
2430,"[140, 16, 180]","[74, 125, 73]","[180, 171, 179]","[77, 73, 76]","[122, 92, 179]","[157, 152, 151]","[15, 77, 65]","[170, 25, 169]","[26, 4, 27]","[132, 89, 135]","[41, 9, 42]","[3, 107, 60]"
2431,"[112, 64, 63]","[88, 90, 92]","[27, 148, 57]","[176, 118, 177]","[95, 23, 52]","[112, 109, 110]","[29, 173, 28]","[139, 135, 136]","[19, 91, 90]","[112, 113, 55]","[26, 12, 3]","[134, 89, 133]"
2432,"[159, 153, 160]","[88, 114, 67]","[21, 167, 22]","[44, 43, 109]","[113, 134, 112]","[42, 76, 75]","[7, 79, 160]","[122, 176, 121]","[178, 106, 177]","[0, 4, 54]","[1, 15, 0]","[94, 63, 110]"
2433,"[20, 122, 124]","[112, 47, 110]","[71, 133, 130]","[6, 122, 123]","[114, 91, 115]","[46, 45, 3]","[149, 87, 127]","[5, 29, 41]","[114, 91, 113]","[2, 127, 17]","[1, 55, 4]","[151, 177, 153]"
2434,"[5, 33, 4]","[147, 148, 146]","[16, 107, 17]","[98, 97, 0]","[103, 51, 47]","[158, 157, 159]","[150, 171, 172]","[149, 177, 178]","[20, 47, 46]","[65, 64, 66]","[21, 4, 5]","[97, 92, 98]"
2435,"[129, 150, 14]","[67, 66, 64]","[87, 120, 117]","[39, 40, 41]","[129, 7, 42]","[127, 109, 24]","[165, 123, 166]","[137, 30, 136]","[74, 13, 75]","[127, 128, 89]","[70, 64, 58]","[94, 93, 92]"
2436,"[180, 88, 179]","[71, 66, 68]","[176, 114, 177]","[162, 84, 168]","[6, 141, 90]","[125, 126, 127]","[142, 59, 57]","[2, 7, 6]","[78, 136, 134]","[150, 151, 119]","[31, 21, 30]","[168, 171, 161]"
2437,"[8, 152, 3]","[174, 142, 141]","[18, 131, 126]","[112, 73, 113]","[97, 16, 98]","[134, 133, 138]","[90, 19, 89]","[14, 11, 10]","[92, 128, 67]","[156, 157, 155]","[0, 9, 1]","[68, 104, 67]"
2438,"[129, 62, 105]","[115, 75, 113]","[19, 156, 157]","[0, 76, 56]","[69, 126, 68]","[48, 160, 49]","[176, 121, 71]","[136, 135, 148]","[77, 10, 78]","[49, 48, 90]","[147, 114, 146]","[77, 75, 68]"
2439,"[8, 62, 63]","[30, 153, 152]","[121, 52, 122]","[5, 154, 155]","[20, 164, 165]","[54, 76, 78]","[84, 176, 178]","[121, 122, 117]","[90, 159, 158]","[5, 4, 8]","[156, 150, 157]","[56, 57, 59]"
2440,"[70, 26, 71]","[46, 47, 38]","[39, 12, 38]","[29, 28, 30]","[99, 10, 98]","[148, 140, 79]","[18, 61, 55]","[8, 4, 5]","[180, 31, 112]","[51, 123, 124]","[8, 2, 3]","[156, 17, 105]"
2441,"[128, 154, 47]","[109, 110, 111]","[159, 20, 157]","[62, 113, 111]","[2, 19, 3]","[160, 53, 158]","[111, 39, 38]","[15, 140, 21]","[21, 15, 20]","[41, 39, 38]","[0, 9, 1]","[107, 108, 56]"
2442,"[180, 39, 168]","[74, 107, 108]","[72, 13, 71]","[120, 119, 118]","[132, 56, 147]","[96, 144, 81]","[137, 13, 134]","[36, 121, 169]","[55, 131, 54]","[144, 96, 97]","[0, 6, 169]","[90, 89, 88]"
2443,"[10, 47, 11]","[64, 3, 154]","[9, 51, 50]","[128, 124, 140]","[159, 15, 151]","[50, 92, 83]","[25, 175, 24]","[134, 115, 156]","[148, 4, 3]","[136, 137, 51]","[158, 152, 159]","[54, 55, 53]"
2444,"[4, 64, 139]","[19, 18, 156]","[83, 8, 82]","[101, 103, 157]","[26, 83, 25]","[173, 175, 172]","[108, 84, 107]","[153, 152, 132]","[169, 25, 171]","[47, 1, 2]","[20, 13, 21]","[163, 165, 164]"
2445,"[61, 82, 102]","[115, 114, 133]","[29, 12, 13]","[87, 58, 86]","[161, 17, 162]","[124, 126, 123]","[123, 45, 125]","[100, 97, 96]","[163, 19, 161]","[126, 127, 125]","[67, 73, 68]","[102, 150, 151]"
2446,"[54, 120, 51]","[20, 148, 45]","[144, 121, 143]","[18, 163, 0]","[136, 112, 111]","[160, 46, 19]","[140, 167, 54]","[2, 39, 97]","[114, 85, 87]","[11, 14, 163]","[154, 9, 155]","[72, 71, 73]"
2447,"[38, 101, 108]","[0, 64, 15]","[85, 118, 117]","[168, 139, 138]","[118, 164, 165]","[157, 156, 15]","[112, 178, 39]","[44, 45, 61]","[118, 164, 119]","[12, 100, 15]","[0, 10, 11]","[57, 123, 58]"
2448,"[142, 81, 82]","[10, 11, 13]","[84, 13, 85]","[152, 116, 115]","[52, 32, 148]","[127, 125, 126]","[35, 102, 40]","[55, 56, 58]","[148, 175, 147]","[106, 90, 107]","[165, 167, 166]","[164, 162, 163]"
2449,"[162, 72, 51]","[174, 118, 173]","[59, 28, 147]","[175, 163, 15]","[44, 61, 144]","[80, 64, 153]","[37, 88, 35]","[133, 135, 153]","[49, 162, 48]","[63, 64, 43]","[133, 127, 134]","[48, 50, 53]"
2450,"[34, 28, 29]","[45, 5, 3]","[33, 173, 174]","[61, 60, 63]","[164, 20, 24]","[48, 132, 95]","[57, 158, 56]","[21, 20, 121]","[10, 87, 173]","[135, 136, 134]","[180, 19, 20]","[60, 59, 61]"
2451,"[26, 48, 145]","[119, 86, 87]","[135, 62, 119]","[76, 171, 74]","[129, 141, 1]","[157, 145, 42]","[166, 22, 21]","[88, 137, 140]","[109, 57, 108]","[6, 5, 10]","[5, 99, 0]","[130, 131, 129]"
2452,"[166, 22, 19]","[114, 115, 116]","[146, 35, 145]","[59, 58, 51]","[3, 128, 1]","[116, 115, 154]","[101, 39, 37]","[144, 28, 48]","[3, 128, 177]","[116, 100, 54]","[1, 8, 0]","[92, 91, 94]"
2453,"[74, 44, 54]","[113, 112, 15]","[82, 176, 157]","[127, 126, 34]","[64, 5, 180]","[39, 38, 99]","[171, 27, 26]","[53, 52, 55]","[121, 53, 52]","[39, 38, 29]","[2, 34, 12]","[40, 60, 61]"
2454,"[24, 168, 23]","[54, 104, 46]","[39, 164, 40]","[170, 57, 177]","[111, 17, 80]","[26, 140, 53]","[75, 122, 173]","[109, 108, 107]","[166, 122, 168]","[0, 35, 37]","[158, 152, 154]","[36, 37, 54]"
2455,"[6, 17, 142]","[83, 138, 85]","[98, 162, 94]","[115, 117, 118]","[28, 149, 150]","[51, 62, 61]","[156, 43, 155]","[148, 147, 150]","[28, 149, 29]","[46, 45, 47]","[85, 47, 84]","[106, 109, 105]"
2456,"[69, 174, 68]","[43, 92, 93]","[55, 132, 131]","[88, 90, 92]","[174, 131, 173]","[37, 31, 36]","[60, 12, 58]","[31, 130, 24]","[173, 130, 172]","[89, 90, 37]","[53, 45, 50]","[58, 130, 101]"
2457,"[31, 11, 30]","[107, 81, 80]","[148, 172, 147]","[108, 107, 109]","[31, 129, 80]","[5, 15, 98]","[171, 13, 12]","[156, 110, 157]","[175, 168, 146]","[48, 15, 45]","[180, 173, 174]","[86, 67, 52]"
2458,"[147, 128, 130]","[102, 38, 103]","[9, 99, 98]","[31, 5, 104]","[5, 132, 4]","[28, 27, 104]","[18, 60, 21]","[113, 112, 114]","[126, 175, 131]","[29, 27, 36]","[19, 9, 0]","[118, 117, 122]"
2459,"[15, 159, 12]","[141, 91, 1]","[20, 3, 10]","[63, 89, 64]","[22, 134, 133]","[107, 108, 154]","[76, 128, 77]","[134, 94, 95]","[163, 14, 65]","[71, 168, 171]","[46, 138, 45]","[172, 173, 174]"
2460,"[30, 140, 31]","[100, 110, 101]","[162, 105, 31]","[144, 46, 75]","[95, 67, 94]","[131, 132, 136]","[124, 153, 39]","[70, 71, 72]","[86, 107, 108]","[153, 151, 152]","[90, 84, 83]","[101, 102, 100]"
2461,"[60, 135, 133]","[167, 166, 2]","[74, 25, 78]","[10, 9, 179]","[139, 71, 23]","[38, 39, 126]","[37, 143, 38]","[62, 139, 61]","[174, 67, 54]","[73, 76, 74]","[144, 138, 137]","[76, 75, 156]"
2462,"[175, 114, 113]","[145, 146, 34]","[172, 179, 180]","[152, 56, 151]","[28, 145, 175]","[131, 93, 132]","[43, 67, 44]","[31, 155, 172]","[8, 150, 7]","[72, 84, 133]","[7, 13, 8]","[149, 139, 57]"
2463,"[149, 125, 40]","[77, 169, 78]","[72, 162, 7]","[40, 39, 99]","[99, 154, 153]","[121, 134, 133]","[0, 42, 63]","[113, 114, 117]","[99, 154, 153]","[37, 39, 38]","[160, 168, 161]","[53, 54, 52]"
2464,"[152, 173, 176]","[43, 42, 46]","[23, 154, 153]","[168, 120, 104]","[60, 118, 110]","[179, 180, 33]","[167, 173, 168]","[136, 61, 121]","[30, 59, 120]","[180, 115, 50]","[37, 16, 38]","[102, 101, 100]"
2465,"[112, 32, 29]","[140, 136, 139]","[20, 110, 109]","[45, 48, 44]","[0, 81, 160]","[107, 23, 111]","[95, 63, 61]","[173, 171, 172]","[0, 81, 59]","[26, 27, 25]","[171, 177, 170]","[65, 66, 68]"
2466,"[1, 174, 74]","[62, 61, 60]","[39, 95, 94]","[135, 136, 70]","[59, 7, 30]","[158, 159, 169]","[57, 11, 177]","[1, 53, 0]","[60, 8, 59]","[152, 112, 151]","[0, 9, 6]","[106, 89, 10]"
2467,"[158, 109, 110]","[71, 45, 72]","[79, 8, 5]","[104, 105, 102]","[125, 10, 124]","[56, 46, 55]","[48, 174, 129]","[16, 17, 19]","[105, 165, 164]","[143, 56, 57]","[49, 43, 42]","[125, 105, 106]"
2468,"[2, 150, 96]","[92, 91, 122]","[150, 96, 148]","[23, 26, 24]","[71, 139, 138]","[128, 129, 42]","[141, 10, 11]","[127, 46, 47]","[87, 100, 86]","[128, 129, 130]","[154, 52, 51]","[153, 99, 98]"
2469,"[180, 32, 134]","[90, 89, 54]","[73, 177, 8]","[92, 95, 93]","[146, 171, 152]","[130, 131, 132]","[120, 153, 119]","[81, 80, 82]","[153, 166, 154]","[56, 55, 28]","[33, 21, 22]","[96, 105, 95]"
2470,"[154, 9, 7]","[167, 105, 112]","[43, 6, 7]","[178, 179, 180]","[93, 157, 92]","[52, 173, 51]","[33, 140, 126]","[171, 170, 6]","[162, 4, 0]","[126, 127, 123]","[72, 122, 120]","[31, 30, 33]"
2471,"[180, 3, 109]","[42, 154, 18]","[56, 83, 55]","[45, 133, 44]","[78, 52, 79]","[111, 65, 109]","[170, 33, 32]","[27, 114, 115]","[57, 141, 131]","[111, 110, 66]","[180, 174, 173]","[121, 122, 139]"
2472,"[37, 1, 36]","[109, 104, 107]","[90, 13, 51]","[173, 174, 128]","[43, 134, 42]","[58, 159, 60]","[112, 18, 13]","[102, 174, 9]","[131, 40, 41]","[57, 58, 61]","[0, 13, 5]","[60, 87, 48]"
2473,"[171, 158, 173]","[42, 35, 47]","[47, 14, 48]","[172, 118, 176]","[8, 14, 15]","[66, 75, 70]","[85, 57, 78]","[144, 145, 153]","[179, 168, 180]","[115, 154, 91]","[149, 155, 148]","[12, 10, 11]"
2474,"[158, 69, 95]","[59, 56, 57]","[84, 167, 0]","[55, 48, 46]","[179, 30, 72]","[79, 80, 102]","[21, 126, 144]","[6, 5, 4]","[76, 179, 81]","[161, 163, 160]","[165, 171, 167]","[45, 46, 47]"
2475,"[173, 10, 174]","[159, 158, 167]","[125, 11, 147]","[177, 69, 180]","[27, 16, 17]","[163, 162, 178]","[114, 174, 173]","[59, 60, 61]","[118, 18, 26]","[39, 145, 99]","[46, 52, 45]","[23, 24, 25]"
2476,"[31, 114, 4]","[82, 137, 138]","[49, 132, 48]","[153, 152, 154]","[134, 43, 135]","[176, 177, 114]","[35, 100, 99]","[72, 71, 70]","[18, 109, 108]","[65, 66, 180]","[12, 6, 0]","[17, 142, 167]"
2477,"[38, 157, 90]","[123, 122, 121]","[30, 158, 29]","[122, 88, 118]","[101, 125, 126]","[131, 114, 144]","[101, 143, 102]","[36, 31, 171]","[99, 123, 102]","[85, 45, 84]","[0, 6, 7]","[136, 160, 50]"
2478,"[4, 24, 1]","[103, 104, 107]","[43, 110, 164]","[95, 137, 141]","[13, 34, 35]","[154, 153, 155]","[35, 139, 34]","[17, 169, 159]","[46, 25, 43]","[153, 133, 50]","[174, 168, 175]","[66, 67, 68]"
2479,"[27, 62, 26]","[31, 37, 36]","[71, 14, 96]","[176, 55, 180]","[0, 29, 1]","[61, 62, 142]","[78, 164, 166]","[30, 31, 21]","[174, 3, 5]","[160, 142, 154]","[27, 8, 26]","[66, 137, 136]"
2480,"[28, 172, 29]","[101, 103, 102]","[179, 71, 180]","[48, 122, 44]","[126, 11, 124]","[106, 103, 96]","[46, 122, 121]","[107, 37, 36]","[11, 126, 9]","[100, 102, 99]","[99, 70, 98]","[7, 6, 4]"
2481,"[153, 9, 21]","[87, 86, 84]","[22, 170, 23]","[131, 134, 133]","[5, 14, 15]","[51, 49, 57]","[161, 169, 162]","[31, 32, 17]","[139, 92, 140]","[38, 40, 39]","[102, 148, 150]","[64, 126, 125]"
2482,"[61, 161, 84]","[26, 27, 34]","[5, 69, 6]","[170, 142, 168]","[149, 9, 154]","[98, 100, 97]","[39, 77, 40]","[9, 10, 25]","[129, 84, 128]","[97, 98, 100]","[8, 23, 9]","[95, 131, 96]"
2483,"[41, 56, 42]","[130, 137, 48]","[171, 60, 170]","[129, 126, 127]","[153, 58, 152]","[120, 121, 116]","[72, 132, 71]","[147, 163, 146]","[161, 34, 58]","[124, 125, 0]","[38, 32, 39]","[159, 154, 153]"
2484,"[33, 96, 34]","[54, 56, 57]","[101, 169, 102]","[14, 145, 12]","[131, 98, 105]","[56, 59, 58]","[59, 94, 58]","[41, 42, 43]","[30, 124, 49]","[166, 175, 168]","[180, 174, 173]","[120, 106, 107]"
2485,"[1, 18, 0]","[108, 96, 148]","[24, 170, 169]","[82, 84, 78]","[155, 59, 117]","[77, 18, 72]","[175, 34, 174]","[136, 124, 0]","[111, 165, 166]","[150, 70, 25]","[3, 57, 0]","[156, 157, 158]"
2486,"[103, 46, 45]","[123, 166, 171]","[26, 170, 172]","[92, 94, 121]","[171, 49, 47]","[17, 23, 159]","[63, 37, 38]","[86, 112, 85]","[47, 169, 48]","[17, 66, 23]","[173, 167, 174]","[20, 22, 19]"
2487,"[173, 165, 166]","[23, 97, 95]","[157, 164, 158]","[100, 44, 96]","[173, 15, 175]","[129, 128, 167]","[76, 10, 180]","[35, 43, 44]","[173, 15, 172]","[128, 48, 167]","[79, 71, 63]","[53, 52, 51]"
2488,"[108, 22, 107]","[34, 35, 174]","[105, 140, 104]","[178, 179, 33]","[106, 4, 3]","[37, 38, 39]","[105, 146, 147]","[19, 18, 50]","[3, 106, 70]","[153, 51, 99]","[137, 145, 136]","[76, 177, 4]"
2489,"[22, 175, 116]","[2, 152, 156]","[15, 50, 58]","[167, 143, 38]","[25, 74, 75]","[16, 13, 17]","[132, 111, 133]","[23, 18, 22]","[5, 65, 72]","[14, 15, 13]","[1, 18, 0]","[151, 149, 150]"
2490,"[22, 149, 148]","[158, 119, 120]","[142, 32, 31]","[48, 77, 45]","[34, 95, 94]","[173, 177, 169]","[143, 123, 125]","[61, 102, 162]","[95, 34, 94]","[128, 147, 142]","[17, 23, 24]","[117, 116, 115]"
2491,"[27, 145, 74]","[19, 47, 82]","[157, 58, 90]","[30, 141, 142]","[94, 9, 95]","[119, 74, 38]","[150, 108, 106]","[114, 113, 71]","[94, 9, 16]","[43, 42, 34]","[1, 21, 0]","[70, 166, 68]"
2492,"[29, 173, 40]","[54, 108, 107]","[1, 9, 4]","[149, 155, 159]","[36, 53, 69]","[141, 151, 150]","[80, 113, 94]","[36, 147, 146]","[178, 9, 130]","[113, 17, 112]","[18, 6, 17]","[156, 95, 155]"
2493,"[44, 13, 128]","[95, 90, 93]","[36, 103, 65]","[135, 74, 73]","[2, 143, 3]","[50, 152, 155]","[0, 163, 154]","[131, 126, 78]","[159, 31, 30]","[128, 129, 113]","[160, 166, 159]","[72, 71, 37]"
2494,"[134, 29, 135]","[107, 172, 84]","[167, 88, 89]","[58, 12, 176]","[128, 7, 77]","[96, 103, 97]","[36, 168, 37]","[131, 138, 137]","[16, 77, 66]","[55, 97, 96]","[108, 102, 101]","[164, 178, 163]"
2495,"[45, 73, 49]","[105, 104, 160]","[180, 151, 149]","[15, 83, 1]","[177, 117, 77]","[30, 31, 29]","[97, 129, 103]","[147, 148, 29]","[116, 177, 75]","[30, 31, 26]","[16, 9, 1]","[17, 69, 75]"
2496,"[0, 26, 1]","[136, 135, 128]","[41, 76, 21]","[104, 98, 103]","[107, 47, 106]","[164, 57, 58]","[20, 133, 102]","[21, 23, 22]","[39, 67, 49]","[83, 140, 23]","[31, 55, 30]","[27, 26, 137]"
2497,"[87, 133, 86]","[38, 17, 39]","[24, 168, 62]","[94, 175, 120]","[16, 160, 14]","[74, 45, 69]","[135, 111, 112]","[92, 91, 93]","[158, 14, 160]","[72, 74, 70]","[28, 10, 11]","[37, 38, 39]"
2498,"[20, 28, 27]","[138, 137, 141]","[87, 171, 80]","[11, 84, 110]","[1, 148, 153]","[165, 167, 169]","[177, 126, 178]","[15, 13, 12]","[17, 10, 18]","[163, 36, 125]","[147, 153, 146]","[50, 32, 49]"
2499,"[35, 141, 140]","[69, 41, 68]","[27, 166, 26]","[161, 86, 84]","[20, 164, 157]","[140, 90, 1]","[163, 84, 50]","[68, 146, 145]","[155, 11, 164]","[90, 79, 87]","[10, 20, 0]","[176, 114, 113]"
2500,"[29, 11, 30]","[129, 128, 127]","[147, 120, 121]","[162, 160, 161]","[175, 162, 174]","[83, 79, 120]","[47, 87, 86]","[7, 6, 8]","[56, 161, 58]","[79, 76, 78]","[169, 43, 170]","[105, 94, 165]"
2501,"[98, 50, 96]","[41, 43, 8]","[45, 164, 127]","[173, 172, 174]","[96, 125, 79]","[72, 70, 71]","[131, 31, 130]","[175, 52, 174]","[127, 12, 11]","[167, 163, 179]","[55, 49, 54]","[173, 174, 101]"
2502,"[40, 47, 41]","[112, 113, 74]","[14, 107, 15]","[72, 132, 170]","[44, 63, 43]","[171, 172, 170]","[107, 169, 176]","[95, 96, 73]","[45, 145, 63]","[170, 171, 168]","[6, 20, 2]","[137, 136, 90]"
2503,"[155, 161, 158]","[88, 89, 65]","[3, 167, 4]","[173, 172, 174]","[38, 173, 51]","[29, 28, 87]","[66, 113, 65]","[31, 32, 30]","[114, 38, 95]","[30, 31, 1]","[170, 176, 168]","[63, 90, 64]"
2504,"[103, 134, 141]","[178, 179, 177]","[169, 86, 168]","[53, 58, 46]","[114, 174, 115]","[34, 35, 33]","[174, 93, 152]","[51, 52, 50]","[163, 62, 161]","[81, 34, 41]","[145, 4, 3]","[106, 107, 31]"
2505,"[153, 177, 160]","[73, 74, 79]","[4, 116, 3]","[79, 171, 77]","[18, 136, 137]","[82, 77, 42]","[17, 132, 19]","[79, 151, 152]","[130, 13, 129]","[80, 81, 79]","[0, 10, 1]","[77, 86, 87]"
2506,"[83, 31, 25]","[95, 66, 151]","[146, 134, 147]","[66, 65, 67]","[26, 126, 32]","[56, 158, 82]","[54, 165, 53]","[9, 4, 8]","[173, 54, 55]","[10, 149, 11]","[105, 3, 55]","[172, 133, 31]"
2507,"[5, 155, 153]","[116, 117, 115]","[160, 16, 161]","[142, 141, 100]","[11, 152, 10]","[112, 110, 5]","[85, 56, 55]","[177, 125, 169]","[138, 109, 139]","[112, 38, 1]","[110, 104, 101]","[114, 75, 76]"
2508,"[16, 79, 11]","[128, 130, 129]","[57, 107, 82]","[140, 143, 93]","[92, 42, 178]","[23, 27, 24]","[180, 87, 63]","[25, 24, 123]","[32, 166, 33]","[5, 4, 8]","[100, 149, 148]","[52, 53, 51]"
2509,"[106, 58, 19]","[0, 39, 1]","[95, 74, 96]","[153, 152, 29]","[82, 155, 81]","[172, 171, 174]","[57, 161, 110]","[147, 176, 39]","[149, 12, 148]","[51, 52, 50]","[0, 9, 1]","[163, 165, 164]"
2510,"[175, 140, 174]","[122, 121, 62]","[78, 7, 79]","[167, 142, 140]","[80, 40, 79]","[30, 33, 28]","[166, 38, 168]","[104, 80, 81]","[40, 80, 81]","[179, 31, 170]","[36, 42, 43]","[172, 96, 171]"
2511,"[52, 117, 75]","[151, 150, 6]","[174, 66, 157]","[84, 83, 32]","[46, 79, 47]","[61, 122, 147]","[63, 145, 64]","[89, 32, 86]","[56, 164, 46]","[144, 145, 147]","[158, 152, 159]","[42, 25, 56]"
2512,"[97, 9, 99]","[176, 174, 30]","[180, 135, 28]","[18, 17, 125]","[29, 173, 28]","[125, 179, 123]","[101, 130, 99]","[22, 24, 86]","[50, 176, 49]","[79, 124, 125]","[2, 113, 3]","[164, 92, 165]"
2513,"[112, 28, 29]","[56, 130, 152]","[94, 168, 169]","[67, 68, 70]","[160, 93, 94]","[153, 128, 9]","[166, 172, 79]","[180, 4, 3]","[19, 109, 18]","[151, 153, 152]","[1, 7, 0]","[149, 148, 147]"
2514,"[112, 33, 17]","[133, 176, 134]","[154, 115, 155]","[35, 37, 106]","[19, 152, 103]","[72, 71, 70]","[178, 21, 19]","[109, 138, 153]","[50, 26, 49]","[158, 65, 137]","[49, 168, 0]","[155, 106, 98]"
2515,"[68, 21, 69]","[112, 126, 129]","[91, 77, 92]","[44, 138, 62]","[17, 7, 160]","[177, 178, 176]","[83, 33, 84]","[135, 136, 166]","[53, 97, 26]","[154, 10, 14]","[31, 124, 125]","[34, 110, 33]"
2516,"[49, 123, 48]","[88, 89, 90]","[27, 171, 173]","[100, 121, 44]","[137, 73, 72]","[105, 108, 27]","[102, 148, 151]","[20, 90, 179]","[166, 146, 70]","[105, 108, 97]","[0, 6, 71]","[90, 87, 84]"
2517,"[164, 19, 172]","[77, 78, 79]","[94, 116, 50]","[160, 0, 1]","[6, 124, 125]","[135, 76, 14]","[83, 35, 84]","[117, 66, 65]","[160, 80, 81]","[106, 107, 101]","[124, 82, 125]","[173, 174, 36]"
2518,"[4, 137, 3]","[107, 106, 102]","[93, 11, 20]","[76, 105, 48]","[52, 103, 100]","[140, 77, 78]","[103, 179, 177]","[9, 152, 151]","[126, 51, 176]","[3, 2, 11]","[175, 167, 168]","[46, 45, 44]"
2519,"[94, 159, 160]","[178, 177, 179]","[3, 94, 93]","[88, 87, 111]","[9, 124, 10]","[65, 47, 156]","[35, 12, 36]","[7, 6, 3]","[24, 99, 23]","[114, 111, 115]","[113, 174, 179]","[63, 62, 144]"
2520,"[9, 28, 26]","[73, 74, 80]","[158, 111, 157]","[48, 49, 50]","[18, 162, 17]","[144, 180, 109]","[151, 111, 150]","[179, 146, 178]","[150, 6, 151]","[27, 29, 28]","[110, 101, 118]","[172, 173, 171]"
2521,"[85, 106, 48]","[15, 79, 11]","[153, 172, 171]","[83, 76, 78]","[154, 118, 116]","[63, 72, 71]","[112, 162, 111]","[66, 67, 65]","[39, 127, 40]","[130, 131, 77]","[172, 166, 173]","[97, 98, 100]"
2522,"[75, 160, 76]","[119, 123, 116]","[132, 75, 151]","[34, 35, 86]","[92, 67, 69]","[47, 46, 137]","[175, 141, 180]","[38, 35, 36]","[75, 101, 73]","[2, 1, 0]","[0, 26, 29]","[80, 141, 51]"
2523,"[22, 110, 111]","[68, 66, 65]","[30, 131, 29]","[142, 143, 180]","[158, 17, 18]","[61, 62, 60]","[66, 7, 68]","[98, 30, 22]","[158, 17, 18]","[67, 68, 65]","[79, 162, 78]","[108, 110, 97]"
2524,"[147, 125, 148]","[77, 51, 50]","[162, 18, 161]","[146, 144, 145]","[180, 122, 115]","[86, 87, 85]","[166, 138, 167]","[174, 29, 40]","[18, 130, 131]","[86, 87, 85]","[117, 130, 118]","[157, 159, 158]"
2525,"[172, 28, 27]","[121, 123, 129]","[55, 105, 104]","[92, 93, 90]","[22, 171, 17]","[177, 71, 151]","[171, 50, 172]","[11, 0, 15]","[167, 17, 166]","[177, 176, 93]","[0, 20, 21]","[97, 34, 33]"
2526,"[180, 173, 179]","[93, 56, 92]","[29, 78, 30]","[55, 145, 113]","[154, 11, 12]","[175, 174, 173]","[155, 166, 165]","[22, 122, 14]","[71, 95, 96]","[14, 46, 34]","[5, 173, 172]","[21, 23, 22]"
2527,"[45, 11, 44]","[117, 118, 91]","[154, 74, 153]","[93, 134, 20]","[169, 9, 168]","[53, 90, 52]","[166, 38, 33]","[8, 12, 6]","[8, 168, 7]","[92, 90, 53]","[19, 4, 3]","[104, 105, 142]"
2528,"[156, 123, 4]","[102, 103, 179]","[72, 127, 78]","[48, 46, 47]","[0, 155, 2]","[109, 46, 47]","[4, 10, 3]","[53, 48, 49]","[142, 178, 177]","[65, 77, 110]","[146, 152, 147]","[122, 30, 31]"
2529,"[104, 29, 105]","[149, 147, 90]","[136, 172, 137]","[57, 56, 59]","[5, 144, 4]","[23, 19, 20]","[22, 161, 21]","[90, 142, 31]","[24, 124, 25]","[141, 82, 140]","[0, 29, 169]","[55, 150, 58]"
2530,"[165, 93, 92]","[44, 84, 85]","[122, 56, 63]","[171, 175, 96]","[15, 84, 64]","[156, 148, 155]","[146, 80, 133]","[55, 108, 19]","[146, 120, 145]","[154, 12, 13]","[2, 8, 10]","[153, 152, 151]"
2531,"[122, 74, 121]","[9, 37, 7]","[81, 109, 108]","[60, 94, 17]","[90, 128, 145]","[178, 180, 179]","[156, 13, 155]","[95, 50, 97]","[90, 128, 92]","[178, 180, 179]","[33, 39, 51]","[32, 31, 155]"
2532,"[25, 132, 46]","[109, 108, 107]","[84, 105, 107]","[48, 49, 124]","[4, 151, 26]","[49, 46, 48]","[162, 39, 42]","[99, 100, 87]","[4, 151, 36]","[79, 80, 49]","[36, 1, 35]","[56, 64, 62]"
2533,"[157, 35, 36]","[80, 70, 129]","[164, 144, 138]","[80, 83, 74]","[2, 159, 56]","[139, 118, 149]","[26, 129, 130]","[44, 43, 46]","[63, 135, 136]","[0, 40, 91]","[23, 69, 70]","[151, 143, 179]"
2534,"[26, 9, 25]","[115, 95, 96]","[152, 174, 173]","[4, 5, 7]","[17, 144, 145]","[63, 62, 32]","[86, 148, 81]","[111, 112, 110]","[1, 40, 0]","[103, 101, 102]","[16, 162, 163]","[108, 78, 68]"
2535,"[178, 145, 177]","[68, 4, 69]","[150, 27, 111]","[94, 95, 135]","[58, 22, 57]","[129, 130, 128]","[41, 146, 73]","[120, 91, 180]","[29, 35, 96]","[6, 2, 0]","[66, 60, 65]","[166, 90, 89]"
2536,"[150, 111, 170]","[74, 73, 75]","[128, 116, 129]","[30, 82, 60]","[180, 145, 116]","[70, 78, 77]","[180, 121, 120]","[5, 4, 83]","[116, 7, 120]","[104, 99, 98]","[3, 19, 18]","[22, 23, 21]"
2537,"[149, 72, 150]","[91, 0, 108]","[0, 117, 2]","[97, 96, 98]","[1, 72, 73]","[155, 158, 160]","[57, 30, 58]","[167, 5, 165]","[21, 106, 107]","[157, 27, 158]","[161, 155, 162]","[73, 128, 74]"
2538,"[22, 154, 21]","[141, 87, 173]","[38, 66, 37]","[55, 56, 77]","[24, 130, 131]","[45, 51, 44]","[10, 76, 75]","[46, 160, 44]","[89, 139, 135]","[16, 41, 109]","[166, 172, 173]","[56, 55, 57]"
2539,"[1, 120, 0]","[55, 14, 76]","[23, 11, 22]","[34, 50, 137]","[2, 121, 1]","[14, 33, 24]","[153, 22, 21]","[68, 17, 67]","[178, 112, 179]","[75, 74, 71]","[172, 11, 0]","[36, 82, 50]"
2540,"[109, 18, 106]","[130, 131, 129]","[49, 5, 50]","[56, 155, 156]","[51, 131, 130]","[23, 24, 21]","[170, 53, 169]","[136, 135, 130]","[132, 52, 53]","[25, 113, 37]","[36, 163, 35]","[56, 55, 113]"
2541,"[153, 142, 154]","[0, 126, 1]","[178, 7, 149]","[111, 113, 112]","[109, 12, 108]","[180, 93, 74]","[90, 19, 91]","[44, 61, 131]","[160, 13, 50]","[79, 88, 78]","[82, 88, 87]","[56, 58, 57]"
2542,"[22, 163, 26]","[54, 117, 120]","[114, 93, 115]","[24, 23, 11]","[124, 88, 29]","[18, 17, 16]","[112, 34, 110]","[175, 176, 17]","[146, 36, 145]","[16, 61, 62]","[2, 10, 6]","[147, 79, 127]"
2543,"[164, 61, 165]","[98, 126, 97]","[47, 119, 50]","[74, 72, 71]","[143, 82, 81]","[45, 44, 107]","[127, 61, 129]","[172, 57, 95]","[83, 144, 82]","[112, 111, 107]","[180, 174, 173]","[88, 89, 56]"
2544,"[21, 136, 22]","[82, 43, 81]","[32, 85, 147]","[137, 114, 115]","[28, 113, 112]","[108, 141, 43]","[19, 9, 0]","[164, 122, 139]","[55, 78, 167]","[93, 124, 123]","[3, 16, 1]","[60, 61, 58]"
2545,"[150, 92, 151]","[63, 98, 158]","[108, 16, 15]","[171, 170, 169]","[0, 67, 66]","[104, 23, 26]","[4, 66, 2]","[107, 179, 180]","[87, 15, 19]","[158, 109, 157]","[29, 8, 30]","[110, 55, 56]"
2546,"[165, 31, 164]","[85, 84, 86]","[28, 140, 70]","[121, 158, 120]","[86, 157, 156]","[108, 95, 91]","[20, 26, 140]","[39, 40, 154]","[53, 3, 6]","[89, 88, 162]","[15, 8, 20]","[91, 158, 156]"
2547,"[3, 134, 142]","[63, 62, 126]","[164, 30, 107]","[72, 140, 73]","[180, 124, 138]","[149, 148, 53]","[16, 79, 178]","[2, 3, 1]","[169, 94, 95]","[72, 50, 49]","[0, 8, 1]","[156, 155, 117]"
2548,"[41, 157, 40]","[121, 120, 122]","[101, 127, 102]","[67, 61, 63]","[111, 150, 156]","[75, 74, 76]","[41, 89, 90]","[11, 12, 13]","[146, 108, 79]","[52, 50, 51]","[62, 70, 63]","[168, 169, 170]"
2549,"[113, 172, 114]","[88, 87, 91]","[149, 110, 163]","[78, 86, 85]","[9, 120, 144]","[23, 79, 25]","[55, 109, 108]","[166, 136, 165]","[12, 67, 13]","[56, 55, 57]","[177, 171, 178]","[24, 23, 55]"
2550,"[76, 101, 98]","[180, 24, 3]","[70, 11, 54]","[174, 179, 83]","[33, 14, 34]","[157, 92, 91]","[178, 35, 180]","[101, 114, 104]","[6, 61, 5]","[108, 107, 74]","[122, 116, 123]","[108, 104, 143]"
2551,"[170, 137, 62]","[180, 85, 125]","[135, 91, 137]","[39, 36, 35]","[31, 19, 116]","[156, 101, 44]","[143, 57, 103]","[82, 83, 81]","[172, 43, 105]","[109, 108, 127]","[3, 18, 4]","[88, 92, 84]"
2552,"[49, 167, 50]","[107, 134, 35]","[90, 153, 154]","[101, 100, 103]","[40, 102, 39]","[135, 134, 139]","[157, 29, 118]","[71, 72, 73]","[95, 36, 98]","[62, 6, 63]","[59, 151, 62]","[176, 110, 175]"
2553,"[4, 83, 5]","[112, 118, 113]","[92, 135, 93]","[13, 49, 12]","[1, 28, 0]","[149, 109, 125]","[153, 31, 147]","[68, 67, 80]","[1, 28, 0]","[75, 73, 74]","[55, 31, 56]","[110, 176, 111]"
2554,"[164, 114, 113]","[110, 25, 26]","[157, 13, 156]","[36, 32, 146]","[154, 89, 158]","[132, 137, 8]","[24, 83, 25]","[0, 170, 175]","[90, 155, 89]","[28, 106, 26]","[123, 70, 4]","[100, 101, 113]"
2555,"[4, 18, 104]","[112, 119, 53]","[116, 74, 81]","[140, 152, 138]","[77, 32, 33]","[57, 54, 55]","[97, 37, 98]","[137, 136, 62]","[131, 19, 133]","[175, 56, 173]","[175, 135, 131]","[104, 103, 105]"
2556,"[109, 153, 94]","[68, 52, 174]","[135, 5, 13]","[64, 65, 31]","[47, 88, 8]","[71, 129, 130]","[28, 12, 8]","[166, 109, 34]","[88, 47, 0]","[71, 70, 123]","[180, 169, 170]","[64, 68, 55]"
2557,"[39, 79, 40]","[24, 25, 143]","[163, 68, 67]","[42, 74, 32]","[29, 140, 141]","[111, 109, 112]","[90, 28, 88]","[5, 6, 4]","[140, 30, 31]","[75, 74, 76]","[180, 174, 173]","[85, 86, 102]"
2558,"[117, 65, 173]","[129, 139, 135]","[106, 13, 14]","[33, 140, 143]","[179, 89, 177]","[152, 153, 138]","[59, 170, 169]","[81, 101, 19]","[177, 89, 179]","[152, 150, 135]","[5, 28, 6]","[62, 52, 63]"
2559,"[50, 8, 42]","[116, 159, 157]","[106, 16, 168]","[137, 138, 139]","[137, 112, 110]","[166, 165, 164]","[155, 11, 151]","[41, 42, 56]","[82, 56, 83]","[144, 106, 146]","[19, 11, 18]","[146, 147, 100]"
2560,"[28, 20, 19]","[46, 47, 73]","[79, 37, 38]","[109, 112, 150]","[136, 5, 137]","[165, 54, 52]","[71, 32, 72]","[106, 48, 123]","[37, 140, 36]","[53, 55, 26]","[158, 164, 165]","[33, 51, 55]"
2561,"[141, 3, 4]","[81, 84, 82]","[33, 113, 156]","[65, 8, 64]","[152, 50, 49]","[168, 170, 169]","[56, 148, 94]","[149, 19, 18]","[115, 71, 159]","[167, 166, 168]","[156, 149, 155]","[82, 176, 83]"
2562,"[91, 50, 90]","[26, 31, 30]","[44, 81, 54]","[100, 67, 12]","[37, 118, 117]","[64, 57, 62]","[180, 117, 116]","[10, 8, 7]","[140, 4, 3]","[63, 64, 57]","[128, 122, 121]","[180, 53, 52]"
2563,"[71, 29, 22]","[52, 107, 118]","[101, 63, 102]","[114, 111, 112]","[170, 118, 121]","[23, 25, 161]","[90, 54, 71]","[153, 157, 152]","[70, 129, 130]","[95, 127, 164]","[49, 154, 51]","[112, 111, 121]"
2564,"[148, 7, 9]","[163, 162, 160]","[137, 62, 177]","[91, 86, 92]","[65, 141, 142]","[53, 119, 95]","[124, 9, 10]","[78, 55, 57]","[9, 50, 8]","[78, 44, 79]","[178, 172, 173]","[60, 154, 63]"
2565,"[116, 13, 170]","[41, 40, 42]","[82, 160, 159]","[39, 150, 49]","[5, 88, 47]","[109, 107, 110]","[70, 159, 71]","[150, 130, 91]","[116, 166, 117]","[109, 18, 17]","[16, 10, 17]","[82, 81, 83]"
2566,"[39, 61, 94]","[138, 137, 139]","[58, 7, 125]","[44, 85, 146]","[28, 172, 27]","[140, 141, 110]","[99, 51, 98]","[129, 136, 137]","[20, 164, 163]","[137, 110, 128]","[9, 26, 10]","[80, 109, 81]"
2567,"[25, 124, 26]","[146, 179, 180]","[6, 106, 27]","[48, 121, 123]","[177, 146, 147]","[84, 124, 152]","[21, 101, 1]","[38, 162, 37]","[71, 92, 95]","[26, 27, 25]","[44, 38, 43]","[103, 105, 92]"
2568,"[146, 18, 145]","[135, 136, 92]","[180, 159, 112]","[57, 109, 102]","[168, 24, 169]","[33, 130, 129]","[73, 92, 32]","[110, 109, 111]","[17, 67, 16]","[105, 129, 124]","[19, 30, 20]","[31, 33, 135]"
2569,"[132, 23, 4]","[94, 83, 91]","[90, 118, 164]","[18, 20, 55]","[152, 13, 14]","[100, 128, 101]","[70, 14, 98]","[138, 139, 132]","[162, 137, 152]","[64, 119, 117]","[80, 120, 148]","[5, 0, 1]"
2570,"[91, 172, 92]","[118, 129, 119]","[7, 106, 121]","[159, 155, 158]","[43, 147, 168]","[123, 122, 121]","[53, 164, 56]","[149, 131, 20]","[38, 166, 39]","[99, 114, 158]","[29, 13, 10]","[83, 82, 80]"
2571,"[180, 32, 122]","[53, 114, 155]","[50, 101, 49]","[5, 143, 142]","[35, 101, 180]","[42, 65, 18]","[152, 8, 9]","[178, 76, 78]","[117, 148, 180]","[84, 18, 85]","[2, 19, 4]","[105, 104, 106]"
2572,"[37, 169, 36]","[162, 152, 82]","[175, 15, 166]","[53, 82, 81]","[123, 134, 52]","[48, 39, 36]","[109, 138, 119]","[66, 47, 44]","[31, 55, 169]","[81, 49, 97]","[79, 85, 84]","[21, 22, 121]"
2573,"[26, 170, 25]","[107, 111, 49]","[176, 167, 94]","[69, 148, 70]","[100, 121, 117]","[71, 70, 72]","[66, 26, 95]","[121, 120, 117]","[113, 161, 112]","[11, 1, 10]","[118, 155, 117]","[60, 61, 62]"
2574,"[2, 36, 35]","[146, 142, 144]","[180, 81, 43]","[89, 135, 61]","[168, 30, 153]","[45, 71, 47]","[179, 111, 24]","[61, 62, 69]","[17, 154, 155]","[47, 41, 46]","[10, 39, 9]","[134, 133, 65]"
2575,"[31, 159, 160]","[99, 96, 106]","[64, 146, 145]","[31, 30, 130]","[67, 28, 66]","[46, 145, 47]","[153, 159, 112]","[3, 2, 84]","[92, 15, 14]","[152, 130, 54]","[4, 13, 3]","[52, 51, 50]"
2576,"[166, 6, 180]","[99, 98, 97]","[130, 32, 166]","[0, 1, 5]","[112, 148, 146]","[91, 89, 20]","[29, 141, 128]","[48, 179, 44]","[46, 100, 48]","[1, 0, 6]","[62, 4, 5]","[110, 169, 168]"
2577,"[62, 140, 63]","[112, 31, 75]","[97, 13, 19]","[129, 32, 44]","[156, 11, 10]","[30, 108, 29]","[178, 149, 150]","[163, 164, 165]","[156, 13, 144]","[1, 29, 2]","[180, 174, 179]","[23, 22, 20]"
2578,"[28, 146, 145]","[82, 83, 85]","[78, 142, 80]","[21, 15, 20]","[79, 179, 180]","[122, 98, 42]","[109, 155, 108]","[30, 126, 56]","[95, 31, 96]","[124, 148, 162]","[4, 12, 3]","[169, 170, 171]"
2579,"[37, 65, 138]","[5, 3, 179]","[2, 11, 3]","[180, 179, 155]","[101, 152, 100]","[136, 178, 121]","[130, 24, 133]","[31, 30, 29]","[59, 179, 51]","[19, 121, 1]","[164, 158, 163]","[38, 39, 43]"
2580,"[172, 28, 171]","[128, 127, 129]","[2, 37, 1]","[59, 130, 16]","[21, 93, 94]","[131, 112, 8]","[151, 6, 164]","[132, 106, 134]","[177, 59, 21]","[33, 156, 38]","[92, 98, 93]","[162, 77, 54]"
2581,"[164, 174, 165]","[135, 136, 146]","[24, 111, 110]","[135, 134, 90]","[119, 140, 27]","[117, 170, 54]","[29, 99, 174]","[133, 132, 162]","[109, 74, 110]","[145, 17, 144]","[12, 6, 11]","[73, 164, 141]"
2582,"[41, 138, 39]","[86, 94, 102]","[0, 11, 14]","[146, 145, 142]","[43, 5, 65]","[147, 127, 148]","[77, 96, 71]","[126, 125, 46]","[71, 97, 96]","[104, 180, 161]","[11, 17, 18]","[131, 130, 157]"
2583,"[41, 5, 94]","[45, 50, 132]","[119, 88, 87]","[52, 53, 51]","[47, 5, 138]","[72, 78, 20]","[1, 175, 75]","[22, 23, 21]","[147, 164, 132]","[23, 24, 25]","[0, 13, 1]","[106, 111, 109]"
2584,"[0, 50, 77]","[95, 94, 96]","[119, 22, 58]","[36, 175, 176]","[26, 170, 25]","[133, 116, 57]","[61, 149, 139]","[168, 30, 28]","[170, 26, 165]","[100, 143, 101]","[157, 71, 156]","[16, 15, 18]"
2585,"[86, 35, 34]","[125, 73, 147]","[51, 65, 64]","[0, 1, 31]","[152, 5, 153]","[15, 167, 168]","[95, 74, 96]","[45, 154, 44]","[179, 33, 32]","[167, 54, 60]","[90, 83, 82]","[48, 2, 49]"
2586,"[72, 122, 10]","[33, 46, 47]","[27, 114, 28]","[51, 52, 119]","[90, 24, 154]","[58, 57, 59]","[29, 110, 30]","[180, 98, 95]","[130, 44, 90]","[12, 62, 13]","[0, 10, 11]","[57, 51, 58]"
2587,"[108, 96, 109]","[30, 29, 28]","[37, 126, 180]","[76, 160, 123]","[2, 23, 3]","[108, 109, 73]","[47, 71, 125]","[86, 85, 84]","[16, 5, 2]","[73, 75, 151]","[41, 33, 34]","[143, 56, 60]"
2588,"[95, 6, 96]","[71, 70, 69]","[176, 94, 54]","[122, 166, 159]","[118, 104, 177]","[50, 76, 75]","[62, 95, 96]","[58, 53, 52]","[180, 54, 47]","[124, 132, 21]","[3, 148, 5]","[31, 30, 36]"
2589,"[67, 157, 68]","[25, 123, 124]","[26, 51, 45]","[175, 173, 172]","[167, 35, 36]","[90, 89, 91]","[114, 54, 92]","[2, 1, 0]","[36, 168, 37]","[91, 24, 153]","[60, 50, 47]","[111, 61, 109]"
2590,"[90, 171, 89]","[109, 12, 108]","[86, 120, 121]","[180, 176, 178]","[78, 98, 119]","[151, 152, 150]","[37, 31, 127]","[0, 12, 11]","[93, 118, 78]","[153, 152, 155]","[159, 153, 180]","[112, 113, 65]"
2591,"[31, 22, 48]","[165, 86, 38]","[2, 98, 114]","[71, 70, 72]","[169, 175, 173]","[100, 143, 101]","[40, 98, 99]","[140, 58, 139]","[0, 138, 174]","[102, 144, 103]","[0, 82, 81]","[112, 8, 29]"
2592,"[41, 35, 89]","[126, 125, 169]","[15, 26, 27]","[80, 83, 81]","[0, 99, 108]","[92, 39, 38]","[19, 149, 18]","[81, 65, 64]","[180, 74, 6]","[41, 38, 42]","[18, 10, 19]","[65, 83, 168]"
2593,"[151, 172, 152]","[5, 93, 117]","[140, 9, 19]","[39, 40, 38]","[20, 61, 171]","[119, 146, 33]","[4, 100, 3]","[123, 77, 118]","[177, 30, 178]","[77, 147, 117]","[9, 15, 14]","[143, 142, 141]"
2594,"[147, 118, 146]","[52, 51, 53]","[32, 6, 5]","[169, 167, 166]","[159, 7, 4]","[117, 80, 116]","[0, 9, 1]","[162, 163, 164]","[159, 7, 160]","[24, 168, 173]","[131, 171, 28]","[17, 16, 18]"
2595,"[178, 77, 78]","[46, 61, 60]","[22, 33, 31]","[163, 57, 56]","[95, 109, 94]","[41, 35, 36]","[145, 66, 101]","[60, 107, 53]","[50, 111, 109]","[27, 26, 25]","[1, 14, 2]","[42, 54, 47]"
2596,"[30, 6, 31]","[165, 164, 177]","[172, 28, 173]","[151, 7, 149]","[178, 53, 179]","[69, 68, 70]","[144, 87, 143]","[4, 3, 6]","[68, 59, 69]","[75, 45, 73]","[11, 27, 12]","[106, 109, 108]"
2597,"[94, 7, 20]","[166, 164, 163]","[90, 1, 89]","[43, 41, 64]","[41, 67, 42]","[114, 115, 111]","[68, 28, 97]","[62, 175, 173]","[66, 97, 96]","[57, 55, 54]","[16, 94, 20]","[74, 73, 178]"
2598,"[117, 87, 33]","[82, 15, 131]","[107, 171, 170]","[17, 18, 24]","[106, 31, 47]","[116, 71, 72]","[45, 137, 138]","[84, 85, 83]","[70, 178, 68]","[92, 72, 115]","[15, 23, 24]","[62, 61, 81]"
2599,"[42, 18, 43]","[150, 156, 50]","[87, 132, 85]","[123, 65, 170]","[170, 141, 177]","[88, 22, 46]","[95, 142, 175]","[52, 53, 54]","[177, 6, 5]","[106, 22, 87]","[177, 144, 5]","[53, 52, 58]"
2600,"[53, 152, 174]","[124, 123, 31]","[167, 96, 118]","[65, 66, 4]","[55, 71, 72]","[148, 149, 147]","[115, 172, 116]","[14, 27, 13]","[112, 71, 113]","[148, 147, 149]","[26, 9, 25]","[180, 119, 179]"
2601,"[8, 14, 15]","[1, 156, 3]","[1, 123, 2]","[154, 160, 150]","[35, 147, 34]","[9, 90, 121]","[75, 35, 73]","[13, 111, 14]","[85, 41, 88]","[4, 6, 5]","[129, 122, 123]","[164, 163, 165]"
2602,"[25, 79, 24]","[157, 153, 164]","[115, 78, 114]","[159, 27, 121]","[178, 95, 1]","[54, 84, 62]","[103, 162, 104]","[68, 75, 74]","[132, 75, 179]","[84, 42, 91]","[29, 8, 9]","[122, 131, 121]"
2603,"[2, 121, 101]","[82, 81, 178]","[75, 174, 74]","[161, 162, 160]","[128, 23, 51]","[177, 166, 119]","[180, 45, 138]","[18, 67, 68]","[32, 154, 153]","[11, 10, 170]","[18, 12, 19]","[172, 170, 71]"
2604,"[24, 9, 25]","[149, 148, 151]","[2, 36, 3]","[45, 171, 93]","[178, 110, 180]","[153, 25, 48]","[63, 148, 62]","[79, 24, 25]","[96, 127, 97]","[171, 85, 153]","[180, 174, 171]","[126, 151, 140]"
2605,"[78, 45, 46]","[157, 158, 5]","[70, 10, 104]","[175, 180, 179]","[34, 55, 113]","[172, 116, 6]","[154, 121, 101]","[94, 9, 149]","[162, 49, 138]","[115, 103, 116]","[159, 153, 158]","[45, 44, 137]"
2606,"[175, 91, 90]","[112, 39, 141]","[93, 160, 92]","[130, 129, 40]","[148, 64, 163]","[15, 17, 14]","[107, 83, 84]","[19, 24, 20]","[163, 77, 164]","[17, 28, 20]","[129, 135, 126]","[65, 64, 66]"
2607,"[74, 15, 75]","[158, 154, 153]","[44, 66, 45]","[84, 85, 92]","[57, 22, 66]","[98, 100, 101]","[46, 143, 71]","[110, 117, 161]","[150, 16, 151]","[140, 119, 146]","[141, 147, 146]","[95, 96, 94]"
2608,"[158, 133, 157]","[153, 109, 31]","[14, 127, 58]","[73, 75, 140]","[50, 101, 102]","[155, 153, 150]","[0, 76, 1]","[9, 13, 12]","[28, 57, 26]","[148, 150, 151]","[29, 120, 121]","[178, 66, 180]"
2609,"[24, 103, 76]","[5, 55, 58]","[148, 67, 149]","[27, 28, 26]","[18, 55, 52]","[155, 106, 143]","[158, 95, 156]","[148, 144, 145]","[38, 102, 58]","[9, 8, 110]","[148, 154, 149]","[47, 46, 157]"
2610,"[151, 40, 41]","[25, 135, 57]","[9, 176, 122]","[165, 168, 167]","[0, 84, 4]","[50, 52, 64]","[24, 168, 169]","[150, 143, 87]","[75, 63, 102]","[145, 144, 146]","[0, 13, 8]","[140, 34, 53]"
2611,"[1, 156, 2]","[135, 125, 128]","[2, 87, 1]","[164, 173, 165]","[121, 128, 133]","[95, 100, 96]","[180, 148, 174]","[131, 41, 130]","[177, 155, 179]","[101, 87, 50]","[141, 135, 142]","[8, 109, 96]"
2612,"[168, 73, 169]","[102, 103, 96]","[89, 21, 19]","[107, 108, 71]","[139, 16, 15]","[90, 97, 89]","[61, 176, 178]","[94, 74, 73]","[119, 74, 118]","[99, 101, 100]","[113, 119, 120]","[8, 76, 75]"
2613,"[17, 166, 15]","[63, 64, 48]","[16, 128, 102]","[108, 104, 107]","[68, 122, 123]","[79, 24, 40]","[39, 76, 154]","[120, 114, 105]","[109, 95, 4]","[80, 23, 78]","[28, 39, 29]","[112, 109, 113]"
2614,"[48, 128, 46]","[166, 165, 164]","[26, 9, 27]","[97, 58, 68]","[132, 54, 53]","[76, 79, 81]","[179, 172, 173]","[149, 150, 48]","[52, 105, 50]","[80, 81, 79]","[31, 2, 30]","[162, 163, 161]"
2615,"[65, 128, 64]","[22, 23, 74]","[52, 154, 53]","[84, 76, 75]","[5, 100, 6]","[170, 169, 44]","[0, 56, 37]","[21, 20, 22]","[69, 98, 70]","[170, 168, 136]","[133, 139, 140]","[125, 124, 122]"
2616,"[79, 130, 4]","[26, 27, 172]","[46, 155, 125]","[83, 25, 27]","[41, 81, 42]","[129, 118, 132]","[61, 78, 62]","[179, 98, 162]","[83, 103, 104]","[98, 1, 2]","[122, 159, 99]","[177, 117, 176]"
2617,"[83, 176, 1]","[151, 140, 141]","[44, 17, 18]","[137, 130, 142]","[47, 9, 40]","[65, 66, 68]","[2, 177, 1]","[118, 158, 52]","[174, 83, 84]","[69, 63, 51]","[17, 23, 1]","[165, 146, 147]"
2618,"[139, 173, 36]","[81, 79, 104]","[151, 16, 17]","[128, 127, 126]","[147, 95, 126]","[89, 86, 90]","[47, 178, 28]","[106, 154, 157]","[178, 150, 179]","[40, 101, 39]","[29, 15, 16]","[76, 77, 68]"
2619,"[35, 63, 146]","[51, 50, 72]","[39, 86, 38]","[146, 143, 173]","[29, 154, 30]","[61, 128, 62]","[158, 7, 8]","[176, 95, 175]","[46, 147, 146]","[1, 0, 81]","[13, 20, 27]","[62, 61, 64]"
2620,"[103, 46, 102]","[140, 139, 141]","[102, 163, 99]","[7, 15, 28]","[61, 33, 59]","[173, 116, 179]","[79, 142, 80]","[14, 10, 39]","[61, 33, 111]","[174, 180, 178]","[0, 10, 9]","[177, 175, 178]"
2621,"[135, 170, 134]","[101, 100, 102]","[140, 105, 106]","[157, 159, 158]","[29, 144, 178]","[1, 102, 0]","[86, 14, 85]","[151, 152, 155]","[31, 146, 145]","[0, 1, 2]","[87, 121, 158]","[10, 9, 11]"
2622,"[98, 132, 123]","[70, 67, 63]","[38, 74, 56]","[17, 15, 16]","[146, 89, 90]","[38, 33, 32]","[97, 158, 95]","[113, 112, 110]","[65, 2, 3]","[32, 33, 38]","[110, 13, 109]","[38, 37, 36]"
2623,"[79, 35, 36]","[157, 3, 151]","[138, 85, 84]","[3, 66, 65]","[54, 14, 13]","[81, 80, 114]","[174, 120, 173]","[156, 165, 17]","[174, 134, 177]","[35, 91, 114]","[32, 26, 25]","[69, 87, 70]"
2624,"[100, 162, 163]","[62, 3, 142]","[148, 11, 147]","[88, 84, 69]","[165, 159, 133]","[31, 111, 118]","[33, 175, 34]","[89, 88, 82]","[130, 23, 131]","[174, 0, 1]","[3, 140, 2]","[28, 62, 60]"
2625,"[100, 7, 99]","[131, 134, 133]","[168, 24, 169]","[40, 106, 39]","[126, 175, 125]","[108, 14, 105]","[24, 72, 73]","[3, 4, 2]","[20, 45, 21]","[94, 95, 14]","[0, 18, 17]","[90, 89, 31]"
2626,"[8, 46, 6]","[85, 84, 86]","[160, 43, 159]","[25, 64, 26]","[11, 155, 154]","[34, 38, 97]","[155, 147, 151]","[37, 40, 36]","[18, 177, 154]","[87, 36, 88]","[180, 13, 179]","[134, 57, 170]"
2627,"[121, 14, 17]","[70, 171, 56]","[70, 32, 20]","[178, 179, 180]","[18, 162, 144]","[80, 79, 78]","[132, 94, 136]","[155, 154, 82]","[74, 22, 116]","[96, 101, 48]","[76, 68, 75]","[103, 161, 140]"
2628,"[67, 15, 59]","[47, 85, 142]","[132, 50, 133]","[18, 115, 82]","[7, 26, 6]","[64, 160, 77]","[147, 76, 77]","[4, 164, 3]","[2, 178, 1]","[64, 72, 73]","[11, 78, 79]","[165, 164, 166]"
2629,"[48, 4, 104]","[158, 156, 159]","[180, 35, 34]","[121, 20, 160]","[76, 15, 146]","[138, 156, 56]","[129, 157, 89]","[3, 22, 21]","[44, 101, 102]","[158, 156, 153]","[3, 164, 165]","[51, 50, 18]"
2630,"[0, 166, 7]","[18, 17, 16]","[165, 75, 171]","[147, 146, 56]","[163, 103, 165]","[25, 24, 33]","[55, 149, 15]","[85, 100, 84]","[44, 115, 165]","[124, 123, 25]","[86, 129, 2]","[35, 57, 24]"
2631,"[94, 103, 95]","[123, 134, 132]","[109, 116, 72]","[90, 29, 89]","[149, 14, 148]","[95, 57, 119]","[21, 166, 53]","[133, 132, 131]","[165, 154, 153]","[120, 142, 107]","[70, 76, 69]","[117, 116, 115]"
2632,"[100, 48, 119]","[4, 139, 36]","[102, 64, 101]","[48, 144, 0]","[86, 67, 91]","[158, 153, 155]","[53, 177, 54]","[97, 94, 93]","[38, 18, 76]","[180, 41, 158]","[147, 141, 149]","[93, 180, 87]"
2633,"[177, 92, 93]","[84, 141, 138]","[162, 134, 163]","[32, 34, 71]","[16, 6, 10]","[77, 78, 79]","[159, 131, 130]","[72, 18, 71]","[154, 56, 155]","[78, 79, 75]","[0, 17, 1]","[25, 27, 28]"
2634,"[134, 80, 135]","[92, 91, 141]","[127, 101, 131]","[35, 36, 37]","[180, 104, 103]","[24, 45, 23]","[158, 14, 1]","[124, 123, 58]","[100, 120, 99]","[45, 9, 24]","[180, 174, 170]","[74, 120, 75]"
2635,"[3, 10, 14]","[76, 169, 170]","[43, 131, 44]","[106, 147, 108]","[126, 5, 127]","[15, 172, 39]","[165, 92, 120]","[60, 58, 61]","[136, 177, 175]","[58, 57, 12]","[0, 12, 11]","[104, 105, 103]"
2636,"[53, 157, 51]","[80, 81, 128]","[146, 46, 47]","[179, 166, 178]","[45, 151, 46]","[2, 3, 4]","[82, 72, 95]","[122, 118, 119]","[70, 175, 69]","[42, 44, 43]","[174, 8, 9]","[134, 105, 133]"
2637,"[60, 107, 59]","[141, 68, 75]","[0, 124, 1]","[67, 66, 65]","[0, 57, 8]","[77, 136, 122]","[152, 8, 151]","[139, 77, 138]","[89, 129, 46]","[77, 51, 50]","[4, 16, 5]","[92, 74, 63]"
2638,"[52, 149, 38]","[165, 106, 68]","[177, 171, 176]","[30, 133, 130]","[1, 146, 0]","[45, 44, 46]","[142, 15, 143]","[177, 176, 178]","[60, 10, 0]","[176, 107, 178]","[4, 11, 10]","[72, 73, 71]"
2639,"[29, 173, 30]","[40, 79, 180]","[14, 170, 166]","[42, 118, 119]","[170, 16, 66]","[43, 98, 101]","[102, 11, 105]","[42, 62, 65]","[41, 123, 38]","[27, 126, 47]","[158, 152, 157]","[48, 49, 47]"
2640,"[73, 17, 35]","[27, 78, 172]","[179, 10, 180]","[161, 14, 160]","[101, 95, 100]","[175, 179, 180]","[61, 33, 30]","[54, 55, 52]","[155, 125, 109]","[173, 55, 1]","[145, 20, 22]","[70, 62, 60]"
2641,"[144, 113, 145]","[174, 164, 45]","[95, 154, 155]","[116, 115, 104]","[3, 42, 2]","[166, 73, 74]","[139, 92, 35]","[11, 121, 18]","[3, 42, 41]","[166, 83, 84]","[156, 104, 157]","[111, 110, 50]"
2642,"[131, 38, 41]","[23, 24, 25]","[129, 170, 171]","[115, 58, 76]","[29, 113, 28]","[163, 174, 17]","[105, 16, 55]","[84, 85, 86]","[46, 109, 5]","[165, 163, 176]","[19, 6, 20]","[154, 153, 158]"
2643,"[163, 105, 162]","[74, 131, 55]","[162, 42, 41]","[67, 68, 172]","[81, 8, 180]","[116, 117, 58]","[99, 76, 119]","[26, 24, 27]","[0, 66, 67]","[109, 55, 108]","[159, 15, 16]","[89, 90, 50]"
2644,"[113, 26, 22]","[51, 48, 146]","[180, 18, 158]","[63, 24, 54]","[135, 15, 134]","[46, 50, 48]","[19, 137, 18]","[74, 73, 75]","[149, 95, 93]","[60, 61, 64]","[164, 175, 174]","[79, 80, 78]"
2645,"[84, 43, 119]","[21, 22, 52]","[119, 67, 118]","[47, 56, 52]","[175, 77, 76]","[113, 111, 112]","[57, 160, 56]","[91, 92, 145]","[43, 96, 175]","[144, 131, 6]","[16, 26, 15]","[129, 128, 127]"
2646,"[154, 10, 155]","[120, 136, 118]","[79, 160, 78]","[47, 46, 45]","[24, 140, 8]","[87, 2, 88]","[158, 173, 178]","[43, 42, 73]","[95, 24, 25]","[87, 88, 39]","[83, 148, 147]","[55, 56, 57]"
2647,"[102, 45, 44]","[72, 71, 70]","[92, 41, 40]","[105, 32, 103]","[116, 68, 67]","[75, 76, 9]","[39, 176, 84]","[72, 74, 97]","[65, 138, 64]","[76, 75, 17]","[1, 25, 26]","[142, 179, 178]"
2648,"[149, 17, 152]","[35, 34, 177]","[9, 165, 166]","[119, 70, 103]","[26, 132, 2]","[73, 74, 117]","[96, 166, 99]","[76, 77, 78]","[136, 30, 29]","[39, 17, 48]","[4, 142, 144]","[92, 88, 79]"
2649,"[108, 141, 107]","[14, 87, 89]","[97, 65, 96]","[138, 32, 139]","[7, 175, 8]","[72, 157, 73]","[180, 173, 174]","[95, 96, 105]","[175, 7, 174]","[19, 18, 31]","[26, 7, 8]","[129, 73, 130]"
2650,"[76, 24, 75]","[150, 141, 144]","[6, 49, 5]","[129, 136, 79]","[36, 54, 20]","[150, 156, 153]","[31, 55, 68]","[6, 95, 96]","[53, 36, 54]","[158, 157, 160]","[158, 152, 153]","[76, 79, 75]"
2651,"[19, 163, 166]","[76, 77, 78]","[105, 51, 36]","[7, 157, 8]","[178, 146, 53]","[112, 26, 89]","[31, 113, 30]","[179, 17, 15]","[85, 149, 38]","[20, 19, 21]","[24, 13, 17]","[62, 64, 65]"
2652,"[115, 157, 170]","[91, 90, 39]","[4, 27, 8]","[156, 162, 157]","[40, 11, 23]","[30, 55, 63]","[145, 32, 58]","[14, 10, 8]","[39, 8, 40]","[54, 56, 58]","[24, 15, 25]","[172, 163, 162]"
2653,"[162, 115, 161]","[40, 48, 35]","[175, 5, 177]","[37, 68, 170]","[17, 4, 16]","[46, 53, 45]","[178, 82, 177]","[30, 54, 1]","[12, 5, 17]","[46, 45, 44]","[1, 179, 0]","[109, 137, 135]"
2654,"[25, 168, 24]","[61, 139, 57]","[33, 94, 95]","[83, 25, 72]","[111, 171, 138]","[88, 87, 89]","[176, 167, 166]","[90, 37, 14]","[74, 47, 75]","[29, 36, 28]","[2, 17, 3]","[106, 138, 142]"
2655,"[153, 9, 151]","[117, 58, 66]","[137, 107, 138]","[7, 3, 150]","[65, 173, 141]","[91, 5, 134]","[39, 163, 64]","[129, 107, 136]","[141, 172, 173]","[110, 152, 156]","[0, 6, 7]","[18, 136, 17]"
2656,"[180, 40, 25]","[122, 123, 153]","[0, 161, 12]","[19, 77, 118]","[80, 93, 25]","[114, 57, 60]","[111, 168, 169]","[15, 14, 16]","[80, 93, 170]","[54, 8, 174]","[30, 24, 31]","[143, 139, 140]"
2657,"[160, 137, 159]","[86, 90, 85]","[173, 18, 123]","[43, 38, 37]","[178, 87, 177]","[153, 41, 20]","[42, 179, 180]","[118, 86, 78]","[88, 26, 89]","[41, 43, 42]","[54, 60, 53]","[113, 112, 145]"
2658,"[28, 172, 146]","[16, 17, 13]","[110, 21, 30]","[75, 79, 81]","[43, 92, 93]","[122, 133, 127]","[37, 96, 25]","[131, 133, 78]","[59, 11, 32]","[121, 76, 122]","[149, 143, 141]","[47, 118, 12]"
2659,"[180, 172, 62]","[29, 82, 138]","[33, 12, 13]","[132, 133, 128]","[32, 122, 20]","[142, 96, 95]","[118, 77, 76]","[1, 0, 7]","[45, 98, 50]","[141, 128, 171]","[14, 6, 13]","[112, 113, 128]"
2660,"[0, 174, 1]","[158, 106, 162]","[144, 13, 145]","[100, 101, 61]","[87, 12, 85]","[138, 139, 160]","[87, 94, 88]","[161, 18, 19]","[176, 80, 175]","[158, 141, 150]","[57, 33, 58]","[114, 143, 113]"
2661,"[50, 103, 32]","[153, 155, 152]","[28, 165, 22]","[81, 83, 73]","[75, 173, 78]","[22, 116, 23]","[150, 88, 152]","[7, 10, 9]","[173, 75, 109]","[22, 1, 24]","[0, 19, 18]","[134, 107, 106]"
2662,"[22, 173, 21]","[109, 110, 83]","[113, 21, 114]","[124, 126, 172]","[124, 11, 122]","[108, 96, 106]","[158, 14, 157]","[123, 124, 125]","[17, 159, 160]","[113, 108, 95]","[0, 11, 1]","[63, 64, 85]"
2663,"[171, 114, 175]","[152, 153, 125]","[66, 8, 28]","[58, 163, 44]","[0, 149, 20]","[59, 60, 61]","[1, 124, 57]","[109, 117, 118]","[36, 22, 35]","[60, 1, 101]","[10, 18, 9]","[29, 30, 155]"
2664,"[109, 54, 55]","[45, 147, 47]","[150, 24, 52]","[167, 166, 168]","[1, 27, 29]","[51, 53, 116]","[4, 11, 3]","[81, 80, 131]","[3, 29, 1]","[90, 10, 12]","[21, 10, 22]","[163, 165, 164]"
2665,"[37, 142, 124]","[16, 70, 15]","[69, 11, 65]","[145, 144, 147]","[21, 4, 20]","[75, 55, 140]","[5, 118, 96]","[73, 74, 149]","[10, 4, 9]","[105, 106, 141]","[64, 70, 63]","[94, 95, 97]"
2666,"[166, 33, 31]","[122, 121, 120]","[94, 134, 176]","[7, 34, 35]","[19, 120, 168]","[52, 157, 49]","[66, 112, 111]","[153, 60, 152]","[61, 100, 176]","[129, 57, 60]","[108, 114, 109]","[32, 50, 51]"
2667,"[1, 30, 0]","[27, 24, 60]","[9, 27, 28]","[141, 118, 80]","[63, 151, 62]","[138, 137, 140]","[180, 6, 86]","[120, 119, 121]","[180, 162, 179]","[139, 137, 12]","[30, 65, 29]","[106, 107, 113]"
2668,"[37, 134, 36]","[74, 75, 71]","[144, 62, 154]","[107, 57, 58]","[40, 30, 108]","[120, 92, 171]","[96, 172, 178]","[39, 151, 157]","[84, 13, 20]","[123, 120, 121]","[26, 18, 2]","[66, 64, 65]"
2669,"[94, 58, 45]","[11, 12, 13]","[98, 128, 99]","[61, 59, 62]","[99, 140, 114]","[12, 169, 167]","[121, 88, 53]","[2, 3, 6]","[118, 24, 119]","[80, 12, 10]","[173, 179, 178]","[20, 21, 24]"
2670,"[153, 95, 31]","[51, 50, 135]","[136, 170, 137]","[4, 5, 43]","[59, 79, 37]","[149, 54, 44]","[41, 167, 87]","[122, 123, 124]","[45, 98, 46]","[73, 158, 107]","[125, 167, 0]","[93, 96, 95]"
2671,"[100, 8, 7]","[156, 162, 161]","[174, 52, 179]","[32, 31, 155]","[31, 170, 94]","[39, 14, 26]","[126, 153, 127]","[10, 9, 13]","[177, 165, 179]","[137, 33, 32]","[136, 114, 135]","[146, 26, 168]"
2672,"[40, 139, 138]","[114, 145, 147]","[176, 102, 174]","[123, 122, 121]","[115, 85, 95]","[24, 143, 136]","[126, 44, 125]","[150, 151, 148]","[165, 95, 164]","[22, 107, 177]","[2, 178, 179]","[74, 93, 77]"
2673,"[180, 174, 176]","[69, 164, 150]","[178, 134, 179]","[16, 9, 78]","[15, 133, 16]","[118, 67, 64]","[167, 33, 0]","[163, 164, 151]","[90, 53, 16]","[119, 57, 112]","[0, 9, 3]","[126, 39, 127]"
2674,"[174, 17, 173]","[38, 89, 90]","[124, 138, 139]","[104, 103, 98]","[177, 37, 176]","[137, 92, 180]","[22, 82, 23]","[126, 127, 129]","[35, 146, 34]","[88, 118, 119]","[7, 15, 6]","[81, 84, 87]"
2675,"[73, 34, 33]","[111, 175, 160]","[170, 112, 111]","[71, 106, 76]","[54, 82, 5]","[84, 83, 180]","[81, 173, 126]","[148, 149, 15]","[29, 110, 30]","[19, 20, 165]","[2, 17, 3]","[137, 138, 53]"
2676,"[86, 30, 29]","[147, 121, 108]","[2, 133, 58]","[176, 174, 152]","[160, 45, 13]","[131, 133, 135]","[98, 19, 52]","[119, 118, 124]","[13, 20, 19]","[145, 143, 55]","[9, 15, 16]","[145, 141, 144]"
2677,"[164, 20, 162]","[29, 30, 140]","[180, 10, 179]","[65, 59, 83]","[64, 175, 65]","[42, 18, 19]","[178, 106, 108]","[79, 54, 132]","[178, 30, 31]","[54, 45, 91]","[177, 165, 178]","[79, 78, 80]"
2678,"[148, 101, 85]","[108, 111, 110]","[50, 157, 51]","[133, 129, 31]","[168, 132, 6]","[60, 99, 109]","[110, 72, 89]","[82, 83, 42]","[75, 6, 7]","[109, 155, 156]","[171, 179, 180]","[27, 22, 26]"
2679,"[156, 20, 154]","[68, 69, 60]","[74, 153, 75]","[58, 57, 22]","[169, 146, 147]","[42, 41, 32]","[58, 36, 35]","[15, 14, 149]","[178, 138, 177]","[14, 91, 1]","[17, 11, 10]","[75, 171, 67]"
2680,"[112, 40, 111]","[29, 31, 93]","[97, 21, 96]","[162, 163, 13]","[28, 172, 167]","[116, 134, 132]","[3, 63, 2]","[43, 77, 37]","[67, 169, 33]","[13, 125, 124]","[65, 75, 67]","[130, 133, 131]"
2681,"[157, 34, 33]","[14, 79, 80]","[65, 16, 61]","[3, 93, 8]","[0, 16, 10]","[173, 123, 29]","[33, 74, 32]","[24, 18, 28]","[131, 46, 45]","[172, 167, 175]","[29, 39, 28]","[82, 90, 85]"
2682,"[28, 172, 27]","[103, 7, 80]","[166, 127, 169]","[147, 146, 81]","[20, 132, 19]","[81, 50, 82]","[145, 70, 120]","[116, 6, 7]","[131, 19, 132]","[11, 89, 82]","[19, 8, 20]","[69, 126, 68]"
2683,"[1, 140, 0]","[171, 174, 165]","[70, 135, 73]","[46, 47, 50]","[3, 56, 6]","[87, 124, 88]","[101, 54, 102]","[42, 43, 41]","[179, 73, 178]","[143, 84, 27]","[179, 173, 180]","[105, 107, 106]"
2684,"[140, 31, 82]","[40, 37, 39]","[153, 102, 103]","[35, 36, 128]","[65, 88, 66]","[38, 36, 110]","[174, 30, 149]","[121, 118, 42]","[25, 110, 23]","[169, 147, 14]","[21, 9, 10]","[114, 137, 138]"
2685,"[3, 49, 1]","[120, 119, 122]","[180, 124, 67]","[146, 30, 108]","[67, 47, 103]","[126, 127, 125]","[52, 15, 51]","[10, 125, 8]","[4, 94, 5]","[34, 87, 33]","[20, 67, 21]","[158, 114, 14]"
2686,"[162, 100, 93]","[40, 20, 131]","[101, 6, 100]","[147, 165, 37]","[27, 17, 16]","[163, 161, 159]","[15, 26, 14]","[51, 50, 52]","[10, 128, 25]","[167, 111, 112]","[5, 11, 6]","[44, 53, 37]"
2687,"[30, 73, 29]","[58, 59, 91]","[167, 20, 166]","[130, 129, 160]","[3, 77, 76]","[130, 132, 133]","[125, 151, 58]","[108, 23, 22]","[167, 44, 168]","[130, 90, 127]","[0, 12, 1]","[50, 51, 53]"
2688,"[44, 178, 124]","[90, 89, 87]","[180, 154, 119]","[30, 46, 77]","[58, 100, 59]","[77, 74, 31]","[99, 36, 35]","[74, 9, 75]","[178, 12, 44]","[75, 76, 77]","[33, 27, 35]","[176, 177, 175]"
2689,"[13, 110, 68]","[152, 121, 153]","[76, 133, 75]","[35, 47, 165]","[99, 144, 97]","[104, 54, 78]","[84, 7, 82]","[110, 109, 134]","[156, 173, 155]","[83, 180, 39]","[99, 141, 100]","[107, 160, 159]"
2690,"[168, 177, 163]","[135, 134, 136]","[161, 116, 160]","[33, 34, 10]","[176, 131, 158]","[75, 78, 91]","[131, 141, 39]","[102, 106, 103]","[156, 121, 46]","[141, 12, 25]","[34, 53, 46]","[106, 107, 109]"
2691,"[74, 4, 163]","[18, 53, 97]","[32, 140, 139]","[74, 75, 24]","[123, 78, 106]","[83, 17, 82]","[179, 66, 180]","[39, 35, 34]","[123, 78, 106]","[82, 83, 84]","[114, 125, 124]","[24, 25, 26]"
2692,"[147, 107, 106]","[39, 25, 40]","[180, 40, 156]","[38, 39, 37]","[111, 24, 113]","[68, 146, 61]","[27, 20, 31]","[167, 68, 71]","[173, 45, 174]","[137, 155, 14]","[160, 107, 110]","[0, 31, 40]"
2693,"[112, 48, 134]","[87, 83, 86]","[50, 18, 70]","[169, 172, 167]","[35, 168, 37]","[92, 91, 43]","[136, 165, 164]","[68, 65, 66]","[142, 171, 141]","[43, 60, 12]","[0, 23, 24]","[61, 113, 60]"
2694,"[177, 171, 176]","[74, 75, 72]","[175, 101, 174]","[178, 179, 85]","[110, 177, 109]","[62, 25, 33]","[53, 28, 20]","[171, 106, 127]","[176, 138, 178]","[37, 167, 62]","[173, 179, 180]","[19, 155, 156]"
2695,"[32, 113, 30]","[165, 166, 164]","[22, 166, 167]","[180, 178, 113]","[14, 146, 56]","[103, 131, 169]","[28, 101, 27]","[109, 76, 107]","[146, 14, 147]","[180, 179, 178]","[180, 158, 179]","[116, 114, 93]"
2696,"[179, 46, 128]","[3, 160, 155]","[105, 133, 106]","[10, 9, 64]","[88, 138, 172]","[121, 120, 73]","[180, 151, 125]","[5, 100, 4]","[88, 138, 63]","[10, 159, 128]","[159, 153, 16]","[78, 114, 85]"
2697,"[180, 147, 149]","[165, 166, 162]","[177, 32, 176]","[133, 79, 80]","[30, 176, 22]","[87, 5, 6]","[151, 159, 148]","[109, 95, 110]","[57, 24, 58]","[88, 79, 119]","[29, 172, 30]","[98, 103, 104]"
2698,"[102, 75, 74]","[47, 50, 51]","[180, 39, 102]","[119, 141, 112]","[73, 26, 25]","[54, 137, 56]","[118, 149, 150]","[10, 8, 9]","[129, 101, 128]","[4, 0, 3]","[1, 179, 0]","[95, 94, 93]"
2699,"[20, 164, 52]","[37, 137, 138]","[0, 13, 1]","[178, 34, 179]","[50, 22, 32]","[177, 120, 118]","[175, 54, 176]","[11, 10, 15]","[26, 116, 27]","[3, 155, 65]","[47, 29, 46]","[119, 115, 117]"
2700,"[143, 72, 142]","[111, 3, 4]","[90, 33, 34]","[146, 47, 145]","[65, 146, 66]","[179, 112, 176]","[8, 67, 157]","[161, 160, 162]","[93, 126, 94]","[179, 178, 176]","[138, 144, 137]","[83, 81, 82]"
2701,"[165, 52, 164]","[107, 108, 110]","[155, 94, 91]","[107, 167, 110]","[50, 169, 49]","[110, 111, 112]","[7, 73, 9]","[0, 86, 63]","[121, 163, 120]","[80, 81, 54]","[13, 7, 8]","[24, 25, 23]"
2702,"[0, 130, 81]","[155, 61, 98]","[84, 113, 81]","[7, 5, 6]","[80, 40, 153]","[48, 49, 136]","[76, 163, 75]","[48, 49, 22]","[159, 102, 160]","[44, 45, 46]","[9, 24, 11]","[33, 32, 108]"
2703,"[152, 171, 132]","[15, 16, 17]","[117, 6, 118]","[159, 162, 157]","[56, 176, 175]","[140, 80, 78]","[49, 125, 175]","[148, 149, 22]","[2, 153, 57]","[80, 104, 108]","[132, 160, 157]","[125, 124, 167]"
2704,"[176, 100, 99]","[45, 71, 46]","[180, 104, 179]","[134, 61, 137]","[174, 99, 130]","[156, 65, 78]","[51, 122, 151]","[168, 84, 180]","[1, 31, 0]","[157, 95, 158]","[0, 31, 30]","[137, 131, 57]"
2705,"[53, 172, 143]","[115, 114, 117]","[42, 21, 43]","[111, 110, 112]","[166, 22, 21]","[140, 141, 68]","[50, 130, 159]","[141, 35, 34]","[22, 166, 20]","[148, 141, 143]","[2, 31, 30]","[117, 97, 118]"
2706,"[131, 91, 5]","[162, 65, 66]","[23, 167, 24]","[90, 93, 95]","[119, 160, 120]","[82, 83, 72]","[176, 9, 171]","[161, 20, 122]","[115, 155, 116]","[82, 83, 81]","[140, 133, 132]","[61, 110, 60]"
2707,"[16, 153, 152]","[123, 28, 27]","[168, 55, 53]","[131, 18, 24]","[180, 151, 150]","[137, 136, 44]","[30, 56, 26]","[5, 43, 42]","[155, 63, 154]","[96, 95, 97]","[71, 5, 70]","[168, 169, 170]"
2708,"[20, 42, 41]","[120, 123, 135]","[63, 16, 131]","[167, 168, 13]","[59, 141, 58]","[179, 178, 177]","[78, 178, 180]","[104, 103, 143]","[58, 140, 57]","[134, 40, 130]","[134, 128, 127]","[40, 39, 38]"
2709,"[120, 15, 178]","[39, 40, 41]","[15, 4, 2]","[178, 130, 129]","[9, 155, 10]","[38, 36, 78]","[64, 98, 66]","[127, 128, 129]","[103, 164, 13]","[38, 133, 175]","[65, 8, 141]","[98, 97, 41]"
2710,"[80, 29, 176]","[0, 125, 124]","[180, 37, 179]","[98, 99, 17]","[64, 177, 61]","[51, 33, 160]","[141, 170, 171]","[21, 120, 11]","[1, 116, 6]","[34, 35, 74]","[55, 61, 54]","[100, 102, 159]"
2711,"[93, 50, 92]","[116, 119, 120]","[154, 8, 45]","[24, 29, 28]","[107, 7, 108]","[49, 63, 62]","[14, 7, 15]","[172, 166, 167]","[90, 2, 5]","[59, 60, 40]","[15, 23, 14]","[97, 96, 65]"
2712,"[25, 147, 21]","[86, 85, 51]","[58, 149, 60]","[155, 19, 18]","[21, 178, 22]","[159, 5, 9]","[132, 15, 131]","[86, 87, 91]","[2, 61, 3]","[159, 160, 161]","[0, 11, 1]","[76, 75, 23]"
2713,"[143, 12, 13]","[95, 96, 94]","[130, 103, 57]","[95, 94, 44]","[130, 67, 6]","[95, 96, 101]","[8, 117, 118]","[130, 129, 128]","[161, 122, 159]","[88, 78, 77]","[31, 60, 59]","[123, 152, 151]"
2714,"[9, 80, 162]","[179, 152, 149]","[145, 5, 53]","[62, 57, 59]","[51, 13, 52]","[101, 71, 97]","[33, 153, 32]","[14, 9, 12]","[178, 162, 180]","[100, 101, 99]","[12, 18, 17]","[63, 100, 99]"
2715,"[7, 128, 129]","[71, 33, 69]","[71, 12, 70]","[174, 104, 173]","[79, 53, 52]","[110, 109, 111]","[9, 66, 68]","[154, 165, 167]","[79, 53, 52]","[109, 110, 104]","[59, 65, 64]","[15, 94, 95]"
2716,"[145, 6, 144]","[92, 82, 66]","[21, 148, 147]","[129, 106, 91]","[174, 120, 22]","[76, 77, 78]","[131, 109, 99]","[23, 105, 21]","[11, 177, 41]","[20, 72, 99]","[44, 2, 160]","[109, 108, 105]"
2717,"[45, 88, 89]","[127, 174, 162]","[156, 12, 153]","[33, 36, 146]","[157, 21, 19]","[118, 117, 119]","[94, 135, 75]","[26, 140, 151]","[32, 174, 33]","[118, 119, 92]","[149, 157, 156]","[132, 131, 34]"
2718,"[108, 144, 152]","[0, 1, 72]","[3, 164, 4]","[80, 78, 40]","[114, 143, 112]","[104, 95, 93]","[89, 28, 86]","[104, 43, 46]","[179, 69, 178]","[95, 116, 145]","[168, 174, 175]","[35, 34, 33]"
2719,"[0, 121, 2]","[178, 177, 33]","[81, 47, 61]","[158, 138, 157]","[26, 19, 25]","[140, 141, 38]","[111, 33, 113]","[62, 155, 67]","[55, 107, 56]","[27, 123, 161]","[158, 152, 159]","[146, 147, 145]"
2720,"[136, 54, 137]","[68, 12, 112]","[144, 81, 21]","[104, 41, 42]","[139, 117, 116]","[45, 169, 167]","[180, 172, 169]","[104, 126, 125]","[132, 52, 53]","[45, 76, 43]","[29, 23, 22]","[73, 71, 72]"
2721,"[29, 158, 28]","[68, 83, 84]","[108, 136, 107]","[165, 166, 167]","[33, 24, 48]","[139, 171, 169]","[122, 81, 36]","[10, 173, 130]","[97, 27, 96]","[178, 20, 171]","[36, 61, 35]","[149, 151, 150]"
2722,"[171, 131, 172]","[63, 62, 8]","[5, 92, 93]","[46, 43, 44]","[165, 12, 11]","[124, 128, 19]","[38, 96, 37]","[139, 90, 140]","[165, 12, 164]","[104, 170, 124]","[21, 15, 14]","[143, 138, 144]"
2723,"[169, 25, 159]","[54, 127, 55]","[154, 19, 155]","[127, 84, 85]","[115, 68, 10]","[23, 43, 136]","[173, 50, 172]","[129, 130, 125]","[158, 134, 56]","[83, 21, 82]","[124, 118, 123]","[57, 26, 58]"
2724,"[147, 27, 31]","[47, 104, 132]","[56, 80, 81]","[31, 33, 20]","[180, 104, 179]","[28, 29, 20]","[13, 46, 14]","[114, 112, 163]","[85, 142, 141]","[20, 28, 21]","[62, 73, 60]","[80, 81, 20]"
2725,"[26, 147, 145]","[155, 153, 104]","[116, 77, 57]","[30, 20, 29]","[115, 13, 80]","[126, 95, 96]","[74, 120, 119]","[54, 53, 162]","[120, 18, 116]","[126, 95, 127]","[156, 162, 154]","[102, 101, 103]"
2726,"[27, 140, 28]","[170, 171, 176]","[124, 47, 40]","[15, 14, 165]","[167, 127, 83]","[172, 170, 142]","[80, 120, 36]","[57, 54, 23]","[103, 70, 100]","[168, 9, 10]","[33, 22, 32]","[54, 53, 98]"
2727,"[51, 149, 52]","[171, 59, 138]","[168, 50, 85]","[117, 10, 112]","[54, 72, 36]","[17, 10, 14]","[143, 130, 131]","[65, 119, 25]","[105, 85, 87]","[17, 16, 12]","[179, 173, 174]","[84, 153, 66]"
2728,"[25, 19, 24]","[50, 48, 49]","[0, 38, 2]","[67, 137, 68]","[60, 170, 61]","[154, 153, 152]","[58, 140, 57]","[1, 0, 11]","[60, 170, 1]","[153, 152, 154]","[0, 7, 1]","[152, 153, 41]"
2729,"[150, 45, 44]","[179, 157, 71]","[4, 15, 24]","[43, 42, 87]","[152, 132, 146]","[53, 52, 54]","[45, 107, 46]","[122, 157, 119]","[128, 168, 169]","[68, 69, 137]","[117, 124, 116]","[177, 139, 81]"
2730,"[33, 175, 177]","[62, 71, 61]","[85, 136, 104]","[46, 47, 49]","[29, 153, 28]","[46, 77, 115]","[117, 86, 148]","[28, 29, 38]","[31, 155, 152]","[79, 116, 78]","[13, 4, 3]","[125, 123, 124]"
2731,"[92, 162, 48]","[40, 135, 39]","[107, 52, 53]","[157, 156, 158]","[151, 5, 48]","[120, 81, 82]","[29, 57, 60]","[81, 79, 136]","[29, 54, 35]","[14, 13, 146]","[0, 13, 12]","[170, 155, 14]"
2732,"[31, 161, 32]","[65, 16, 66]","[63, 117, 64]","[43, 40, 88]","[133, 98, 134]","[19, 123, 153]","[46, 101, 45]","[160, 35, 4]","[133, 98, 2]","[120, 51, 49]","[180, 8, 7]","[127, 128, 129]"
2733,"[145, 18, 76]","[1, 141, 0]","[90, 26, 89]","[85, 82, 83]","[27, 73, 74]","[163, 164, 161]","[58, 33, 54]","[174, 0, 175]","[90, 169, 32]","[51, 12, 49]","[2, 11, 3]","[87, 88, 111]"
2734,"[83, 5, 82]","[126, 141, 143]","[14, 54, 15]","[93, 38, 40]","[42, 103, 142]","[68, 69, 73]","[106, 158, 107]","[135, 127, 87]","[35, 141, 34]","[70, 164, 69]","[36, 12, 0]","[78, 82, 79]"
2735,"[123, 112, 0]","[53, 52, 34]","[133, 54, 14]","[76, 75, 98]","[84, 20, 21]","[39, 40, 41]","[14, 166, 16]","[1, 114, 73]","[13, 153, 152]","[33, 160, 32]","[0, 16, 15]","[57, 56, 58]"
2736,"[18, 124, 180]","[59, 73, 58]","[75, 139, 92]","[130, 127, 128]","[9, 61, 62]","[2, 3, 158]","[92, 26, 90]","[0, 142, 141]","[41, 91, 45]","[163, 165, 125]","[0, 33, 1]","[163, 165, 157]"
2737,"[50, 158, 49]","[25, 26, 28]","[84, 170, 44]","[65, 67, 93]","[157, 69, 70]","[42, 40, 39]","[161, 98, 155]","[10, 9, 26]","[157, 69, 141]","[80, 134, 81]","[132, 126, 131]","[79, 78, 113]"
2738,"[121, 37, 157]","[0, 1, 101]","[165, 171, 164]","[80, 78, 77]","[143, 11, 142]","[64, 69, 70]","[113, 20, 93]","[107, 2, 150]","[141, 9, 178]","[0, 1, 108]","[0, 9, 10]","[22, 21, 17]"
2739,"[0, 172, 59]","[157, 89, 156]","[28, 62, 171]","[136, 134, 142]","[3, 176, 4]","[92, 42, 149]","[76, 37, 119]","[157, 164, 163]","[70, 26, 91]","[42, 41, 40]","[75, 69, 74]","[168, 89, 167]"
2740,"[49, 177, 48]","[0, 1, 93]","[82, 65, 129]","[113, 112, 100]","[98, 131, 99]","[82, 83, 84]","[44, 131, 148]","[179, 88, 180]","[171, 21, 13]","[79, 80, 81]","[102, 177, 178]","[88, 108, 149]"
2741,"[27, 69, 42]","[65, 19, 56]","[28, 106, 105]","[126, 121, 3]","[56, 83, 82]","[19, 122, 116]","[39, 33, 84]","[70, 125, 171]","[157, 98, 56]","[131, 122, 132]","[34, 10, 8]","[115, 118, 113]"
2742,"[58, 127, 59]","[44, 3, 5]","[39, 111, 40]","[146, 94, 145]","[111, 40, 92]","[6, 132, 163]","[51, 12, 118]","[97, 132, 170]","[39, 69, 44]","[6, 4, 166]","[179, 173, 180]","[59, 58, 28]"
2743,"[64, 128, 129]","[75, 76, 74]","[17, 127, 2]","[101, 99, 109]","[24, 12, 11]","[96, 139, 85]","[118, 8, 65]","[34, 35, 5]","[2, 37, 1]","[77, 93, 76]","[89, 141, 140]","[97, 101, 100]"
2744,"[44, 22, 112]","[173, 179, 105]","[31, 55, 32]","[107, 106, 78]","[137, 97, 168]","[45, 44, 147]","[125, 39, 124]","[170, 109, 110]","[26, 126, 17]","[71, 42, 79]","[1, 172, 171]","[113, 69, 16]"
2745,"[31, 10, 30]","[65, 159, 112]","[27, 145, 25]","[65, 139, 119]","[150, 6, 5]","[175, 177, 173]","[5, 144, 4]","[48, 47, 113]","[128, 108, 27]","[167, 156, 157]","[1, 22, 5]","[63, 157, 64]"
2746,"[6, 72, 5]","[127, 128, 152]","[149, 41, 39]","[88, 95, 93]","[0, 45, 46]","[136, 135, 10]","[136, 17, 18]","[53, 168, 115]","[30, 108, 29]","[180, 50, 176]","[2, 12, 0]","[68, 69, 70]"
2747,"[110, 97, 132]","[35, 38, 45]","[132, 178, 145]","[21, 20, 22]","[44, 82, 43]","[168, 172, 170]","[152, 8, 153]","[109, 105, 175]","[63, 158, 180]","[90, 20, 91]","[99, 66, 100]","[37, 75, 165]"
2748,"[18, 140, 141]","[157, 169, 162]","[35, 113, 1]","[65, 83, 84]","[78, 18, 75]","[133, 132, 127]","[32, 4, 141]","[35, 88, 89]","[12, 4, 11]","[42, 41, 43]","[11, 17, 10]","[133, 127, 118]"
2749,"[22, 135, 134]","[118, 92, 93]","[125, 43, 47]","[97, 95, 63]","[162, 18, 161]","[151, 173, 174]","[135, 26, 24]","[84, 85, 83]","[166, 22, 162]","[151, 6, 150]","[176, 170, 177]","[106, 72, 144]"
2750,"[72, 152, 70]","[78, 80, 106]","[41, 94, 93]","[154, 156, 111]","[46, 10, 127]","[92, 96, 52]","[141, 130, 139]","[11, 17, 6]","[64, 147, 65]","[123, 122, 124]","[154, 143, 147]","[79, 78, 66]"
2751,"[71, 7, 70]","[94, 95, 93]","[8, 73, 72]","[120, 124, 146]","[125, 38, 175]","[61, 109, 147]","[49, 129, 48]","[77, 151, 142]","[148, 11, 173]","[31, 32, 17]","[179, 97, 178]","[151, 152, 154]"
2752,"[64, 13, 65]","[82, 81, 155]","[130, 160, 129]","[171, 169, 49]","[177, 167, 37]","[71, 70, 55]","[87, 110, 89]","[14, 18, 15]","[38, 167, 32]","[119, 121, 71]","[114, 108, 109]","[82, 83, 84]"
2753,"[28, 17, 27]","[162, 73, 161]","[180, 44, 178]","[101, 65, 66]","[63, 91, 4]","[165, 164, 166]","[56, 168, 169]","[146, 147, 145]","[91, 63, 4]","[150, 129, 163]","[0, 19, 18]","[147, 155, 156]"
2754,"[120, 23, 51]","[43, 96, 98]","[24, 35, 34]","[154, 64, 155]","[23, 167, 22]","[117, 51, 29]","[59, 52, 67]","[83, 117, 84]","[167, 23, 38]","[116, 47, 87]","[40, 53, 43]","[126, 138, 141]"
2755,"[21, 7, 4]","[152, 153, 64]","[115, 19, 114]","[71, 69, 160]","[35, 99, 103]","[122, 80, 73]","[141, 23, 97]","[19, 70, 20]","[139, 33, 88]","[120, 111, 122]","[59, 65, 66]","[132, 131, 130]"
2756,"[102, 39, 38]","[49, 50, 51]","[61, 55, 54]","[18, 19, 44]","[177, 138, 178]","[98, 101, 99]","[2, 65, 0]","[71, 109, 141]","[37, 146, 70]","[101, 125, 123]","[163, 157, 162]","[42, 44, 48]"
2757,"[153, 174, 135]","[65, 66, 67]","[2, 46, 3]","[137, 136, 39]","[39, 71, 69]","[165, 13, 10]","[150, 6, 149]","[125, 126, 120]","[136, 164, 98]","[21, 12, 22]","[2, 172, 171]","[128, 52, 166]"
2758,"[118, 43, 42]","[76, 108, 77]","[131, 148, 25]","[126, 97, 133]","[38, 49, 50]","[114, 115, 109]","[29, 172, 31]","[102, 101, 99]","[169, 17, 176]","[11, 1, 3]","[30, 12, 24]","[116, 123, 35]"
2759,"[86, 12, 85]","[115, 156, 116]","[0, 151, 57]","[95, 94, 40]","[3, 39, 44]","[95, 112, 116]","[2, 149, 86]","[161, 163, 162]","[3, 39, 2]","[26, 118, 116]","[40, 33, 34]","[101, 164, 103]"
2760,"[87, 115, 88]","[172, 170, 133]","[110, 58, 63]","[175, 173, 172]","[112, 79, 111]","[3, 2, 0]","[59, 112, 61]","[15, 69, 17]","[46, 174, 87]","[36, 37, 102]","[53, 41, 42]","[169, 143, 142]"
2761,"[50, 23, 51]","[100, 101, 99]","[156, 12, 155]","[40, 33, 140]","[30, 12, 29]","[80, 51, 45]","[29, 53, 31]","[11, 10, 13]","[30, 12, 11]","[127, 50, 153]","[5, 23, 22]","[163, 164, 40]"
2762,"[41, 176, 177]","[5, 7, 59]","[176, 7, 174]","[89, 88, 87]","[172, 125, 171]","[25, 26, 24]","[43, 16, 70]","[33, 157, 109]","[125, 172, 173]","[24, 25, 4]","[141, 135, 136]","[89, 95, 91]"
2763,"[13, 24, 4]","[47, 46, 48]","[118, 77, 119]","[142, 141, 144]","[134, 97, 20]","[159, 158, 61]","[92, 117, 94]","[179, 26, 178]","[23, 112, 111]","[65, 72, 66]","[159, 150, 152]","[57, 58, 179]"
2764,"[167, 7, 8]","[62, 61, 63]","[154, 6, 163]","[14, 44, 62]","[176, 71, 177]","[122, 99, 12]","[160, 172, 161]","[107, 6, 84]","[72, 177, 179]","[97, 98, 141]","[28, 10, 27]","[134, 142, 133]"
2765,"[0, 54, 1]","[81, 82, 175]","[56, 10, 89]","[82, 180, 83]","[148, 62, 10]","[161, 48, 162]","[113, 58, 33]","[6, 7, 146]","[5, 145, 3]","[58, 60, 113]","[0, 31, 21]","[75, 76, 143]"
2766,"[131, 47, 167]","[124, 123, 29]","[22, 155, 19]","[105, 104, 109]","[73, 121, 74]","[135, 1, 88]","[165, 82, 83]","[178, 106, 179]","[16, 116, 36]","[1, 0, 2]","[0, 9, 8]","[97, 96, 126]"
2767,"[140, 20, 180]","[177, 56, 53]","[39, 7, 38]","[107, 108, 112]","[4, 73, 7]","[27, 20, 26]","[176, 89, 77]","[58, 57, 62]","[71, 2, 1]","[19, 20, 23]","[0, 14, 1]","[17, 49, 166]"
2768,"[87, 33, 31]","[175, 172, 141]","[169, 25, 24]","[144, 143, 92]","[5, 152, 7]","[24, 20, 64]","[32, 21, 33]","[60, 61, 7]","[1, 9, 25]","[109, 85, 65]","[19, 6, 18]","[160, 161, 130]"
2769,"[106, 176, 66]","[143, 134, 142]","[123, 106, 3]","[81, 84, 82]","[33, 3, 146]","[77, 35, 76]","[35, 130, 131]","[20, 23, 21]","[28, 22, 27]","[85, 136, 134]","[28, 34, 35]","[79, 159, 157]"
2770,"[4, 20, 21]","[43, 41, 40]","[170, 102, 97]","[30, 19, 18]","[16, 179, 17]","[154, 172, 9]","[80, 135, 77]","[1, 121, 161]","[75, 139, 76]","[119, 45, 121]","[140, 55, 47]","[0, 1, 165]"
2771,"[19, 163, 164]","[37, 39, 47]","[158, 56, 0]","[133, 134, 124]","[63, 36, 35]","[158, 157, 150]","[120, 44, 118]","[131, 132, 133]","[139, 53, 136]","[158, 157, 130]","[157, 128, 129]","[123, 68, 69]"
2772,"[135, 164, 134]","[176, 81, 37]","[174, 13, 175]","[164, 163, 162]","[126, 81, 120]","[179, 178, 180]","[106, 140, 178]","[3, 9, 50]","[81, 126, 127]","[178, 179, 118]","[86, 85, 84]","[82, 90, 74]"
2773,"[112, 47, 75]","[36, 37, 39]","[63, 100, 99]","[29, 44, 30]","[46, 76, 64]","[9, 2, 0]","[149, 127, 126]","[22, 115, 21]","[46, 76, 45]","[36, 32, 9]","[32, 94, 33]","[151, 150, 149]"
2774,"[130, 41, 128]","[27, 26, 18]","[132, 49, 112]","[89, 44, 90]","[161, 67, 162]","[20, 99, 98]","[160, 16, 17]","[122, 121, 105]","[6, 150, 7]","[34, 32, 43]","[144, 150, 141]","[6, 7, 36]"
2775,"[50, 167, 168]","[99, 107, 102]","[25, 51, 47]","[32, 98, 121]","[175, 76, 79]","[17, 38, 120]","[147, 171, 146]","[29, 45, 35]","[144, 47, 145]","[39, 0, 68]","[2, 15, 0]","[116, 115, 117]"
2776,"[62, 29, 124]","[101, 102, 112]","[173, 29, 172]","[137, 120, 86]","[149, 177, 18]","[90, 47, 94]","[152, 100, 132]","[80, 117, 24]","[180, 152, 177]","[107, 43, 62]","[159, 109, 160]","[76, 75, 74]"
2777,"[78, 33, 34]","[145, 142, 128]","[30, 132, 31]","[153, 6, 154]","[126, 70, 125]","[83, 156, 174]","[1, 40, 0]","[59, 58, 57]","[4, 104, 36]","[82, 81, 84]","[173, 179, 174]","[135, 159, 134]"
2778,"[95, 30, 31]","[105, 64, 106]","[94, 133, 79]","[50, 159, 158]","[41, 76, 53]","[106, 86, 109]","[37, 140, 92]","[52, 107, 15]","[24, 159, 160]","[178, 86, 7]","[3, 11, 2]","[28, 76, 59]"
2779,"[169, 89, 168]","[107, 106, 143]","[165, 171, 164]","[142, 141, 144]","[1, 93, 0]","[128, 129, 176]","[93, 146, 147]","[60, 163, 160]","[0, 92, 1]","[129, 175, 176]","[38, 32, 37]","[73, 74, 72]"
2780,"[148, 28, 149]","[166, 167, 163]","[172, 164, 163]","[64, 65, 66]","[43, 104, 137]","[126, 34, 166]","[155, 61, 92]","[167, 168, 107]","[46, 5, 164]","[21, 22, 20]","[3, 169, 4]","[136, 129, 126]"
2781,"[143, 33, 31]","[46, 45, 43]","[157, 13, 156]","[56, 58, 90]","[18, 130, 149]","[11, 10, 114]","[169, 140, 139]","[37, 17, 39]","[133, 160, 134]","[169, 170, 56]","[17, 7, 18]","[67, 43, 44]"
2782,"[102, 45, 175]","[50, 70, 51]","[63, 34, 64]","[149, 28, 153]","[83, 177, 136]","[23, 159, 44]","[176, 77, 172]","[53, 54, 55]","[165, 34, 92]","[123, 124, 5]","[55, 53, 52]","[50, 25, 24]"
2783,"[21, 6, 20]","[59, 56, 57]","[178, 91, 180]","[111, 110, 115]","[174, 137, 53]","[34, 87, 33]","[176, 19, 177]","[106, 2, 172]","[29, 131, 163]","[58, 59, 68]","[0, 11, 12]","[81, 82, 80]"
2784,"[28, 79, 27]","[96, 97, 94]","[3, 155, 2]","[127, 93, 92]","[33, 27, 34]","[108, 126, 107]","[65, 146, 64]","[180, 179, 18]","[1, 12, 16]","[145, 150, 144]","[168, 124, 171]","[32, 31, 154]"
2785,"[87, 119, 88]","[19, 42, 20]","[73, 155, 66]","[47, 55, 40]","[155, 145, 156]","[61, 99, 24]","[79, 137, 40]","[71, 78, 72]","[155, 145, 156]","[24, 99, 98]","[22, 10, 2]","[149, 72, 71]"
2786,"[170, 57, 58]","[144, 114, 100]","[145, 119, 146]","[103, 175, 104]","[0, 7, 6]","[78, 79, 76]","[90, 176, 152]","[39, 40, 38]","[0, 8, 1]","[47, 26, 25]","[43, 12, 45]","[109, 120, 115]"
2787,"[140, 173, 137]","[83, 27, 31]","[180, 62, 80]","[137, 42, 100]","[146, 166, 147]","[47, 29, 46]","[0, 130, 49]","[102, 101, 100]","[106, 24, 77]","[28, 61, 29]","[0, 6, 1]","[146, 145, 118]"
2788,"[13, 20, 21]","[54, 46, 53]","[36, 126, 37]","[43, 134, 147]","[24, 108, 23]","[2, 85, 1]","[42, 132, 41]","[84, 47, 85]","[108, 24, 16]","[3, 0, 2]","[1, 8, 0]","[42, 58, 57]"
2789,"[3, 29, 28]","[177, 62, 96]","[75, 34, 142]","[116, 171, 165]","[160, 8, 161]","[111, 41, 112]","[180, 82, 101]","[66, 38, 37]","[176, 24, 23]","[127, 112, 111]","[180, 174, 30]","[8, 81, 106]"
2790,"[168, 151, 169]","[136, 23, 59]","[76, 159, 160]","[151, 66, 153]","[33, 156, 34]","[10, 72, 95]","[0, 25, 1]","[125, 136, 34]","[8, 167, 9]","[67, 72, 89]","[2, 15, 1]","[179, 180, 173]"
2791,"[24, 120, 177]","[29, 95, 97]","[48, 19, 33]","[122, 140, 125]","[43, 143, 42]","[87, 88, 135]","[153, 9, 152]","[69, 94, 174]","[50, 94, 51]","[134, 87, 135]","[5, 170, 4]","[128, 129, 127]"
2792,"[144, 117, 145]","[177, 178, 179]","[34, 154, 150]","[68, 71, 27]","[158, 62, 180]","[134, 136, 5]","[93, 31, 94]","[69, 68, 70]","[94, 10, 31]","[166, 124, 125]","[27, 15, 25]","[97, 149, 98]"
2793,"[91, 112, 63]","[33, 46, 44]","[128, 153, 127]","[63, 173, 175]","[136, 3, 4]","[166, 26, 25]","[2, 156, 5]","[129, 128, 0]","[66, 119, 103]","[179, 26, 25]","[0, 6, 159]","[36, 105, 35]"
2794,"[30, 118, 29]","[151, 158, 150]","[108, 97, 21]","[61, 166, 164]","[113, 27, 114]","[162, 125, 69]","[115, 22, 97]","[159, 5, 6]","[168, 7, 167]","[66, 84, 85]","[40, 34, 33]","[78, 153, 121]"
2795,"[77, 176, 180]","[39, 73, 41]","[177, 49, 134]","[165, 163, 164]","[85, 128, 127]","[175, 174, 173]","[66, 107, 68]","[129, 128, 174]","[5, 92, 4]","[125, 126, 49]","[6, 106, 107]","[44, 100, 93]"
2796,"[29, 173, 63]","[41, 42, 33]","[9, 31, 8]","[151, 156, 155]","[28, 172, 1]","[74, 31, 37]","[157, 134, 4]","[111, 110, 86]","[180, 71, 126]","[32, 33, 102]","[2, 15, 1]","[70, 124, 127]"
2797,"[122, 55, 142]","[164, 163, 105]","[72, 150, 85]","[113, 38, 117]","[61, 139, 63]","[44, 4, 43]","[42, 154, 153]","[7, 6, 8]","[17, 71, 149]","[44, 43, 104]","[0, 21, 22]","[90, 96, 95]"
2798,"[116, 59, 58]","[50, 52, 108]","[170, 73, 171]","[127, 129, 1]","[74, 164, 163]","[51, 11, 87]","[171, 83, 170]","[26, 63, 43]","[146, 101, 145]","[50, 49, 52]","[172, 178, 171]","[138, 115, 110]"
2799,"[1, 166, 167]","[88, 51, 50]","[61, 14, 59]","[89, 30, 156]","[40, 169, 152]","[87, 19, 20]","[158, 166, 165]","[175, 176, 177]","[33, 162, 34]","[20, 21, 147]","[24, 12, 23]","[34, 87, 144]"
2800,"[5, 33, 22]","[139, 26, 71]","[89, 116, 88]","[63, 65, 69]","[162, 18, 33]","[146, 149, 105]","[5, 155, 107]","[29, 30, 34]","[22, 166, 18]","[146, 120, 82]","[23, 35, 24]","[177, 178, 179]"
2801,"[73, 91, 74]","[20, 16, 178]","[146, 113, 145]","[157, 162, 163]","[86, 116, 115]","[7, 11, 10]","[3, 65, 136]","[159, 162, 142]","[86, 116, 85]","[5, 12, 167]","[149, 143, 142]","[120, 119, 121]"
2802,"[45, 9, 72]","[66, 126, 125]","[180, 50, 49]","[162, 168, 163]","[107, 59, 60]","[73, 143, 142]","[89, 20, 88]","[139, 37, 142]","[114, 142, 113]","[34, 37, 144]","[0, 22, 6]","[144, 145, 141]"
2803,"[44, 17, 43]","[168, 169, 71]","[3, 122, 1]","[115, 54, 117]","[13, 7, 17]","[85, 180, 86]","[123, 150, 179]","[39, 68, 67]","[23, 16, 25]","[89, 130, 0]","[36, 10, 35]","[145, 56, 48]"
2804,"[4, 35, 5]","[95, 97, 177]","[177, 35, 178]","[16, 44, 17]","[72, 16, 15]","[57, 54, 55]","[43, 152, 4]","[97, 98, 96]","[148, 21, 179]","[138, 139, 140]","[160, 154, 161]","[104, 127, 105]"
2805,"[112, 40, 113]","[65, 15, 13]","[73, 106, 107]","[11, 64, 180]","[116, 28, 2]","[179, 167, 104]","[92, 29, 57]","[9, 145, 144]","[131, 164, 64]","[25, 150, 4]","[11, 3, 12]","[48, 49, 72]"
2806,"[6, 22, 5]","[85, 151, 57]","[83, 18, 84]","[154, 9, 153]","[76, 13, 75]","[57, 55, 97]","[75, 139, 73]","[13, 40, 14]","[87, 28, 86]","[95, 177, 0]","[5, 52, 53]","[96, 109, 98]"
2807,"[180, 161, 173]","[36, 38, 37]","[172, 28, 163]","[96, 74, 98]","[45, 7, 46]","[177, 112, 104]","[69, 3, 70]","[111, 177, 22]","[86, 38, 37]","[22, 178, 100]","[27, 13, 26]","[75, 73, 74]"
2808,"[93, 52, 3]","[121, 71, 116]","[51, 178, 179]","[116, 111, 114]","[37, 56, 65]","[106, 109, 108]","[158, 37, 0]","[117, 136, 116]","[68, 49, 37]","[138, 139, 10]","[17, 11, 18]","[106, 119, 118]"
2809,"[1, 52, 0]","[106, 160, 21]","[125, 88, 126]","[99, 101, 102]","[105, 142, 104]","[78, 36, 37]","[89, 49, 87]","[54, 53, 55]","[106, 50, 58]","[124, 123, 75]","[34, 5, 35]","[130, 135, 136]"
2810,"[180, 48, 179]","[49, 50, 51]","[161, 72, 73]","[95, 52, 51]","[144, 115, 145]","[61, 62, 63]","[66, 38, 39]","[98, 13, 21]","[116, 145, 144]","[51, 61, 7]","[14, 26, 15]","[45, 44, 63]"
2811,"[56, 163, 161]","[4, 3, 10]","[57, 138, 58]","[123, 120, 124]","[52, 127, 156]","[73, 63, 64]","[122, 44, 45]","[148, 147, 149]","[52, 19, 157]","[73, 166, 63]","[48, 42, 50]","[175, 177, 130]"
2812,"[173, 80, 158]","[145, 131, 146]","[70, 29, 25]","[0, 1, 137]","[158, 8, 2]","[138, 137, 176]","[138, 98, 100]","[58, 56, 59]","[140, 80, 79]","[78, 66, 77]","[0, 26, 25]","[128, 129, 143]"
2813,"[52, 26, 53]","[63, 153, 154]","[174, 168, 172]","[5, 6, 4]","[0, 179, 180]","[120, 146, 119]","[109, 155, 108]","[19, 18, 122]","[1, 179, 0]","[22, 13, 17]","[28, 22, 29]","[33, 157, 158]"
2814,"[99, 139, 143]","[62, 63, 64]","[19, 161, 20]","[126, 127, 39]","[133, 147, 126]","[165, 164, 166]","[163, 133, 41]","[49, 83, 30]","[126, 63, 41]","[46, 84, 15]","[122, 112, 113]","[38, 37, 40]"
2815,"[110, 13, 21]","[92, 89, 91]","[88, 144, 89]","[123, 122, 124]","[156, 176, 175]","[55, 144, 18]","[92, 165, 131]","[141, 140, 139]","[109, 135, 77]","[144, 48, 145]","[2, 13, 1]","[127, 134, 126]"
2816,"[33, 81, 32]","[61, 62, 115]","[97, 81, 172]","[3, 0, 158]","[93, 39, 25]","[120, 73, 74]","[3, 18, 16]","[159, 160, 163]","[39, 93, 12]","[73, 177, 119]","[66, 72, 71]","[26, 143, 142]"
2817,"[76, 39, 72]","[171, 11, 13]","[159, 129, 86]","[175, 174, 145]","[106, 5, 86]","[132, 133, 19]","[53, 158, 55]","[30, 26, 28]","[93, 13, 92]","[158, 156, 157]","[173, 167, 166]","[42, 43, 128]"
2818,"[26, 170, 169]","[79, 121, 36]","[100, 23, 22]","[92, 40, 39]","[16, 28, 3]","[43, 42, 44]","[73, 95, 102]","[37, 67, 36]","[153, 9, 152]","[40, 150, 146]","[0, 12, 21]","[26, 28, 24]"
2819,"[18, 27, 28]","[171, 170, 77]","[174, 66, 117]","[145, 148, 0]","[83, 141, 104]","[57, 58, 176]","[153, 8, 152]","[171, 142, 141]","[114, 169, 126]","[9, 59, 10]","[157, 151, 150]","[43, 40, 34]"
2820,"[46, 96, 3]","[29, 124, 103]","[69, 44, 45]","[88, 102, 87]","[61, 39, 41]","[113, 90, 88]","[174, 88, 139]","[12, 11, 157]","[20, 52, 31]","[47, 114, 46]","[3, 16, 2]","[126, 78, 148]"
2821,"[178, 97, 177]","[15, 12, 4]","[97, 11, 12]","[169, 170, 55]","[8, 24, 25]","[166, 1, 167]","[23, 7, 24]","[82, 170, 84]","[28, 12, 15]","[178, 167, 179]","[72, 78, 71]","[159, 57, 160]"
2822,"[41, 122, 121]","[125, 63, 62]","[26, 32, 3]","[144, 151, 145]","[172, 28, 29]","[106, 104, 105]","[164, 115, 114]","[45, 44, 46]","[180, 48, 86]","[36, 42, 37]","[23, 13, 12]","[78, 77, 76]"
2823,"[73, 8, 72]","[31, 30, 32]","[72, 163, 76]","[25, 23, 24]","[114, 71, 115]","[146, 147, 95]","[29, 152, 30]","[78, 77, 50]","[143, 130, 150]","[75, 93, 95]","[30, 11, 21]","[74, 73, 75]"
2824,"[149, 16, 178]","[47, 162, 163]","[153, 96, 90]","[60, 71, 79]","[170, 26, 25]","[137, 136, 135]","[114, 15, 115]","[84, 103, 169]","[21, 165, 175]","[132, 111, 112]","[0, 14, 13]","[52, 46, 42]"
2825,"[25, 3, 24]","[117, 116, 115]","[97, 122, 53]","[131, 125, 132]","[5, 121, 3]","[164, 162, 101]","[158, 31, 159]","[130, 129, 131]","[109, 178, 108]","[131, 132, 130]","[0, 47, 48]","[26, 25, 94]"
2826,"[21, 87, 139]","[101, 76, 75]","[135, 7, 136]","[98, 100, 99]","[52, 177, 135]","[29, 58, 57]","[100, 17, 20]","[66, 36, 84]","[32, 12, 31]","[58, 57, 93]","[152, 117, 118]","[6, 5, 7]"
2827,"[49, 158, 50]","[179, 79, 84]","[180, 108, 179]","[67, 114, 113]","[74, 62, 63]","[177, 110, 176]","[152, 8, 30]","[114, 108, 75]","[172, 98, 78]","[173, 174, 175]","[180, 174, 173]","[109, 92, 91]"
2828,"[21, 102, 22]","[93, 92, 149]","[124, 35, 126]","[8, 155, 72]","[27, 109, 110]","[131, 129, 44]","[163, 34, 162]","[142, 144, 145]","[28, 110, 27]","[131, 129, 6]","[31, 136, 135]","[46, 45, 44]"
2829,"[151, 7, 171]","[19, 20, 27]","[90, 42, 91]","[128, 129, 130]","[144, 15, 174]","[43, 42, 34]","[90, 47, 89]","[6, 4, 62]","[173, 100, 174]","[34, 42, 33]","[127, 133, 132]","[50, 51, 49]"
2830,"[172, 14, 171]","[102, 101, 106]","[45, 75, 76]","[30, 32, 25]","[120, 174, 173]","[136, 101, 100]","[102, 64, 104]","[109, 114, 110]","[18, 82, 80]","[136, 65, 57]","[71, 77, 70]","[164, 163, 144]"
2831,"[152, 8, 9]","[126, 121, 128]","[100, 11, 12]","[118, 113, 176]","[131, 175, 58]","[63, 48, 64]","[53, 103, 60]","[56, 123, 128]","[3, 61, 145]","[46, 45, 74]","[0, 19, 18]","[119, 118, 125]"
2832,"[156, 88, 87]","[23, 65, 21]","[0, 16, 1]","[139, 131, 140]","[95, 57, 94]","[65, 66, 164]","[50, 134, 133]","[68, 76, 77]","[95, 57, 94]","[121, 119, 124]","[174, 168, 175]","[125, 46, 8]"
2833,"[88, 143, 87]","[118, 109, 114]","[2, 150, 1]","[166, 165, 163]","[64, 14, 63]","[107, 174, 106]","[22, 81, 58]","[62, 63, 141]","[93, 14, 91]","[174, 175, 171]","[180, 174, 20]","[110, 105, 104]"
2834,"[176, 20, 175]","[1, 3, 0]","[116, 174, 173]","[74, 70, 72]","[41, 136, 137]","[9, 7, 169]","[40, 4, 54]","[85, 67, 68]","[44, 140, 131]","[14, 9, 169]","[18, 175, 19]","[139, 39, 72]"
2835,"[74, 96, 95]","[22, 175, 21]","[75, 114, 82]","[125, 127, 126]","[5, 120, 6]","[144, 161, 150]","[152, 166, 165]","[9, 96, 98]","[1, 45, 2]","[143, 144, 142]","[150, 18, 151]","[116, 119, 120]"
2836,"[180, 74, 91]","[112, 114, 108]","[25, 82, 166]","[106, 105, 107]","[133, 20, 16]","[64, 89, 147]","[51, 85, 86]","[142, 140, 141]","[84, 22, 167]","[64, 98, 107]","[114, 3, 113]","[13, 170, 14]"
2837,"[180, 22, 179]","[83, 143, 81]","[180, 123, 122]","[9, 10, 131]","[107, 38, 106]","[80, 136, 135]","[0, 175, 42]","[102, 100, 4]","[38, 89, 37]","[135, 136, 143]","[0, 18, 17]","[99, 101, 100]"
2838,"[116, 43, 117]","[157, 90, 46]","[125, 97, 126]","[27, 50, 34]","[139, 32, 104]","[18, 16, 19]","[75, 82, 77]","[109, 108, 110]","[175, 111, 139]","[169, 83, 82]","[149, 135, 136]","[100, 99, 102]"
2839,"[38, 169, 15]","[160, 161, 84]","[50, 89, 49]","[36, 35, 37]","[177, 133, 178]","[88, 89, 59]","[84, 7, 8]","[0, 1, 2]","[43, 19, 144]","[56, 55, 57]","[145, 179, 178]","[27, 28, 84]"
2840,"[94, 13, 95]","[59, 55, 56]","[151, 7, 147]","[93, 92, 137]","[18, 47, 19]","[111, 108, 109]","[46, 111, 45]","[162, 163, 164]","[125, 157, 124]","[108, 109, 12]","[28, 14, 27]","[178, 179, 98]"
2841,"[34, 163, 31]","[119, 127, 130]","[155, 11, 154]","[102, 132, 131]","[148, 47, 90]","[39, 81, 31]","[139, 14, 71]","[122, 121, 28]","[123, 169, 47]","[39, 40, 107]","[148, 60, 149]","[98, 162, 120]"
2842,"[122, 146, 145]","[61, 3, 2]","[1, 14, 0]","[50, 56, 57]","[69, 12, 39]","[116, 113, 149]","[121, 15, 26]","[58, 138, 139]","[152, 20, 140]","[148, 147, 149]","[17, 23, 16]","[52, 59, 58]"
2843,"[34, 156, 36]","[72, 75, 55]","[12, 66, 13]","[164, 165, 133]","[15, 142, 98]","[133, 88, 135]","[37, 116, 20]","[68, 91, 175]","[27, 6, 26]","[87, 133, 135]","[133, 139, 134]","[89, 62, 91]"
2844,"[37, 86, 118]","[100, 150, 72]","[20, 42, 19]","[177, 150, 91]","[2, 51, 1]","[155, 163, 153]","[28, 96, 41]","[114, 115, 64]","[43, 97, 99]","[154, 62, 104]","[22, 6, 21]","[63, 62, 106]"
2845,"[164, 20, 161]","[35, 34, 93]","[106, 7, 105]","[148, 147, 88]","[106, 134, 18]","[75, 51, 81]","[151, 23, 107]","[179, 180, 178]","[68, 147, 106]","[6, 4, 3]","[16, 22, 26]","[129, 131, 130]"
2846,"[21, 53, 54]","[136, 135, 137]","[130, 27, 26]","[142, 76, 75]","[80, 134, 81]","[44, 43, 39]","[70, 138, 139]","[153, 50, 89]","[135, 79, 136]","[158, 65, 168]","[179, 140, 180]","[33, 30, 0]"
2847,"[0, 25, 2]","[94, 146, 96]","[121, 22, 21]","[32, 34, 33]","[120, 25, 168]","[96, 94, 81]","[43, 155, 156]","[7, 74, 75]","[172, 70, 12]","[92, 95, 96]","[29, 23, 36]","[45, 49, 54]"
2848,"[165, 20, 19]","[26, 65, 68]","[88, 143, 89]","[17, 33, 16]","[38, 168, 129]","[31, 137, 32]","[150, 7, 151]","[5, 6, 4]","[164, 110, 74]","[161, 162, 137]","[0, 6, 177]","[126, 137, 135]"
2849,"[171, 31, 33]","[25, 23, 127]","[146, 65, 145]","[74, 54, 75]","[69, 9, 83]","[157, 100, 99]","[133, 18, 135]","[160, 57, 92]","[4, 47, 5]","[145, 96, 144]","[13, 7, 6]","[164, 78, 79]"
2850,"[20, 50, 51]","[86, 62, 84]","[27, 97, 80]","[65, 132, 131]","[95, 24, 23]","[40, 42, 126]","[68, 80, 69]","[116, 117, 118]","[178, 104, 26]","[172, 170, 171]","[5, 12, 1]","[114, 112, 115]"
2851,"[24, 3, 23]","[72, 146, 145]","[164, 78, 165]","[55, 56, 54]","[138, 10, 126]","[37, 71, 72]","[57, 150, 58]","[53, 0, 52]","[123, 12, 124]","[70, 75, 74]","[0, 83, 1]","[23, 22, 12]"
2852,"[12, 71, 70]","[119, 124, 121]","[22, 166, 147]","[85, 86, 87]","[82, 166, 74]","[177, 90, 23]","[178, 29, 33]","[79, 93, 81]","[141, 60, 140]","[173, 177, 176]","[0, 14, 1]","[46, 45, 47]"
2853,"[0, 121, 106]","[142, 55, 153]","[180, 87, 80]","[112, 111, 107]","[115, 24, 114]","[16, 57, 17]","[65, 93, 66]","[164, 163, 22]","[76, 113, 115]","[147, 142, 180]","[4, 26, 25]","[86, 98, 82]"
2854,"[92, 8, 33]","[100, 98, 99]","[138, 72, 17]","[116, 150, 151]","[91, 119, 175]","[140, 2, 0]","[24, 18, 23]","[151, 172, 171]","[15, 51, 1]","[158, 157, 109]","[0, 6, 1]","[151, 154, 153]"
2855,"[56, 94, 55]","[48, 65, 50]","[70, 110, 69]","[29, 13, 1]","[86, 155, 85]","[7, 10, 12]","[97, 27, 33]","[99, 10, 100]","[86, 155, 85]","[8, 7, 9]","[120, 129, 123]","[70, 49, 113]"
2856,"[152, 8, 153]","[168, 169, 170]","[69, 39, 41]","[167, 168, 152]","[58, 120, 84]","[65, 141, 71]","[146, 102, 20]","[55, 138, 140]","[108, 130, 107]","[66, 64, 65]","[5, 14, 4]","[66, 101, 67]"
2857,"[4, 12, 5]","[46, 45, 61]","[85, 158, 157]","[121, 77, 78]","[76, 175, 132]","[110, 112, 108]","[96, 169, 97]","[122, 123, 117]","[0, 36, 1]","[140, 134, 165]","[0, 14, 2]","[25, 101, 130]"
2858,"[8, 98, 99]","[82, 136, 52]","[6, 178, 5]","[160, 103, 104]","[87, 142, 86]","[163, 28, 56]","[120, 175, 33]","[141, 50, 139]","[71, 97, 148]","[162, 161, 180]","[154, 179, 156]","[130, 129, 128]"
2859,"[163, 19, 164]","[63, 62, 61]","[124, 30, 3]","[51, 49, 50]","[26, 78, 79]","[61, 59, 62]","[121, 46, 122]","[71, 74, 72]","[132, 16, 131]","[10, 7, 140]","[19, 10, 12]","[153, 64, 62]"
2860,"[62, 20, 19]","[135, 180, 71]","[3, 28, 2]","[23, 156, 157]","[3, 16, 2]","[115, 114, 96]","[93, 129, 130]","[152, 0, 7]","[9, 25, 24]","[123, 40, 87]","[0, 41, 1]","[78, 69, 173]"
2861,"[119, 37, 120]","[93, 130, 98]","[79, 154, 78]","[30, 124, 29]","[119, 93, 143]","[165, 166, 167]","[72, 119, 118]","[77, 45, 13]","[68, 8, 9]","[19, 18, 46]","[0, 7, 9]","[74, 72, 71]"
2862,"[3, 22, 4]","[173, 126, 127]","[148, 178, 177]","[29, 28, 30]","[52, 179, 180]","[151, 1, 0]","[84, 136, 83]","[5, 6, 2]","[27, 21, 51]","[144, 1, 151]","[179, 151, 177]","[44, 60, 43]"
2863,"[46, 113, 112]","[159, 161, 160]","[22, 45, 25]","[126, 111, 125]","[0, 131, 132]","[161, 160, 159]","[26, 92, 27]","[89, 53, 54]","[59, 99, 101]","[104, 32, 103]","[180, 174, 173]","[135, 134, 108]"
2864,"[175, 153, 174]","[90, 68, 91]","[21, 139, 22]","[57, 90, 92]","[24, 11, 20]","[136, 2, 3]","[103, 61, 102]","[28, 27, 38]","[71, 169, 150]","[52, 1, 51]","[136, 130, 131]","[18, 25, 28]"
2865,"[43, 75, 76]","[19, 121, 24]","[75, 81, 80]","[0, 35, 3]","[89, 44, 43]","[112, 113, 148]","[42, 175, 147]","[106, 107, 108]","[89, 44, 43]","[112, 14, 113]","[30, 36, 25]","[151, 155, 157]"
2866,"[0, 122, 1]","[164, 163, 161]","[56, 33, 55]","[87, 81, 82]","[23, 2, 24]","[82, 89, 90]","[139, 30, 29]","[64, 63, 62]","[2, 23, 3]","[165, 82, 164]","[14, 8, 13]","[180, 179, 109]"
2867,"[46, 13, 110]","[144, 142, 143]","[180, 105, 104]","[25, 69, 70]","[148, 125, 122]","[178, 133, 55]","[148, 139, 130]","[170, 12, 63]","[104, 147, 180]","[178, 177, 169]","[4, 37, 3]","[65, 61, 64]"
2868,"[45, 95, 120]","[28, 33, 29]","[120, 97, 136]","[155, 156, 86]","[92, 9, 10]","[72, 70, 58]","[84, 100, 147]","[34, 167, 166]","[0, 144, 12]","[63, 64, 59]","[5, 13, 4]","[126, 82, 60]"
2869,"[3, 14, 11]","[83, 155, 81]","[112, 89, 38]","[166, 12, 168]","[28, 172, 29]","[137, 37, 136]","[16, 160, 17]","[34, 26, 33]","[26, 170, 166]","[39, 38, 40]","[0, 6, 1]","[60, 58, 59]"
2870,"[5, 174, 175]","[117, 76, 116]","[29, 173, 30]","[167, 98, 99]","[81, 130, 180]","[141, 142, 75]","[15, 92, 90]","[116, 130, 117]","[134, 103, 128]","[157, 160, 159]","[14, 8, 13]","[110, 178, 109]"
2871,"[64, 28, 63]","[104, 102, 105]","[28, 63, 2]","[80, 160, 81]","[13, 152, 153]","[89, 164, 38]","[21, 153, 22]","[77, 76, 74]","[51, 138, 140]","[161, 164, 160]","[3, 16, 4]","[68, 45, 46]"
2872,"[18, 69, 70]","[47, 48, 79]","[156, 62, 152]","[26, 25, 27]","[1, 68, 0]","[104, 82, 98]","[109, 31, 179]","[76, 131, 73]","[0, 67, 1]","[81, 166, 82]","[15, 157, 16]","[41, 43, 42]"
2873,"[5, 20, 22]","[60, 82, 61]","[95, 143, 76]","[125, 124, 31]","[69, 28, 152]","[170, 169, 171]","[114, 78, 67]","[155, 160, 168]","[121, 153, 122]","[171, 146, 172]","[0, 9, 10]","[79, 78, 58]"
2874,"[109, 164, 163]","[18, 65, 17]","[102, 140, 141]","[37, 38, 36]","[133, 44, 134]","[63, 66, 64]","[173, 146, 171]","[50, 49, 51]","[134, 45, 131]","[152, 156, 151]","[178, 97, 98]","[58, 57, 30]"
2875,"[63, 30, 31]","[76, 82, 83]","[153, 9, 10]","[40, 180, 71]","[57, 17, 62]","[168, 169, 33]","[19, 63, 18]","[122, 123, 92]","[177, 113, 112]","[168, 38, 33]","[30, 36, 33]","[97, 98, 102]"
2876,"[70, 110, 162]","[6, 4, 5]","[95, 67, 91]","[132, 27, 129]","[142, 9, 143]","[128, 130, 32]","[167, 106, 107]","[52, 51, 47]","[2, 39, 161]","[29, 45, 28]","[0, 13, 12]","[138, 20, 96]"
2877,"[112, 34, 170]","[5, 7, 4]","[27, 172, 84]","[129, 128, 130]","[158, 25, 24]","[96, 102, 101]","[3, 11, 161]","[146, 155, 154]","[158, 25, 4]","[34, 105, 104]","[4, 13, 3]","[43, 42, 154]"
2878,"[105, 171, 54]","[7, 6, 4]","[158, 168, 167]","[139, 92, 1]","[17, 161, 3]","[111, 112, 77]","[180, 43, 46]","[11, 151, 4]","[17, 161, 48]","[68, 72, 76]","[0, 10, 1]","[66, 81, 168]"
2879,"[113, 176, 175]","[58, 137, 138]","[67, 24, 129]","[150, 143, 142]","[114, 175, 57]","[104, 155, 167]","[90, 119, 118]","[176, 178, 0]","[170, 8, 68]","[29, 105, 156]","[4, 16, 17]","[172, 46, 171]"
2880,"[31, 25, 29]","[143, 142, 144]","[0, 33, 34]","[94, 96, 11]","[4, 177, 174]","[90, 94, 87]","[147, 27, 26]","[93, 91, 56]","[53, 141, 180]","[25, 23, 24]","[59, 179, 180]","[74, 73, 70]"
2881,"[5, 11, 7]","[146, 177, 145]","[119, 25, 19]","[95, 96, 97]","[161, 25, 162]","[100, 98, 99]","[44, 154, 43]","[24, 40, 23]","[162, 25, 161]","[119, 77, 78]","[20, 30, 8]","[150, 151, 45]"
2882,"[45, 27, 46]","[88, 99, 100]","[106, 27, 28]","[80, 95, 41]","[27, 38, 2]","[81, 61, 79]","[180, 151, 33]","[128, 129, 154]","[104, 49, 103]","[80, 138, 81]","[0, 12, 3]","[157, 158, 112]"
2883,"[157, 13, 158]","[143, 137, 144]","[89, 155, 88]","[119, 117, 118]","[152, 8, 9]","[43, 41, 76]","[124, 169, 38]","[16, 83, 17]","[34, 100, 33]","[117, 116, 121]","[11, 42, 10]","[132, 121, 131]"
2884,"[19, 138, 20]","[49, 1, 159]","[69, 40, 21]","[173, 134, 27]","[135, 4, 134]","[22, 21, 23]","[35, 25, 29]","[92, 97, 158]","[81, 158, 5]","[104, 106, 105]","[163, 172, 162]","[46, 98, 47]"
2885,"[24, 165, 23]","[111, 155, 150]","[19, 67, 68]","[134, 107, 133]","[70, 123, 66]","[1, 0, 152]","[77, 130, 78]","[8, 9, 15]","[37, 87, 77]","[14, 13, 151]","[2, 22, 3]","[132, 140, 142]"
2886,"[90, 36, 95]","[65, 170, 124]","[85, 31, 30]","[155, 72, 74]","[120, 94, 119]","[9, 155, 147]","[133, 107, 38]","[72, 71, 171]","[31, 114, 175]","[155, 11, 163]","[152, 146, 147]","[139, 60, 58]"
2887,"[92, 166, 93]","[46, 43, 83]","[63, 131, 154]","[4, 2, 1]","[128, 100, 127]","[37, 157, 35]","[89, 29, 28]","[13, 120, 9]","[19, 103, 99]","[154, 155, 157]","[19, 5, 4]","[53, 54, 137]"
2888,"[132, 33, 133]","[69, 70, 71]","[0, 59, 1]","[167, 168, 29]","[6, 145, 144]","[72, 118, 119]","[29, 9, 30]","[97, 95, 96]","[178, 125, 126]","[72, 117, 59]","[142, 136, 143]","[100, 101, 102]"
2889,"[89, 118, 87]","[160, 161, 43]","[180, 143, 179]","[40, 42, 41]","[70, 169, 34]","[94, 60, 122]","[32, 146, 147]","[61, 82, 76]","[173, 136, 93]","[60, 59, 63]","[0, 15, 14]","[175, 59, 28]"
2890,"[160, 129, 162]","[111, 29, 179]","[94, 22, 95]","[49, 78, 50]","[180, 174, 168]","[35, 113, 64]","[96, 29, 28]","[133, 134, 7]","[160, 175, 3]","[35, 33, 64]","[133, 52, 134]","[89, 90, 88]"
2891,"[131, 64, 61]","[105, 106, 82]","[77, 58, 78]","[155, 154, 39]","[159, 109, 27]","[96, 131, 130]","[136, 102, 130]","[164, 163, 74]","[1, 20, 0]","[102, 104, 103]","[86, 96, 85]","[119, 164, 97]"
2892,"[99, 48, 100]","[145, 143, 142]","[145, 106, 147]","[49, 59, 52]","[76, 91, 90]","[45, 2, 53]","[60, 96, 58]","[163, 178, 179]","[78, 93, 79]","[52, 46, 58]","[1, 179, 178]","[19, 129, 16]"
2893,"[120, 159, 31]","[6, 50, 54]","[76, 163, 75]","[2, 1, 6]","[58, 107, 110]","[15, 4, 10]","[168, 130, 131]","[75, 46, 82]","[0, 97, 60]","[51, 95, 78]","[63, 24, 64]","[87, 89, 90]"
2894,"[138, 176, 136]","[164, 163, 22]","[105, 16, 152]","[54, 27, 137]","[1, 102, 13]","[81, 152, 151]","[90, 48, 49]","[3, 12, 95]","[66, 123, 1]","[51, 56, 53]","[8, 14, 7]","[40, 53, 39]"
2895,"[112, 141, 111]","[40, 39, 41]","[104, 44, 45]","[93, 68, 70]","[0, 82, 1]","[23, 131, 12]","[88, 17, 89]","[120, 119, 117]","[107, 72, 64]","[173, 174, 20]","[16, 3, 0]","[77, 78, 79]"
2896,"[102, 134, 111]","[64, 148, 65]","[23, 127, 22]","[93, 64, 39]","[113, 42, 1]","[95, 36, 96]","[26, 168, 92]","[126, 128, 127]","[42, 113, 132]","[177, 13, 12]","[119, 125, 120]","[2, 1, 35]"
2897,"[166, 172, 165]","[3, 37, 2]","[32, 101, 158]","[68, 127, 69]","[166, 145, 167]","[84, 83, 81]","[19, 76, 75]","[163, 20, 138]","[153, 173, 172]","[56, 54, 49]","[82, 76, 83]","[135, 134, 136]"
2898,"[34, 4, 3]","[143, 142, 141]","[1, 99, 0]","[15, 12, 14]","[24, 96, 111]","[80, 79, 81]","[83, 27, 143]","[34, 35, 36]","[97, 24, 96]","[79, 49, 160]","[99, 105, 97]","[39, 42, 41]"
2899,"[46, 146, 149]","[70, 72, 73]","[158, 52, 51]","[124, 141, 123]","[112, 171, 91]","[134, 122, 133]","[74, 106, 107]","[11, 10, 149]","[92, 172, 112]","[134, 122, 72]","[143, 36, 35]","[73, 76, 75]"
2900,"[7, 69, 70]","[124, 123, 122]","[23, 80, 81]","[46, 151, 150]","[20, 77, 4]","[46, 45, 47]","[130, 4, 25]","[166, 121, 167]","[4, 81, 80]","[50, 32, 30]","[0, 6, 174]","[87, 146, 88]"
2901,"[125, 4, 1]","[82, 83, 106]","[155, 149, 151]","[59, 58, 66]","[131, 111, 130]","[9, 2, 178]","[23, 84, 48]","[136, 96, 95]","[131, 111, 130]","[8, 7, 6]","[29, 20, 19]","[98, 79, 97]"
2902,"[145, 66, 22]","[106, 100, 104]","[80, 151, 0]","[110, 109, 108]","[162, 72, 161]","[58, 130, 107]","[8, 65, 5]","[47, 115, 91]","[67, 134, 180]","[104, 26, 107]","[180, 162, 66]","[0, 52, 92]"
2903,"[144, 41, 160]","[84, 83, 94]","[178, 81, 82]","[62, 93, 36]","[10, 179, 9]","[24, 46, 20]","[122, 13, 133]","[77, 69, 126]","[75, 172, 74]","[124, 125, 19]","[38, 32, 31]","[143, 144, 142]"
2904,"[140, 39, 38]","[53, 170, 14]","[5, 149, 150]","[103, 102, 107]","[83, 18, 84]","[26, 30, 28]","[149, 169, 90]","[128, 121, 3]","[180, 94, 36]","[46, 50, 45]","[5, 13, 3]","[71, 70, 72]"
2905,"[66, 104, 5]","[145, 143, 144]","[104, 162, 127]","[43, 42, 51]","[97, 60, 98]","[142, 143, 138]","[160, 134, 159]","[39, 77, 111]","[98, 61, 99]","[138, 113, 121]","[45, 51, 50]","[109, 98, 99]"
2906,"[75, 91, 45]","[127, 123, 11]","[68, 160, 148]","[95, 96, 93]","[38, 9, 37]","[159, 116, 72]","[116, 157, 117]","[6, 9, 7]","[38, 9, 37]","[32, 73, 72]","[92, 98, 93]","[121, 135, 120]"
2907,"[0, 161, 162]","[22, 145, 103]","[85, 51, 50]","[134, 137, 121]","[33, 45, 32]","[107, 93, 113]","[128, 31, 127]","[78, 79, 77]","[45, 33, 34]","[175, 3, 85]","[145, 151, 153]","[139, 119, 120]"
2908,"[141, 5, 48]","[128, 127, 126]","[160, 122, 71]","[44, 43, 41]","[15, 159, 160]","[90, 89, 91]","[77, 18, 78]","[133, 135, 136]","[153, 9, 156]","[122, 91, 123]","[6, 14, 8]","[126, 167, 106]"
2909,"[43, 95, 44]","[152, 150, 151]","[45, 8, 52]","[100, 101, 139]","[74, 29, 144]","[119, 124, 171]","[87, 24, 18]","[42, 43, 112]","[172, 22, 23]","[116, 149, 135]","[15, 19, 18]","[173, 150, 3]"
2910,"[151, 61, 169]","[93, 92, 14]","[152, 52, 153]","[63, 39, 64]","[43, 169, 170]","[6, 7, 5]","[161, 5, 160]","[28, 29, 30]","[177, 134, 133]","[26, 162, 160]","[0, 156, 157]","[51, 53, 6]"
2911,"[158, 8, 13]","[110, 136, 111]","[174, 9, 173]","[25, 102, 103]","[8, 118, 119]","[174, 173, 179]","[175, 169, 70]","[157, 32, 87]","[42, 11, 43]","[110, 94, 180]","[0, 9, 1]","[56, 58, 57]"
2912,"[49, 170, 48]","[68, 67, 142]","[89, 133, 88]","[128, 2, 147]","[94, 34, 93]","[61, 51, 49]","[84, 28, 99]","[55, 0, 10]","[93, 34, 121]","[0, 62, 61]","[122, 116, 18]","[51, 53, 96]"
2913,"[23, 166, 104]","[54, 55, 134]","[120, 28, 71]","[22, 26, 179]","[110, 30, 31]","[160, 162, 161]","[13, 65, 14]","[111, 113, 2]","[86, 134, 119]","[46, 168, 47]","[70, 8, 119]","[38, 37, 39]"
2914,"[107, 69, 68]","[179, 176, 177]","[8, 150, 9]","[56, 54, 72]","[138, 10, 139]","[42, 40, 45]","[47, 142, 138]","[150, 5, 4]","[140, 34, 139]","[122, 147, 116]","[50, 57, 56]","[63, 62, 36]"
2915,"[54, 11, 53]","[78, 174, 172]","[161, 52, 51]","[120, 79, 30]","[8, 26, 9]","[166, 123, 124]","[150, 71, 151]","[178, 177, 33]","[26, 8, 9]","[123, 122, 115]","[165, 159, 166]","[85, 77, 84]"
2916,"[57, 114, 82]","[129, 133, 130]","[3, 82, 4]","[74, 37, 72]","[41, 82, 43]","[148, 149, 145]","[96, 140, 97]","[135, 134, 88]","[82, 41, 45]","[147, 148, 149]","[159, 165, 158]","[106, 70, 129]"
2917,"[103, 10, 105]","[29, 44, 45]","[89, 154, 90]","[121, 6, 4]","[101, 131, 132]","[72, 70, 71]","[13, 164, 66]","[3, 50, 49]","[102, 132, 103]","[70, 74, 151]","[0, 7, 6]","[81, 82, 86]"
2918,"[157, 13, 158]","[115, 112, 113]","[112, 50, 48]","[64, 158, 159]","[160, 170, 159]","[114, 113, 52]","[154, 10, 93]","[78, 33, 32]","[104, 166, 102]","[114, 115, 64]","[180, 174, 179]","[147, 93, 95]"
2919,"[62, 96, 78]","[15, 22, 21]","[131, 50, 128]","[93, 56, 163]","[74, 165, 73]","[18, 13, 134]","[69, 39, 71]","[34, 137, 138]","[93, 69, 95]","[175, 18, 174]","[24, 7, 23]","[57, 58, 132]"
2920,"[141, 6, 142]","[64, 54, 81]","[17, 50, 98]","[104, 146, 135]","[90, 31, 32]","[151, 118, 141]","[96, 129, 60]","[157, 158, 155]","[90, 31, 135]","[151, 148, 121]","[46, 40, 47]","[119, 112, 118]"
2921,"[35, 87, 105]","[2, 132, 4]","[70, 100, 69]","[14, 16, 124]","[9, 153, 152]","[117, 0, 116]","[102, 13, 104]","[177, 178, 176]","[44, 172, 35]","[148, 151, 164]","[145, 177, 178]","[65, 64, 82]"
2922,"[18, 62, 15]","[115, 110, 111]","[29, 175, 30]","[46, 38, 44]","[49, 165, 96]","[69, 176, 67]","[63, 138, 105]","[94, 84, 93]","[143, 93, 94]","[179, 64, 63]","[43, 79, 77]","[127, 161, 159]"
2923,"[131, 27, 130]","[94, 95, 44]","[119, 15, 23]","[132, 140, 79]","[133, 168, 62]","[173, 177, 178]","[33, 64, 63]","[4, 2, 1]","[20, 121, 21]","[1, 107, 149]","[100, 94, 99]","[134, 144, 145]"
2924,"[56, 168, 138]","[104, 111, 112]","[2, 171, 91]","[116, 118, 119]","[124, 35, 123]","[102, 103, 6]","[51, 124, 50]","[76, 82, 109]","[124, 35, 123]","[106, 104, 105]","[161, 175, 176]","[4, 5, 111]"
2925,"[5, 75, 4]","[131, 130, 63]","[152, 92, 154]","[74, 75, 136]","[5, 52, 51]","[76, 73, 72]","[134, 140, 85]","[179, 0, 2]","[33, 158, 32]","[23, 73, 72]","[144, 138, 137]","[71, 179, 74]"
2926,"[28, 172, 171]","[38, 42, 36]","[32, 17, 91]","[144, 134, 132]","[10, 18, 8]","[94, 93, 144]","[93, 15, 70]","[169, 152, 154]","[177, 125, 82]","[162, 92, 79]","[0, 12, 39]","[54, 55, 42]"
2927,"[88, 179, 80]","[7, 8, 9]","[2, 153, 4]","[43, 41, 42]","[26, 37, 180]","[99, 54, 98]","[11, 152, 12]","[41, 170, 171]","[180, 4, 3]","[50, 59, 99]","[0, 10, 9]","[87, 79, 130]"
2928,"[38, 101, 100]","[143, 144, 142]","[72, 99, 33]","[158, 155, 156]","[30, 10, 31]","[93, 175, 115]","[28, 75, 30]","[18, 19, 10]","[62, 8, 61]","[110, 152, 153]","[46, 52, 47]","[73, 149, 115]"
2929,"[166, 22, 167]","[108, 107, 6]","[20, 43, 44]","[127, 133, 89]","[44, 7, 43]","[99, 98, 97]","[161, 100, 103]","[63, 134, 62]","[158, 121, 131]","[87, 86, 88]","[44, 23, 15]","[151, 153, 152]"
2930,"[32, 21, 22]","[112, 113, 114]","[112, 169, 111]","[159, 161, 160]","[89, 16, 88]","[112, 111, 105]","[95, 69, 68]","[164, 165, 26]","[41, 21, 18]","[5, 2, 0]","[0, 6, 101]","[5, 66, 4]"
2931,"[45, 173, 171]","[156, 155, 154]","[46, 165, 154]","[35, 78, 36]","[71, 123, 102]","[170, 27, 50]","[180, 132, 114]","[31, 30, 67]","[122, 69, 171]","[48, 37, 64]","[6, 12, 5]","[127, 50, 123]"
2932,"[17, 68, 40]","[112, 114, 113]","[97, 133, 141]","[88, 87, 54]","[180, 33, 40]","[167, 132, 134]","[162, 6, 31]","[171, 173, 174]","[20, 128, 21]","[176, 177, 3]","[92, 128, 91]","[145, 144, 143]"
2933,"[81, 120, 80]","[136, 135, 73]","[50, 8, 48]","[125, 164, 126]","[1, 38, 2]","[35, 171, 139]","[2, 40, 1]","[162, 166, 164]","[155, 126, 156]","[36, 35, 92]","[56, 65, 57]","[69, 99, 146]"
2934,"[90, 10, 88]","[129, 83, 23]","[134, 11, 133]","[34, 25, 70]","[15, 159, 9]","[34, 37, 35]","[149, 7, 36]","[135, 134, 106]","[15, 159, 14]","[34, 36, 38]","[3, 20, 2]","[56, 48, 60]"
2935,"[116, 31, 117]","[14, 101, 0]","[153, 9, 8]","[64, 60, 61]","[90, 111, 88]","[47, 13, 46]","[86, 155, 0]","[66, 65, 60]","[88, 110, 112]","[13, 45, 52]","[26, 9, 25]","[45, 46, 49]"
2936,"[131, 179, 178]","[112, 98, 33]","[134, 9, 8]","[116, 58, 57]","[172, 26, 27]","[129, 128, 97]","[5, 114, 3]","[153, 152, 157]","[32, 178, 33]","[156, 155, 161]","[32, 26, 25]","[121, 120, 93]"
2937,"[111, 18, 116]","[159, 156, 161]","[173, 29, 174]","[12, 10, 11]","[89, 152, 151]","[168, 167, 166]","[158, 14, 159]","[97, 104, 101]","[96, 56, 59]","[33, 31, 136]","[18, 7, 19]","[139, 171, 160]"
2938,"[159, 17, 177]","[132, 151, 135]","[99, 6, 98]","[41, 88, 69]","[153, 55, 154]","[18, 180, 33]","[81, 159, 160]","[31, 32, 5]","[88, 164, 65]","[20, 16, 21]","[12, 39, 38]","[84, 82, 95]"
2939,"[74, 40, 179]","[69, 68, 110]","[134, 21, 41]","[84, 105, 85]","[33, 7, 6]","[72, 112, 23]","[36, 27, 29]","[84, 112, 113]","[117, 148, 111]","[50, 87, 88]","[0, 22, 1]","[174, 175, 25]"
2940,"[74, 138, 139]","[119, 121, 120]","[127, 168, 62]","[78, 136, 180]","[144, 71, 69]","[54, 103, 102]","[8, 152, 9]","[72, 62, 118]","[124, 67, 125]","[101, 103, 49]","[178, 172, 179]","[33, 82, 2]"
2941,"[1, 60, 2]","[76, 77, 26]","[62, 116, 63]","[73, 98, 12]","[177, 42, 41]","[163, 73, 165]","[115, 151, 152]","[168, 170, 166]","[42, 177, 41]","[50, 53, 73]","[95, 89, 96]","[172, 171, 173]"
2942,"[40, 107, 175]","[58, 132, 53]","[179, 11, 58]","[34, 169, 106]","[71, 37, 70]","[78, 85, 77]","[60, 14, 27]","[153, 137, 139]","[35, 148, 125]","[175, 176, 174]","[28, 4, 26]","[174, 173, 172]"
2943,"[22, 75, 152]","[137, 130, 133]","[90, 167, 91]","[36, 87, 150]","[10, 31, 32]","[120, 119, 74]","[130, 13, 131]","[67, 66, 65]","[94, 61, 62]","[0, 112, 36]","[1, 7, 0]","[124, 34, 66]"
2944,"[28, 106, 105]","[7, 8, 59]","[156, 86, 160]","[66, 68, 67]","[35, 10, 34]","[111, 110, 112]","[65, 151, 66]","[108, 140, 54]","[93, 121, 120]","[76, 45, 99]","[77, 71, 78]","[140, 146, 145]"
2945,"[110, 171, 37]","[85, 84, 86]","[5, 134, 4]","[54, 113, 112]","[170, 59, 171]","[81, 80, 143]","[44, 96, 38]","[118, 113, 11]","[123, 56, 124]","[143, 150, 151]","[42, 7, 41]","[143, 148, 141]"
2946,"[149, 40, 41]","[87, 88, 92]","[40, 63, 39]","[102, 115, 112]","[5, 161, 3]","[64, 60, 66]","[114, 13, 55]","[80, 52, 25]","[3, 159, 2]","[66, 63, 125]","[180, 12, 166]","[90, 91, 72]"
2947,"[113, 168, 169]","[28, 27, 26]","[0, 168, 1]","[92, 60, 91]","[19, 7, 20]","[45, 82, 121]","[180, 32, 137]","[87, 98, 101]","[175, 143, 176]","[47, 46, 48]","[52, 46, 45]","[83, 82, 84]"
2948,"[30, 172, 39]","[103, 124, 123]","[6, 41, 7]","[106, 105, 104]","[3, 94, 4]","[40, 39, 62]","[83, 126, 125]","[36, 119, 117]","[78, 108, 1]","[39, 35, 59]","[20, 9, 19]","[69, 67, 66]"
2949,"[0, 29, 173]","[99, 139, 125]","[171, 7, 170]","[137, 139, 57]","[123, 48, 53]","[135, 65, 170]","[68, 129, 69]","[16, 15, 14]","[84, 171, 48]","[129, 127, 125]","[0, 22, 4]","[128, 131, 130]"
2950,"[155, 48, 157]","[108, 104, 111]","[46, 121, 45]","[141, 136, 6]","[45, 38, 44]","[119, 20, 12]","[143, 87, 80]","[16, 25, 28]","[128, 81, 111]","[119, 13, 151]","[35, 28, 0]","[155, 154, 162]"
2951,"[177, 30, 178]","[17, 14, 13]","[12, 142, 11]","[126, 120, 121]","[3, 37, 143]","[65, 14, 19]","[158, 117, 157]","[2, 7, 134]","[1, 35, 2]","[112, 64, 113]","[0, 17, 1]","[70, 73, 72]"
2952,"[44, 132, 147]","[123, 10, 122]","[149, 108, 74]","[50, 170, 57]","[2, 12, 3]","[134, 135, 136]","[101, 155, 91]","[29, 25, 135]","[18, 11, 23]","[65, 64, 63]","[0, 52, 51]","[76, 153, 176]"
2953,"[18, 162, 17]","[33, 38, 40]","[31, 80, 30]","[121, 86, 174]","[158, 169, 159]","[127, 145, 14]","[147, 135, 146]","[6, 114, 4]","[177, 171, 165]","[86, 87, 82]","[52, 93, 54]","[157, 160, 170]"
2954,"[92, 33, 35]","[43, 180, 60]","[26, 170, 169]","[150, 94, 9]","[52, 120, 40]","[83, 84, 109]","[159, 13, 160]","[123, 35, 172]","[37, 15, 171]","[27, 26, 25]","[14, 26, 46]","[180, 74, 178]"
2955,"[172, 26, 171]","[110, 109, 99]","[132, 106, 64]","[151, 149, 56]","[157, 144, 140]","[175, 154, 135]","[73, 121, 127]","[96, 94, 95]","[17, 8, 21]","[65, 69, 64]","[1, 7, 0]","[148, 151, 150]"
2956,"[180, 95, 173]","[127, 161, 78]","[7, 112, 8]","[163, 164, 169]","[3, 145, 1]","[147, 130, 134]","[151, 70, 176]","[105, 18, 17]","[94, 5, 92]","[32, 31, 30]","[61, 51, 63]","[142, 141, 69]"
2957,"[26, 20, 24]","[90, 91, 92]","[26, 17, 16]","[153, 154, 114]","[102, 8, 104]","[86, 84, 83]","[42, 69, 68]","[161, 10, 168]","[8, 102, 10]","[88, 89, 90]","[0, 24, 25]","[61, 101, 102]"
2958,"[180, 127, 126]","[118, 62, 119]","[74, 25, 1]","[105, 155, 106]","[81, 177, 43]","[16, 110, 83]","[133, 64, 65]","[128, 20, 35]","[60, 176, 81]","[149, 141, 150]","[0, 11, 1]","[150, 149, 170]"
2959,"[26, 103, 150]","[115, 118, 123]","[100, 10, 98]","[47, 108, 78]","[171, 160, 159]","[137, 59, 136]","[180, 49, 96]","[131, 132, 133]","[70, 40, 158]","[137, 31, 136]","[14, 7, 8]","[68, 73, 66]"
2960,"[126, 17, 176]","[102, 75, 73]","[30, 173, 21]","[158, 159, 176]","[180, 111, 110]","[84, 86, 45]","[80, 116, 59]","[101, 113, 163]","[180, 111, 147]","[39, 88, 65]","[112, 98, 113]","[92, 36, 69]"
2961,"[65, 95, 66]","[49, 172, 154]","[84, 142, 141]","[177, 178, 95]","[175, 166, 177]","[125, 128, 44]","[136, 94, 135]","[142, 39, 38]","[169, 160, 168]","[124, 123, 45]","[136, 142, 137]","[40, 39, 28]"
2962,"[0, 15, 1]","[66, 121, 120]","[19, 39, 64]","[88, 167, 165]","[154, 13, 153]","[54, 61, 92]","[115, 65, 104]","[25, 24, 164]","[17, 158, 16]","[57, 58, 175]","[2, 15, 4]","[71, 70, 106]"
2963,"[81, 169, 80]","[148, 101, 43]","[3, 173, 1]","[83, 12, 48]","[170, 58, 169]","[113, 110, 107]","[176, 78, 79]","[50, 139, 138]","[84, 55, 54]","[119, 120, 118]","[131, 179, 132]","[46, 10, 47]"
2964,"[158, 59, 157]","[108, 110, 119]","[161, 76, 162]","[55, 121, 52]","[32, 17, 33]","[107, 84, 105]","[21, 135, 41]","[56, 119, 57]","[32, 17, 82]","[106, 69, 127]","[20, 12, 64]","[111, 112, 110]"
2965,"[30, 50, 29]","[89, 81, 79]","[20, 134, 21]","[44, 43, 45]","[59, 119, 120]","[132, 131, 138]","[70, 141, 69]","[180, 136, 12]","[40, 107, 163]","[138, 135, 136]","[22, 6, 23]","[86, 94, 87]"
2966,"[176, 69, 70]","[48, 47, 53]","[149, 12, 43]","[75, 74, 179]","[151, 7, 155]","[31, 177, 173]","[96, 158, 98]","[58, 178, 57]","[163, 22, 96]","[118, 41, 58]","[51, 57, 180]","[75, 76, 77]"
2967,"[90, 144, 147]","[5, 14, 4]","[30, 129, 128]","[156, 177, 148]","[58, 105, 59]","[42, 44, 43]","[105, 134, 159]","[178, 179, 66]","[175, 55, 54]","[158, 159, 156]","[12, 1, 11]","[53, 49, 52]"
2968,"[109, 179, 178]","[139, 136, 91]","[166, 112, 165]","[24, 9, 8]","[178, 26, 14]","[162, 54, 53]","[150, 115, 72]","[162, 164, 163]","[161, 96, 166]","[57, 63, 139]","[163, 171, 162]","[58, 57, 43]"
2969,"[4, 139, 3]","[119, 33, 32]","[90, 106, 159]","[41, 40, 74]","[133, 46, 120]","[78, 49, 77]","[30, 58, 120]","[70, 71, 74]","[178, 117, 106]","[90, 89, 151]","[180, 49, 179]","[35, 31, 36]"
2970,"[178, 163, 177]","[144, 124, 145]","[165, 47, 166]","[80, 77, 154]","[78, 112, 111]","[130, 16, 55]","[162, 173, 161]","[76, 79, 19]","[135, 165, 79]","[45, 46, 55]","[180, 78, 179]","[23, 22, 19]"
2971,"[60, 155, 51]","[80, 77, 70]","[174, 68, 69]","[79, 100, 48]","[89, 24, 23]","[118, 110, 145]","[75, 167, 168]","[120, 153, 12]","[61, 38, 1]","[80, 79, 78]","[17, 3, 5]","[138, 112, 139]"
2972,"[179, 127, 180]","[54, 55, 53]","[18, 167, 123]","[65, 45, 37]","[35, 111, 129]","[45, 168, 171]","[114, 66, 65]","[173, 174, 167]","[111, 35, 147]","[168, 72, 1]","[1, 15, 0]","[46, 50, 90]"
2973,"[90, 65, 91]","[102, 101, 99]","[1, 86, 41]","[106, 105, 100]","[59, 76, 75]","[32, 46, 31]","[23, 167, 168]","[141, 143, 140]","[64, 169, 65]","[39, 44, 40]","[180, 174, 179]","[17, 16, 18]"
2974,"[154, 52, 131]","[79, 77, 78]","[69, 122, 67]","[85, 20, 84]","[150, 2, 64]","[50, 47, 16]","[71, 65, 73]","[163, 162, 30]","[160, 37, 158]","[17, 121, 91]","[17, 5, 18]","[113, 125, 122]"
2975,"[128, 12, 123]","[40, 45, 41]","[103, 110, 4]","[56, 57, 83]","[111, 65, 112]","[11, 8, 162]","[69, 92, 16]","[173, 176, 174]","[110, 131, 129]","[7, 8, 10]","[0, 9, 6]","[104, 103, 96]"
2976,"[42, 14, 41]","[35, 158, 87]","[15, 159, 14]","[138, 98, 96]","[72, 179, 180]","[132, 167, 168]","[152, 29, 151]","[19, 21, 47]","[29, 11, 30]","[131, 132, 166]","[0, 134, 135]","[46, 118, 83]"
2977,"[32, 120, 119]","[158, 162, 160]","[154, 10, 168]","[112, 113, 178]","[152, 120, 33]","[68, 69, 70]","[44, 115, 45]","[4, 1, 169]","[152, 120, 119]","[68, 69, 70]","[160, 166, 162]","[84, 83, 85]"
2978,"[82, 107, 83]","[177, 135, 31]","[89, 147, 88]","[53, 1, 54]","[68, 114, 95]","[33, 86, 148]","[45, 113, 110]","[11, 168, 178]","[52, 114, 157]","[83, 149, 148]","[60, 54, 53]","[74, 173, 96]"
2979,"[66, 167, 67]","[25, 26, 28]","[1, 49, 0]","[159, 172, 157]","[158, 172, 160]","[106, 101, 25]","[130, 47, 128]","[155, 120, 119]","[180, 147, 148]","[18, 19, 98]","[96, 63, 64]","[156, 175, 44]"
2980,"[157, 163, 168]","[58, 59, 60]","[140, 132, 133]","[87, 86, 89]","[0, 152, 151]","[108, 164, 107]","[149, 6, 151]","[85, 86, 34]","[0, 152, 2]","[124, 170, 171]","[15, 54, 97]","[154, 63, 158]"
2981,"[172, 10, 0]","[64, 22, 125]","[14, 174, 15]","[68, 69, 67]","[152, 8, 154]","[113, 34, 31]","[71, 117, 70]","[31, 38, 37]","[98, 33, 97]","[176, 85, 141]","[167, 173, 172]","[107, 82, 83]"
2982,"[18, 72, 19]","[62, 168, 106]","[138, 15, 73]","[171, 143, 54]","[7, 151, 2]","[169, 139, 142]","[36, 113, 26]","[91, 89, 62]","[1, 84, 49]","[163, 161, 25]","[18, 11, 19]","[95, 32, 58]"
2983,"[27, 150, 151]","[159, 161, 160]","[46, 159, 34]","[23, 11, 54]","[62, 17, 61]","[115, 154, 155]","[90, 147, 148]","[9, 4, 50]","[61, 159, 59]","[82, 154, 25]","[93, 15, 92]","[121, 120, 138]"
2984,"[2, 23, 1]","[98, 95, 97]","[146, 53, 147]","[118, 117, 95]","[125, 34, 126]","[115, 114, 113]","[58, 27, 57]","[177, 179, 104]","[73, 96, 74]","[22, 21, 171]","[178, 164, 177]","[122, 123, 119]"
2985,"[0, 180, 153]","[76, 80, 79]","[52, 87, 53]","[103, 101, 24]","[74, 120, 75]","[57, 91, 92]","[29, 176, 28]","[76, 116, 166]","[82, 171, 64]","[149, 150, 58]","[0, 11, 6]","[12, 93, 54]"
2986,"[157, 13, 155]","[150, 45, 176]","[31, 44, 43]","[13, 14, 178]","[83, 44, 43]","[167, 122, 166]","[116, 173, 80]","[24, 26, 25]","[83, 44, 81]","[122, 121, 160]","[1, 52, 0]","[87, 141, 89]"
2987,"[25, 159, 145]","[114, 98, 116]","[50, 159, 158]","[4, 140, 75]","[144, 36, 79]","[107, 110, 108]","[93, 151, 113]","[34, 82, 54]","[121, 79, 144]","[110, 107, 109]","[73, 18, 20]","[121, 49, 123]"
2988,"[14, 41, 167]","[4, 94, 93]","[24, 111, 25]","[2, 146, 98]","[34, 128, 35]","[62, 61, 57]","[32, 109, 108]","[16, 17, 18]","[128, 34, 129]","[179, 60, 12]","[87, 93, 86]","[108, 55, 109]"
2989,"[12, 54, 92]","[132, 134, 133]","[143, 25, 5]","[177, 176, 173]","[28, 8, 29]","[165, 166, 167]","[157, 47, 155]","[134, 133, 135]","[8, 134, 179]","[170, 52, 61]","[8, 32, 6]","[152, 150, 151]"
2990,"[108, 130, 129]","[42, 169, 41]","[58, 172, 164]","[139, 105, 36]","[174, 60, 172]","[104, 89, 88]","[127, 72, 128]","[177, 173, 174]","[141, 162, 107]","[116, 117, 115]","[0, 9, 7]","[157, 158, 10]"
2991,"[29, 103, 105]","[52, 169, 53]","[1, 88, 2]","[143, 67, 14]","[19, 97, 96]","[141, 54, 138]","[101, 131, 132]","[0, 1, 175]","[96, 166, 86]","[83, 82, 39]","[3, 15, 2]","[21, 61, 60]"
2992,"[127, 171, 121]","[93, 92, 141]","[180, 34, 6]","[109, 98, 65]","[36, 13, 34]","[137, 64, 65]","[177, 28, 178]","[10, 158, 96]","[134, 174, 180]","[137, 65, 110]","[2, 10, 3]","[67, 71, 96]"
2993,"[24, 117, 22]","[97, 79, 77]","[28, 139, 30]","[165, 164, 21]","[115, 166, 52]","[180, 68, 134]","[178, 131, 177]","[5, 171, 11]","[45, 6, 46]","[174, 172, 122]","[31, 6, 30]","[121, 122, 123]"
2994,"[159, 135, 95]","[174, 119, 114]","[106, 71, 104]","[59, 128, 34]","[31, 8, 30]","[147, 62, 146]","[62, 28, 63]","[116, 24, 45]","[52, 21, 53]","[105, 104, 90]","[28, 12, 18]","[63, 62, 121]"
2995,"[94, 54, 95]","[121, 120, 169]","[125, 69, 68]","[174, 175, 35]","[54, 125, 53]","[175, 16, 174]","[46, 125, 71]","[35, 4, 31]","[54, 125, 124]","[6, 152, 16]","[172, 140, 173]","[88, 89, 29]"
2996,"[71, 104, 108]","[137, 48, 82]","[174, 127, 126]","[23, 96, 120]","[144, 103, 143]","[62, 63, 36]","[3, 108, 131]","[98, 101, 99]","[175, 103, 104]","[85, 84, 114]","[174, 121, 172]","[101, 87, 125]"
2997,"[94, 76, 93]","[144, 150, 156]","[107, 39, 40]","[116, 115, 117]","[48, 73, 119]","[140, 98, 100]","[87, 162, 166]","[51, 49, 48]","[180, 25, 119]","[91, 98, 99]","[153, 160, 152]","[105, 39, 104]"
2998,"[96, 153, 152]","[179, 171, 174]","[63, 135, 64]","[87, 88, 9]","[147, 10, 146]","[76, 31, 38]","[171, 105, 104]","[73, 18, 6]","[146, 9, 145]","[87, 180, 173]","[12, 6, 13]","[157, 101, 169]"
2999,"[2, 143, 1]","[73, 74, 45]","[127, 169, 128]","[162, 72, 45]","[139, 99, 138]","[127, 94, 126]","[118, 26, 25]","[128, 127, 63]","[96, 74, 93]","[172, 173, 131]","[178, 17, 179]","[98, 131, 129]"
3000,"[170, 133, 169]","[153, 152, 150]","[112, 77, 78]","[6, 56, 153]","[92, 48, 47]","[127, 128, 153]","[75, 17, 16]","[4, 5, 2]","[34, 174, 33]","[163, 116, 162]","[149, 143, 144]","[63, 131, 29]"
3001,"[53, 146, 175]","[165, 101, 50]","[1, 22, 0]","[110, 47, 48]","[175, 130, 174]","[168, 40, 39]","[48, 88, 47]","[82, 40, 83]","[68, 3, 72]","[25, 32, 31]","[126, 120, 127]","[91, 92, 93]"
3002,"[24, 8, 32]","[144, 46, 143]","[80, 174, 108]","[131, 150, 161]","[141, 91, 86]","[163, 162, 0]","[16, 160, 15]","[96, 98, 97]","[85, 135, 86]","[96, 113, 95]","[174, 168, 167]","[103, 102, 129]"
3003,"[31, 15, 167]","[107, 110, 72]","[166, 87, 173]","[113, 0, 23]","[85, 110, 105]","[9, 11, 10]","[105, 51, 106]","[123, 124, 129]","[31, 4, 43]","[13, 11, 9]","[21, 3, 4]","[75, 93, 94]"
3004,"[174, 20, 175]","[95, 94, 96]","[19, 166, 20]","[15, 118, 141]","[149, 14, 148]","[117, 92, 93]","[100, 18, 133]","[170, 169, 168]","[180, 174, 143]","[36, 37, 35]","[4, 122, 7]","[170, 171, 176]"
3005,"[96, 176, 95]","[126, 125, 24]","[29, 177, 28]","[144, 145, 143]","[59, 8, 58]","[121, 122, 19]","[45, 92, 44]","[125, 147, 148]","[16, 157, 17]","[0, 129, 128]","[1, 173, 2]","[28, 29, 30]"
3006,"[130, 18, 131]","[156, 140, 155]","[154, 42, 152]","[148, 66, 144]","[36, 175, 176]","[145, 144, 146]","[131, 81, 132]","[120, 119, 51]","[107, 41, 59]","[131, 122, 132]","[176, 163, 175]","[89, 25, 24]"
3007,"[114, 170, 65]","[128, 26, 126]","[67, 43, 75]","[108, 105, 169]","[166, 108, 107]","[152, 151, 17]","[69, 123, 70]","[109, 39, 40]","[2, 74, 178]","[85, 41, 16]","[37, 55, 0]","[164, 163, 166]"
3008,"[160, 16, 161]","[0, 1, 86]","[62, 7, 58]","[100, 131, 176]","[12, 168, 77]","[37, 36, 29]","[83, 162, 163]","[98, 96, 99]","[161, 125, 83]","[96, 130, 131]","[180, 174, 173]","[90, 89, 82]"
3009,"[153, 128, 127]","[45, 94, 42]","[22, 166, 165]","[1, 0, 2]","[62, 34, 63]","[100, 99, 71]","[48, 170, 36]","[66, 63, 65]","[75, 140, 93]","[99, 100, 98]","[87, 93, 94]","[174, 113, 115]"
3010,"[152, 169, 154]","[134, 49, 48]","[158, 14, 15]","[50, 45, 46]","[155, 11, 154]","[48, 78, 53]","[12, 52, 15]","[105, 104, 106]","[157, 13, 92]","[74, 73, 51]","[111, 74, 102]","[169, 168, 170]"
3011,"[21, 106, 4]","[51, 71, 151]","[130, 29, 112]","[144, 74, 143]","[74, 117, 66]","[169, 46, 170]","[133, 50, 164]","[86, 88, 87]","[16, 125, 67]","[109, 108, 111]","[69, 113, 68]","[26, 180, 179]"
3012,"[45, 154, 163]","[126, 125, 5]","[28, 7, 27]","[146, 148, 138]","[31, 64, 34]","[108, 107, 98]","[175, 94, 95]","[0, 157, 1]","[67, 34, 33]","[16, 17, 125]","[141, 153, 86]","[24, 113, 114]"
3013,"[170, 26, 169]","[4, 2, 40]","[1, 132, 3]","[127, 29, 150]","[84, 23, 82]","[150, 34, 67]","[154, 81, 152]","[144, 31, 145]","[19, 79, 83]","[123, 44, 160]","[166, 160, 165]","[55, 47, 49]"
3014,"[108, 162, 177]","[67, 58, 48]","[47, 82, 81]","[156, 157, 158]","[99, 161, 100]","[123, 94, 135]","[94, 159, 95]","[168, 169, 167]","[97, 159, 32]","[179, 178, 177]","[1, 179, 0]","[117, 137, 112]"
3015,"[70, 27, 59]","[68, 33, 66]","[97, 125, 18]","[141, 161, 32]","[118, 91, 119]","[149, 85, 86]","[136, 129, 130]","[50, 55, 13]","[110, 14, 87]","[50, 48, 49]","[167, 63, 89]","[70, 71, 69]"
3016,"[74, 8, 7]","[48, 47, 50]","[73, 17, 74]","[41, 122, 100]","[55, 151, 15]","[129, 128, 84]","[124, 143, 141]","[2, 46, 0]","[180, 144, 143]","[31, 169, 170]","[0, 13, 1]","[63, 64, 62]"
3017,"[180, 98, 99]","[82, 80, 19]","[81, 120, 74]","[56, 62, 57]","[3, 169, 168]","[140, 24, 138]","[89, 129, 87]","[168, 167, 27]","[2, 168, 40]","[138, 139, 137]","[6, 170, 169]","[129, 128, 62]"
3018,"[76, 148, 77]","[5, 137, 140]","[4, 44, 3]","[123, 170, 172]","[26, 170, 169]","[126, 125, 127]","[67, 115, 147]","[35, 36, 32]","[180, 73, 179]","[10, 31, 55]","[0, 6, 1]","[124, 123, 109]"
3019,"[3, 129, 2]","[43, 42, 47]","[17, 88, 131]","[110, 108, 109]","[167, 23, 21]","[143, 139, 138]","[69, 11, 68]","[32, 154, 153]","[103, 30, 21]","[141, 142, 139]","[40, 48, 46]","[164, 75, 74]"
3020,"[134, 152, 151]","[45, 43, 48]","[94, 124, 81]","[28, 30, 29]","[99, 146, 31]","[38, 37, 40]","[7, 158, 157]","[175, 110, 63]","[99, 146, 59]","[37, 34, 36]","[154, 48, 151]","[161, 162, 164]"
3021,"[19, 31, 162]","[98, 97, 100]","[0, 73, 1]","[153, 157, 136]","[129, 29, 19]","[9, 10, 8]","[55, 78, 59]","[144, 143, 2]","[33, 166, 34]","[8, 7, 10]","[50, 56, 55]","[156, 155, 153]"
3022,"[154, 171, 177]","[51, 50, 49]","[58, 32, 48]","[142, 123, 146]","[78, 135, 81]","[28, 50, 38]","[101, 42, 100]","[129, 65, 78]","[175, 79, 137]","[29, 26, 28]","[0, 6, 176]","[118, 117, 8]"
3023,"[72, 22, 119]","[10, 46, 114]","[162, 175, 161]","[18, 14, 116]","[151, 4, 5]","[115, 114, 111]","[84, 143, 26]","[125, 127, 126]","[151, 4, 3]","[121, 37, 36]","[167, 161, 166]","[28, 173, 27]"
3024,"[28, 172, 165]","[92, 91, 93]","[95, 174, 173]","[6, 5, 7]","[89, 137, 88]","[79, 44, 80]","[84, 167, 83]","[136, 9, 138]","[137, 89, 136]","[151, 44, 156]","[12, 19, 20]","[108, 110, 114]"
3025,"[74, 11, 73]","[168, 22, 21]","[39, 176, 141]","[123, 129, 128]","[135, 54, 53]","[95, 180, 94]","[177, 116, 176]","[63, 62, 82]","[157, 85, 148]","[138, 174, 139]","[134, 117, 118]","[173, 94, 153]"
3026,"[109, 15, 108]","[60, 58, 69]","[178, 140, 177]","[47, 45, 46]","[61, 162, 124]","[77, 75, 76]","[25, 170, 24]","[80, 59, 142]","[125, 44, 101]","[167, 168, 88]","[2, 44, 43]","[69, 70, 178]"
3027,"[30, 3, 4]","[164, 99, 103]","[129, 120, 128]","[54, 51, 52]","[4, 154, 3]","[88, 50, 51]","[122, 7, 57]","[87, 78, 176]","[4, 154, 153]","[53, 101, 103]","[15, 39, 38]","[116, 115, 79]"
3028,"[157, 91, 89]","[45, 102, 101]","[69, 86, 124]","[172, 175, 176]","[21, 53, 108]","[133, 169, 130]","[34, 105, 85]","[177, 174, 8]","[94, 28, 31]","[168, 0, 169]","[0, 16, 15]","[130, 129, 131]"
3029,"[10, 154, 9]","[135, 136, 132]","[153, 9, 154]","[69, 76, 106]","[128, 72, 108]","[147, 78, 79]","[172, 3, 4]","[112, 111, 69]","[38, 7, 166]","[78, 79, 76]","[21, 5, 22]","[150, 148, 31]"
3030,"[5, 17, 6]","[64, 63, 62]","[119, 162, 163]","[54, 142, 2]","[18, 132, 15]","[139, 144, 140]","[5, 30, 6]","[120, 121, 122]","[40, 131, 39]","[2, 3, 0]","[23, 29, 22]","[44, 45, 100]"
3031,"[14, 37, 15]","[150, 54, 55]","[26, 10, 27]","[140, 139, 105]","[79, 8, 80]","[148, 103, 44]","[157, 112, 44]","[3, 2, 113]","[174, 13, 175]","[110, 41, 103]","[170, 57, 58]","[85, 84, 77]"
3032,"[15, 7, 13]","[160, 159, 158]","[72, 98, 136]","[35, 178, 36]","[179, 28, 2]","[159, 56, 57]","[180, 62, 61]","[44, 25, 43]","[81, 48, 80]","[177, 115, 55]","[3, 13, 1]","[79, 157, 133]"
3033,"[137, 80, 136]","[56, 19, 17]","[19, 62, 47]","[150, 151, 152]","[179, 120, 121]","[89, 92, 88]","[22, 122, 114]","[0, 3, 6]","[179, 119, 180]","[34, 84, 85]","[59, 53, 54]","[31, 138, 131]"
3034,"[74, 161, 75]","[56, 57, 58]","[180, 79, 115]","[23, 131, 107]","[1, 98, 0]","[29, 170, 31]","[39, 101, 35]","[123, 124, 60]","[91, 144, 85]","[113, 112, 141]","[134, 140, 133]","[149, 19, 178]"
3035,"[21, 152, 156]","[73, 70, 72]","[127, 98, 180]","[152, 82, 151]","[115, 158, 159]","[78, 172, 80]","[148, 17, 150]","[87, 97, 89]","[158, 115, 159]","[172, 71, 72]","[8, 1, 7]","[110, 170, 111]"
3036,"[177, 76, 62]","[35, 146, 39]","[106, 77, 54]","[148, 138, 95]","[178, 100, 76]","[12, 13, 14]","[34, 45, 43]","[162, 70, 56]","[136, 35, 135]","[45, 44, 43]","[40, 46, 47]","[146, 138, 145]"
3037,"[178, 111, 110]","[86, 50, 32]","[10, 154, 11]","[140, 43, 139]","[127, 95, 128]","[37, 40, 36]","[14, 5, 4]","[156, 158, 159]","[90, 125, 89]","[105, 104, 106]","[172, 110, 171]","[45, 46, 44]"
3038,"[0, 130, 84]","[154, 155, 108]","[107, 54, 106]","[180, 178, 179]","[122, 134, 180]","[76, 158, 159]","[56, 129, 106]","[73, 72, 74]","[176, 84, 0]","[29, 144, 146]","[167, 173, 174]","[106, 107, 121]"
3039,"[3, 12, 2]","[70, 71, 69]","[118, 149, 148]","[52, 53, 55]","[149, 131, 132]","[108, 95, 109]","[65, 130, 64]","[32, 33, 47]","[51, 177, 50]","[165, 17, 7]","[61, 11, 154]","[57, 59, 58]"
3040,"[165, 171, 76]","[158, 159, 154]","[77, 132, 49]","[25, 24, 26]","[1, 150, 0]","[126, 10, 151]","[16, 10, 19]","[98, 94, 164]","[178, 56, 133]","[135, 82, 83]","[164, 158, 165]","[106, 36, 29]"
3041,"[19, 81, 20]","[127, 128, 123]","[40, 176, 38]","[73, 162, 133]","[30, 19, 29]","[170, 105, 101]","[166, 64, 167]","[107, 24, 169]","[59, 117, 30]","[48, 46, 47]","[1, 23, 2]","[160, 161, 159]"
3042,"[93, 58, 94]","[47, 46, 49]","[76, 150, 77]","[48, 6, 7]","[2, 103, 0]","[12, 11, 83]","[143, 27, 140]","[46, 19, 18]","[163, 76, 164]","[34, 33, 55]","[13, 19, 12]","[171, 170, 20]"
3043,"[20, 28, 27]","[176, 177, 179]","[75, 99, 76]","[151, 152, 153]","[37, 95, 94]","[163, 84, 140]","[55, 94, 56]","[2, 1, 0]","[133, 91, 90]","[168, 147, 5]","[27, 9, 28]","[109, 112, 113]"
3044,"[44, 12, 43]","[95, 117, 133]","[173, 29, 165]","[132, 152, 92]","[2, 148, 149]","[121, 153, 115]","[159, 170, 153]","[106, 89, 179]","[75, 144, 145]","[165, 153, 147]","[100, 94, 93]","[156, 157, 127]"
3045,"[74, 40, 135]","[22, 23, 21]","[27, 123, 112]","[56, 85, 60]","[163, 43, 31]","[79, 123, 124]","[26, 88, 25]","[135, 137, 134]","[154, 172, 155]","[77, 79, 111]","[22, 6, 23]","[164, 177, 162]"
3046,"[40, 46, 42]","[160, 59, 158]","[92, 33, 46]","[118, 119, 158]","[11, 155, 8]","[77, 63, 0]","[38, 12, 180]","[95, 157, 94]","[91, 80, 179]","[3, 43, 64]","[35, 13, 12]","[116, 88, 86]"
3047,"[103, 13, 0]","[71, 172, 164]","[16, 39, 160]","[30, 162, 109]","[27, 166, 29]","[49, 134, 135]","[113, 63, 114]","[20, 27, 55]","[27, 166, 25]","[173, 174, 171]","[148, 171, 149]","[76, 15, 85]"
3048,"[118, 78, 125]","[31, 32, 143]","[124, 11, 5]","[177, 75, 178]","[76, 13, 17]","[90, 70, 96]","[172, 117, 178]","[100, 101, 99]","[145, 17, 76]","[90, 70, 170]","[41, 31, 39]","[43, 44, 80]"
3049,"[156, 133, 135]","[85, 84, 86]","[0, 165, 136]","[28, 59, 10]","[167, 42, 41]","[99, 101, 100]","[45, 103, 104]","[76, 78, 75]","[170, 46, 166]","[128, 134, 126]","[180, 6, 5]","[96, 32, 117]"
3050,"[33, 94, 79]","[156, 155, 106]","[53, 32, 52]","[174, 175, 176]","[91, 134, 127]","[81, 78, 177]","[147, 10, 148]","[0, 82, 79]","[128, 42, 91]","[69, 13, 49]","[178, 177, 171]","[108, 145, 142]"
3051,"[20, 108, 21]","[175, 176, 142]","[100, 8, 101]","[79, 150, 148]","[18, 32, 90]","[11, 103, 62]","[58, 24, 57]","[1, 5, 6]","[32, 18, 143]","[152, 171, 45]","[0, 11, 10]","[42, 41, 43]"
3052,"[107, 166, 3]","[151, 90, 91]","[177, 17, 16]","[84, 87, 117]","[116, 143, 9]","[29, 66, 65]","[109, 170, 111]","[56, 38, 37]","[50, 77, 76]","[65, 88, 168]","[0, 6, 1]","[101, 104, 73]"
3053,"[158, 92, 160]","[133, 129, 70]","[180, 160, 159]","[135, 136, 81]","[169, 25, 27]","[3, 0, 2]","[152, 113, 155]","[15, 16, 70]","[125, 143, 126]","[91, 114, 107]","[38, 8, 37]","[81, 77, 78]"
3054,"[105, 36, 118]","[17, 51, 16]","[23, 70, 69]","[106, 111, 95]","[112, 170, 111]","[162, 134, 155]","[146, 106, 110]","[8, 9, 7]","[106, 164, 35]","[101, 143, 1]","[2, 13, 3]","[73, 71, 70]"
3055,"[10, 165, 9]","[118, 120, 100]","[130, 175, 106]","[58, 57, 61]","[61, 173, 177]","[43, 117, 44]","[27, 70, 71]","[122, 7, 9]","[179, 62, 178]","[42, 43, 33]","[1, 18, 0]","[168, 145, 120]"
3056,"[73, 37, 18]","[88, 95, 87]","[1, 81, 0]","[100, 102, 23]","[64, 169, 25]","[157, 84, 156]","[27, 149, 115]","[65, 69, 167]","[122, 19, 1]","[157, 93, 11]","[0, 19, 18]","[154, 50, 160]"
3057,"[156, 163, 152]","[144, 142, 143]","[0, 169, 168]","[77, 145, 78]","[136, 60, 58]","[33, 78, 77]","[2, 8, 3]","[162, 163, 164]","[62, 138, 140]","[3, 2, 42]","[176, 60, 175]","[134, 47, 40]"
3058,"[12, 58, 148]","[83, 140, 84]","[148, 122, 147]","[95, 104, 87]","[3, 147, 146]","[102, 99, 103]","[129, 172, 173]","[113, 39, 116]","[121, 146, 120]","[25, 28, 24]","[101, 120, 100]","[64, 46, 47]"
3059,"[77, 112, 78]","[175, 176, 173]","[168, 14, 38]","[118, 151, 127]","[93, 25, 162]","[60, 59, 47]","[178, 88, 87]","[93, 64, 1]","[24, 119, 165]","[47, 50, 49]","[128, 122, 121]","[91, 36, 88]"
3060,"[173, 9, 13]","[155, 16, 73]","[175, 154, 176]","[142, 141, 104]","[180, 109, 9]","[35, 36, 34]","[42, 115, 101]","[165, 164, 166]","[180, 109, 16]","[35, 164, 36]","[32, 26, 33]","[75, 74, 70]"
3061,"[127, 20, 128]","[84, 83, 68]","[159, 15, 14]","[44, 128, 131]","[172, 134, 111]","[156, 155, 157]","[42, 148, 149]","[41, 109, 40]","[92, 31, 77]","[125, 124, 119]","[40, 138, 55]","[92, 165, 120]"
3062,"[28, 172, 27]","[40, 11, 143]","[104, 126, 125]","[14, 15, 16]","[20, 29, 178]","[13, 14, 134]","[81, 118, 116]","[58, 0, 17]","[40, 60, 42]","[14, 15, 132]","[30, 4, 29]","[136, 137, 175]"
3063,"[76, 23, 175]","[155, 136, 124]","[168, 94, 167]","[31, 30, 29]","[35, 82, 81]","[140, 106, 104]","[150, 15, 149]","[11, 179, 113]","[45, 12, 84]","[31, 110, 1]","[0, 12, 11]","[18, 17, 22]"
3064,"[142, 37, 1]","[96, 169, 165]","[107, 49, 106]","[154, 57, 152]","[105, 158, 167]","[69, 36, 87]","[112, 175, 173]","[134, 59, 60]","[139, 163, 138]","[69, 90, 23]","[0, 14, 2]","[27, 25, 28]"
3065,"[123, 97, 88]","[18, 140, 30]","[152, 126, 34]","[85, 60, 48]","[2, 159, 1]","[114, 111, 110]","[6, 140, 4]","[175, 173, 172]","[2, 134, 4]","[84, 114, 109]","[42, 30, 40]","[123, 122, 124]"
3066,"[137, 50, 136]","[165, 52, 92]","[38, 23, 35]","[121, 180, 179]","[9, 153, 8]","[141, 29, 108]","[156, 176, 160]","[131, 132, 134]","[66, 84, 67]","[39, 114, 41]","[51, 58, 59]","[100, 131, 176]"
3067,"[59, 48, 47]","[117, 116, 115]","[146, 9, 137]","[112, 80, 162]","[16, 133, 134]","[91, 90, 83]","[178, 20, 177]","[85, 86, 111]","[146, 29, 169]","[123, 10, 119]","[2, 17, 11]","[149, 101, 38]"
3068,"[68, 127, 69]","[24, 67, 23]","[113, 10, 11]","[128, 82, 129]","[27, 50, 47]","[87, 85, 86]","[180, 27, 179]","[160, 161, 4]","[147, 67, 28]","[87, 91, 88]","[13, 3, 5]","[144, 142, 143]"
3069,"[1, 172, 2]","[117, 166, 15]","[102, 143, 103]","[44, 5, 4]","[168, 28, 29]","[73, 72, 104]","[93, 4, 94]","[127, 166, 52]","[148, 6, 134]","[73, 72, 165]","[2, 99, 3]","[61, 21, 4]"
3070,"[98, 34, 78]","[53, 148, 48]","[166, 22, 160]","[125, 126, 143]","[117, 13, 158]","[173, 43, 41]","[12, 41, 81]","[174, 178, 175]","[83, 114, 84]","[25, 173, 171]","[117, 12, 180]","[13, 14, 37]"
3071,"[178, 47, 179]","[60, 25, 165]","[145, 68, 160]","[36, 10, 9]","[151, 5, 148]","[65, 64, 59]","[69, 141, 67]","[180, 78, 177]","[170, 148, 146]","[8, 7, 175]","[179, 173, 178]","[47, 48, 53]"
3072,"[163, 17, 38]","[114, 115, 116]","[122, 145, 121]","[168, 167, 169]","[20, 129, 127]","[64, 60, 77]","[129, 55, 128]","[140, 142, 86]","[154, 125, 16]","[31, 32, 33]","[2, 8, 3]","[140, 64, 101]"
3073,"[134, 17, 135]","[176, 66, 173]","[90, 129, 91]","[167, 166, 165]","[153, 10, 152]","[177, 176, 1]","[132, 93, 133]","[176, 29, 30]","[106, 161, 105]","[42, 43, 44]","[171, 113, 172]","[87, 102, 88]"
3074,"[66, 33, 58]","[123, 46, 168]","[55, 27, 131]","[123, 121, 126]","[91, 38, 7]","[164, 98, 97]","[40, 83, 57]","[139, 97, 99]","[50, 22, 38]","[164, 98, 97]","[82, 88, 87]","[159, 171, 172]"
3075,"[76, 7, 75]","[57, 56, 58]","[74, 179, 106]","[18, 23, 19]","[17, 60, 16]","[159, 158, 160]","[61, 24, 60]","[1, 0, 20]","[60, 17, 54]","[174, 158, 34]","[161, 155, 156]","[134, 120, 119]"
3076,"[25, 169, 178]","[3, 4, 0]","[108, 168, 96]","[4, 12, 6]","[6, 145, 144]","[172, 99, 17]","[36, 11, 35]","[98, 58, 5]","[45, 130, 46]","[17, 16, 24]","[1, 12, 10]","[13, 172, 171]"
3077,"[28, 172, 171]","[133, 132, 134]","[134, 47, 135]","[112, 109, 111]","[135, 46, 136]","[113, 125, 112]","[6, 16, 15]","[48, 46, 47]","[69, 154, 149]","[125, 66, 65]","[7, 93, 8]","[125, 99, 51]"
3078,"[84, 137, 83]","[112, 111, 113]","[132, 80, 86]","[126, 127, 123]","[178, 53, 177]","[160, 103, 158]","[39, 68, 143]","[124, 171, 112]","[20, 150, 26]","[92, 102, 157]","[17, 31, 16]","[115, 67, 68]"
3079,"[90, 28, 29]","[7, 161, 162]","[1, 144, 2]","[114, 115, 158]","[2, 45, 118]","[149, 148, 143]","[128, 16, 127]","[76, 78, 77]","[45, 2, 74]","[148, 149, 145]","[12, 2, 11]","[19, 18, 20]"
3080,"[124, 76, 122]","[160, 159, 142]","[102, 147, 105]","[64, 63, 65]","[77, 12, 13]","[72, 71, 68]","[32, 147, 146]","[7, 9, 54]","[177, 7, 8]","[123, 72, 57]","[37, 43, 36]","[60, 56, 63]"
3081,"[44, 106, 21]","[170, 86, 171]","[134, 5, 180]","[62, 61, 122]","[160, 67, 8]","[88, 87, 86]","[155, 48, 132]","[0, 64, 63]","[160, 67, 161]","[42, 43, 98]","[180, 98, 99]","[124, 125, 123]"
3082,"[47, 40, 160]","[24, 106, 73]","[109, 36, 35]","[77, 7, 82]","[72, 132, 131]","[93, 92, 90]","[75, 4, 162]","[17, 178, 128]","[131, 71, 132]","[156, 155, 157]","[25, 31, 24]","[70, 127, 71]"
3083,"[177, 23, 178]","[85, 86, 109]","[78, 21, 137]","[66, 67, 98]","[76, 18, 160]","[136, 137, 138]","[171, 165, 164]","[143, 117, 118]","[87, 160, 14]","[59, 44, 8]","[112, 106, 107]","[84, 140, 85]"
3084,"[63, 166, 165]","[132, 130, 157]","[105, 170, 169]","[8, 139, 20]","[82, 173, 33]","[145, 25, 144]","[45, 164, 68]","[18, 100, 99]","[31, 111, 173]","[25, 145, 106]","[0, 20, 19]","[98, 97, 95]"
3085,"[142, 86, 138]","[46, 47, 53]","[106, 146, 105]","[73, 72, 71]","[150, 179, 176]","[71, 65, 70]","[169, 175, 170]","[104, 89, 39]","[180, 108, 179]","[125, 119, 0]","[180, 174, 173]","[80, 118, 120]"
3086,"[39, 73, 147]","[180, 104, 100]","[144, 9, 145]","[81, 20, 79]","[31, 145, 32]","[74, 75, 167]","[56, 153, 154]","[42, 82, 94]","[0, 30, 31]","[126, 120, 72]","[19, 32, 27]","[64, 65, 62]"
3087,"[163, 157, 162]","[48, 47, 95]","[158, 98, 97]","[53, 82, 83]","[108, 163, 162]","[175, 176, 177]","[105, 178, 179]","[29, 30, 82]","[130, 53, 54]","[176, 177, 175]","[166, 100, 101]","[74, 75, 73]"
3088,"[100, 170, 55]","[94, 93, 87]","[108, 19, 175]","[88, 34, 153]","[10, 107, 11]","[93, 63, 64]","[46, 7, 108]","[74, 75, 76]","[86, 59, 89]","[158, 159, 148]","[19, 53, 20]","[158, 160, 68]"
3089,"[127, 70, 128]","[154, 153, 101]","[108, 23, 109]","[152, 150, 151]","[66, 27, 65]","[88, 87, 106]","[36, 122, 35]","[140, 136, 139]","[121, 61, 60]","[95, 163, 173]","[1, 23, 24]","[148, 159, 160]"
3090,"[34, 167, 5]","[73, 74, 72]","[18, 148, 149]","[88, 73, 90]","[99, 21, 100]","[74, 75, 7]","[30, 55, 32]","[12, 50, 13]","[105, 63, 102]","[7, 8, 12]","[0, 8, 9]","[38, 48, 119]"
3091,"[59, 35, 60]","[51, 10, 58]","[5, 63, 4]","[130, 174, 175]","[169, 30, 29]","[98, 42, 62]","[166, 58, 57]","[69, 24, 71]","[162, 124, 58]","[91, 90, 94]","[129, 117, 130]","[87, 68, 86]"
3092,"[164, 20, 19]","[69, 71, 73]","[60, 91, 82]","[144, 143, 147]","[123, 177, 5]","[142, 136, 135]","[153, 98, 152]","[24, 21, 22]","[160, 10, 123]","[40, 41, 42]","[180, 27, 179]","[65, 66, 64]"
3093,"[71, 145, 72]","[120, 116, 167]","[76, 152, 16]","[148, 177, 178]","[180, 4, 62]","[140, 76, 79]","[99, 141, 98]","[37, 36, 40]","[0, 7, 65]","[90, 140, 21]","[5, 11, 3]","[22, 21, 20]"
3094,"[100, 129, 128]","[163, 159, 36]","[112, 166, 116]","[144, 11, 53]","[8, 160, 60]","[84, 83, 38]","[63, 161, 160]","[8, 9, 77]","[159, 55, 160]","[84, 83, 82]","[1, 10, 0]","[58, 131, 57]"
3095,"[107, 59, 60]","[137, 141, 130]","[16, 160, 159]","[145, 146, 147]","[32, 18, 17]","[178, 82, 81]","[142, 107, 48]","[71, 105, 70]","[106, 43, 107]","[81, 82, 37]","[20, 14, 13]","[35, 36, 34]"
3096,"[153, 6, 162]","[130, 131, 132]","[164, 20, 21]","[5, 4, 0]","[128, 80, 54]","[6, 171, 169]","[161, 76, 163]","[172, 164, 34]","[66, 114, 175]","[147, 135, 148]","[0, 11, 12]","[87, 100, 86]"
3097,"[98, 154, 150]","[83, 142, 149]","[128, 25, 26]","[151, 75, 76]","[71, 92, 26]","[125, 138, 152]","[154, 105, 66]","[86, 87, 88]","[82, 61, 144]","[125, 127, 131]","[176, 9, 177]","[58, 57, 64]"
3098,"[22, 4, 50]","[54, 53, 103]","[142, 105, 106]","[85, 86, 89]","[155, 21, 17]","[85, 88, 89]","[29, 42, 28]","[90, 91, 176]","[14, 159, 118]","[28, 27, 85]","[0, 24, 23]","[135, 134, 136]"
3099,"[49, 137, 50]","[85, 83, 84]","[26, 105, 103]","[127, 129, 67]","[27, 10, 29]","[138, 140, 137]","[102, 175, 103]","[36, 128, 38]","[16, 8, 15]","[75, 89, 151]","[152, 160, 153]","[50, 108, 53]"
3100,"[24, 165, 164]","[78, 77, 79]","[67, 172, 68]","[126, 119, 115]","[145, 176, 175]","[15, 77, 83]","[89, 152, 90]","[41, 42, 66]","[67, 143, 66]","[17, 0, 15]","[90, 23, 22]","[118, 120, 115]"
3101,"[103, 16, 102]","[57, 59, 65]","[150, 20, 10]","[139, 43, 110]","[23, 11, 16]","[50, 168, 169]","[19, 53, 99]","[92, 94, 97]","[23, 7, 6]","[180, 73, 61]","[2, 8, 9]","[98, 13, 97]"
3102,"[106, 11, 12]","[43, 61, 19]","[170, 178, 166]","[32, 114, 98]","[72, 115, 69]","[16, 163, 179]","[131, 176, 174]","[16, 142, 143]","[79, 143, 142]","[177, 98, 97]","[158, 179, 137]","[61, 56, 60]"
3103,"[129, 162, 128]","[85, 93, 106]","[8, 120, 9]","[127, 43, 45]","[71, 165, 164]","[93, 42, 107]","[7, 27, 8]","[80, 82, 81]","[134, 106, 105]","[40, 41, 39]","[155, 161, 154]","[44, 43, 19]"
3104,"[109, 92, 94]","[61, 59, 62]","[48, 144, 109]","[70, 147, 71]","[0, 32, 33]","[45, 46, 59]","[178, 144, 142]","[18, 83, 84]","[5, 12, 4]","[138, 111, 77]","[39, 18, 40]","[93, 91, 92]"
3105,"[66, 9, 8]","[54, 55, 56]","[62, 53, 61]","[102, 101, 107]","[85, 29, 39]","[144, 60, 59]","[150, 98, 70]","[173, 174, 127]","[164, 43, 160]","[9, 53, 12]","[0, 14, 13]","[106, 107, 108]"
3106,"[3, 179, 63]","[70, 81, 129]","[145, 40, 39]","[87, 86, 85]","[18, 67, 58]","[137, 139, 140]","[79, 133, 136]","[85, 12, 4]","[58, 163, 57]","[164, 180, 165]","[0, 16, 17]","[126, 130, 127]"
3107,"[61, 104, 62]","[163, 164, 12]","[66, 32, 33]","[55, 95, 96]","[2, 11, 3]","[102, 23, 55]","[166, 100, 167]","[39, 40, 37]","[68, 113, 114]","[168, 162, 165]","[174, 24, 172]","[134, 137, 116]"
3108,"[135, 11, 134]","[139, 55, 33]","[161, 63, 162]","[166, 167, 127]","[14, 144, 130]","[51, 52, 67]","[54, 11, 53]","[86, 85, 4]","[7, 172, 170]","[136, 134, 133]","[158, 164, 156]","[118, 86, 85]"
3109,"[55, 149, 56]","[83, 84, 87]","[158, 14, 19]","[35, 36, 34]","[40, 10, 41]","[162, 91, 174]","[2, 167, 168]","[69, 68, 62]","[36, 101, 38]","[120, 117, 66]","[10, 26, 27]","[66, 117, 65]"
3110,"[155, 63, 160]","[69, 70, 31]","[135, 39, 3]","[167, 166, 164]","[127, 1, 126]","[27, 30, 28]","[108, 65, 107]","[153, 154, 99]","[0, 126, 1]","[87, 148, 145]","[0, 9, 10]","[134, 135, 137]"
3111,"[156, 69, 138]","[1, 99, 0]","[176, 153, 11]","[97, 93, 96]","[25, 59, 58]","[70, 44, 69]","[42, 109, 166]","[25, 2, 1]","[59, 25, 24]","[70, 69, 71]","[61, 55, 62]","[138, 115, 121]"
3112,"[55, 163, 59]","[82, 81, 40]","[177, 54, 180]","[81, 80, 164]","[36, 175, 37]","[83, 15, 118]","[57, 105, 104]","[158, 157, 159]","[163, 4, 180]","[14, 45, 13]","[92, 98, 91]","[162, 161, 163]"
3113,"[44, 66, 81]","[34, 33, 4]","[143, 167, 144]","[41, 40, 42]","[63, 169, 62]","[8, 7, 2]","[12, 148, 147]","[41, 93, 40]","[150, 6, 63]","[76, 77, 78]","[22, 163, 21]","[91, 90, 104]"
3114,"[5, 14, 2]","[58, 71, 137]","[28, 158, 26]","[87, 170, 81]","[65, 38, 36]","[127, 126, 73]","[15, 150, 19]","[43, 42, 44]","[0, 121, 63]","[66, 111, 126]","[163, 172, 169]","[60, 157, 32]"
3115,"[172, 9, 107]","[74, 73, 77]","[178, 13, 179]","[113, 114, 55]","[141, 134, 135]","[43, 42, 41]","[20, 151, 19]","[88, 172, 89]","[95, 34, 25]","[70, 71, 64]","[1, 14, 2]","[127, 124, 105]"
3116,"[26, 54, 25]","[5, 119, 94]","[107, 29, 105]","[94, 95, 131]","[75, 151, 76]","[26, 27, 2]","[28, 57, 29]","[168, 165, 74]","[77, 153, 75]","[26, 135, 24]","[35, 29, 34]","[40, 39, 98]"
3117,"[156, 167, 150]","[99, 100, 4]","[58, 19, 62]","[120, 92, 82]","[119, 151, 121]","[162, 96, 23]","[166, 22, 23]","[151, 84, 53]","[50, 171, 85]","[165, 164, 163]","[0, 22, 23]","[161, 160, 159]"
3118,"[105, 69, 71]","[11, 129, 178]","[25, 14, 24]","[84, 85, 83]","[128, 45, 129]","[132, 50, 51]","[41, 140, 138]","[27, 19, 28]","[45, 127, 128]","[26, 54, 88]","[28, 13, 14]","[42, 41, 98]"
3119,"[122, 174, 123]","[42, 43, 138]","[15, 159, 22]","[0, 149, 142]","[53, 133, 1]","[82, 71, 10]","[27, 164, 24]","[61, 113, 135]","[6, 149, 5]","[67, 53, 54]","[0, 17, 1]","[101, 100, 66]"
3120,"[57, 12, 54]","[93, 94, 92]","[176, 7, 175]","[42, 43, 56]","[178, 67, 173]","[100, 118, 117]","[61, 16, 62]","[153, 155, 154]","[27, 75, 26]","[98, 96, 97]","[25, 7, 0]","[98, 70, 69]"
3121,"[29, 177, 178]","[93, 78, 94]","[120, 1, 83]","[98, 99, 180]","[180, 75, 128]","[95, 53, 55]","[120, 60, 59]","[142, 141, 144]","[70, 179, 180]","[96, 29, 55]","[49, 2, 3]","[82, 81, 80]"
3122,"[153, 9, 152]","[114, 146, 147]","[0, 89, 90]","[105, 129, 64]","[180, 67, 66]","[25, 21, 75]","[2, 84, 139]","[14, 32, 13]","[54, 99, 53]","[65, 69, 77]","[132, 12, 133]","[47, 48, 163]"
3123,"[178, 76, 179]","[39, 155, 151]","[179, 41, 178]","[145, 146, 18]","[2, 58, 97]","[82, 145, 160]","[175, 131, 132]","[143, 151, 149]","[5, 81, 7]","[82, 147, 149]","[180, 14, 177]","[18, 17, 171]"
3124,"[14, 7, 15]","[146, 111, 144]","[24, 68, 10]","[120, 3, 78]","[117, 72, 115]","[153, 42, 161]","[116, 152, 153]","[17, 0, 166]","[79, 170, 69]","[37, 46, 36]","[8, 23, 5]","[46, 45, 146]"
3125,"[19, 170, 78]","[158, 55, 53]","[176, 19, 170]","[139, 31, 5]","[4, 58, 57]","[133, 103, 144]","[135, 60, 58]","[177, 178, 180]","[32, 61, 33]","[104, 103, 98]","[63, 69, 62]","[40, 136, 129]"
3126,"[19, 139, 39]","[112, 123, 124]","[37, 135, 36]","[48, 47, 50]","[104, 49, 176]","[164, 157, 149]","[0, 53, 33]","[27, 88, 127]","[176, 111, 177]","[34, 137, 35]","[29, 13, 28]","[53, 173, 172]"
3127,"[3, 138, 4]","[81, 83, 82]","[79, 132, 78]","[140, 141, 44]","[90, 66, 88]","[164, 163, 162]","[180, 42, 177]","[118, 88, 67]","[33, 58, 40]","[164, 163, 162]","[172, 58, 171]","[87, 107, 106]"
3128,"[111, 16, 17]","[38, 33, 37]","[134, 19, 27]","[82, 77, 81]","[92, 161, 160]","[144, 25, 26]","[92, 143, 142]","[145, 146, 147]","[99, 76, 66]","[146, 25, 147]","[137, 155, 138]","[76, 114, 115]"
3129,"[64, 76, 120]","[152, 130, 22]","[180, 33, 171]","[43, 41, 42]","[33, 7, 32]","[131, 65, 155]","[58, 159, 62]","[13, 125, 80]","[7, 33, 6]","[73, 71, 55]","[93, 161, 92]","[13, 70, 14]"
3130,"[174, 18, 88]","[23, 24, 59]","[105, 33, 8]","[44, 168, 42]","[148, 92, 93]","[1, 6, 0]","[78, 123, 122]","[16, 15, 14]","[155, 100, 92]","[1, 60, 61]","[17, 11, 15]","[24, 64, 63]"
3131,"[106, 17, 16]","[129, 127, 128]","[2, 8, 1]","[143, 83, 144]","[159, 169, 160]","[10, 11, 68]","[119, 174, 173]","[157, 159, 37]","[40, 7, 41]","[71, 176, 27]","[27, 44, 45]","[100, 160, 133]"
3132,"[84, 144, 143]","[97, 115, 60]","[105, 148, 153]","[87, 42, 88]","[180, 150, 149]","[97, 91, 102]","[10, 64, 65]","[46, 41, 40]","[0, 150, 1]","[73, 71, 82]","[3, 9, 2]","[135, 97, 136]"
3133,"[92, 75, 91]","[2, 1, 30]","[6, 164, 141]","[38, 119, 39]","[57, 87, 56]","[8, 6, 100]","[134, 79, 133]","[164, 106, 104]","[22, 140, 21]","[101, 105, 118]","[180, 149, 119]","[157, 17, 160]"
3134,"[132, 60, 139]","[160, 152, 164]","[51, 39, 80]","[71, 74, 127]","[97, 7, 173]","[125, 111, 71]","[40, 161, 160]","[20, 21, 58]","[15, 149, 16]","[71, 73, 81]","[1, 7, 8]","[55, 54, 84]"
3135,"[33, 125, 131]","[37, 40, 92]","[178, 112, 177]","[169, 170, 99]","[134, 108, 133]","[88, 87, 89]","[157, 33, 90]","[136, 173, 135]","[110, 53, 51]","[79, 61, 115]","[144, 150, 148]","[174, 39, 175]"
3136,"[30, 6, 31]","[103, 164, 102]","[38, 120, 37]","[116, 22, 21]","[42, 35, 72]","[103, 56, 15]","[44, 11, 45]","[170, 171, 180]","[138, 107, 8]","[104, 103, 102]","[72, 78, 77]","[125, 160, 127]"
3137,"[171, 27, 173]","[42, 39, 37]","[26, 108, 107]","[179, 84, 132]","[70, 173, 68]","[52, 51, 133]","[170, 118, 110]","[9, 13, 11]","[42, 159, 158]","[127, 126, 57]","[30, 18, 29]","[142, 143, 53]"
3138,"[107, 73, 106]","[14, 21, 22]","[153, 14, 154]","[52, 55, 2]","[128, 166, 125]","[51, 15, 52]","[70, 17, 69]","[26, 25, 104]","[167, 130, 166]","[84, 21, 82]","[160, 166, 159]","[44, 43, 45]"
3139,"[4, 29, 124]","[119, 37, 175]","[31, 87, 10]","[121, 122, 119]","[69, 115, 112]","[151, 156, 157]","[118, 159, 119]","[14, 5, 57]","[49, 61, 62]","[77, 151, 76]","[16, 10, 0]","[22, 151, 23]"
3140,"[10, 43, 25]","[109, 110, 108]","[135, 23, 53]","[92, 85, 87]","[180, 106, 105]","[38, 39, 41]","[2, 70, 107]","[167, 160, 168]","[131, 115, 133]","[61, 76, 62]","[46, 33, 45]","[86, 85, 93]"
3141,"[40, 11, 13]","[101, 149, 150]","[65, 89, 51]","[37, 38, 29]","[5, 11, 6]","[158, 155, 76]","[145, 26, 122]","[93, 94, 92]","[4, 14, 3]","[153, 154, 155]","[1, 32, 0]","[83, 179, 126]"
3142,"[160, 16, 158]","[48, 49, 43]","[159, 13, 37]","[65, 67, 87]","[22, 122, 87]","[140, 141, 118]","[82, 159, 80]","[120, 100, 124]","[18, 98, 20]","[169, 168, 171]","[71, 64, 63]","[127, 100, 128]"
3143,"[0, 178, 2]","[157, 158, 96]","[92, 31, 129]","[118, 64, 165]","[57, 30, 14]","[76, 117, 116]","[149, 27, 151]","[119, 146, 17]","[56, 29, 28]","[87, 84, 85]","[12, 6, 13]","[115, 138, 62]"
3144,"[85, 23, 126]","[43, 103, 104]","[29, 149, 28]","[134, 8, 7]","[91, 64, 89]","[112, 111, 115]","[82, 151, 80]","[101, 94, 170]","[64, 91, 90]","[52, 54, 168]","[44, 38, 37]","[87, 88, 151]"
3145,"[115, 19, 167]","[27, 71, 46]","[28, 172, 171]","[142, 143, 141]","[132, 115, 131]","[1, 81, 0]","[71, 134, 135]","[61, 60, 77]","[95, 86, 94]","[0, 2, 1]","[0, 10, 43]","[139, 150, 151]"
3146,"[124, 42, 107]","[155, 152, 150]","[94, 11, 44]","[160, 36, 158]","[143, 83, 29]","[16, 19, 10]","[155, 59, 58]","[13, 22, 21]","[27, 150, 107]","[35, 57, 31]","[20, 8, 19]","[70, 103, 27]"
3147,"[119, 12, 120]","[63, 149, 148]","[153, 175, 173]","[6, 18, 14]","[30, 87, 90]","[23, 170, 115]","[47, 29, 74]","[159, 169, 161]","[8, 133, 132]","[119, 118, 114]","[0, 7, 2]","[12, 13, 96]"
3148,"[136, 107, 139]","[21, 20, 117]","[158, 105, 19]","[34, 85, 86]","[21, 142, 20]","[77, 80, 86]","[74, 51, 75]","[133, 116, 111]","[84, 57, 58]","[34, 33, 32]","[6, 24, 7]","[107, 104, 108]"
3149,"[128, 122, 71]","[149, 148, 40]","[151, 13, 129]","[111, 45, 110]","[89, 3, 90]","[178, 49, 48]","[116, 26, 27]","[111, 112, 61]","[60, 50, 119]","[10, 11, 12]","[2, 18, 17]","[149, 150, 151]"
3150,"[30, 154, 29]","[100, 99, 101]","[139, 101, 15]","[51, 50, 114]","[58, 41, 57]","[144, 145, 178]","[35, 87, 34]","[74, 76, 75]","[50, 167, 168]","[144, 39, 30]","[0, 6, 1]","[43, 44, 45]"
3151,"[10, 67, 55]","[33, 35, 136]","[180, 42, 69]","[155, 156, 157]","[61, 29, 60]","[179, 101, 99]","[4, 88, 116]","[134, 171, 61]","[29, 61, 30]","[98, 99, 101]","[6, 16, 15]","[100, 99, 169]"
3152,"[52, 106, 53]","[13, 15, 14]","[115, 85, 152]","[66, 180, 68]","[9, 108, 72]","[118, 117, 156]","[64, 36, 148]","[14, 23, 128]","[155, 97, 98]","[130, 125, 175]","[36, 42, 35]","[96, 95, 97]"
3153,"[72, 41, 43]","[156, 78, 121]","[1, 85, 90]","[164, 158, 69]","[4, 70, 69]","[170, 47, 103]","[134, 7, 14]","[26, 83, 25]","[27, 171, 170]","[123, 122, 124]","[38, 23, 24]","[82, 81, 161]"
3154,"[106, 117, 116]","[17, 151, 101]","[65, 31, 179]","[40, 41, 39]","[68, 109, 99]","[146, 145, 160]","[62, 97, 96]","[8, 15, 22]","[34, 122, 68]","[146, 160, 145]","[4, 175, 5]","[83, 19, 135]"
3155,"[49, 75, 48]","[135, 83, 26]","[84, 13, 86]","[151, 147, 124]","[161, 17, 19]","[31, 32, 45]","[84, 53, 97]","[136, 80, 135]","[156, 12, 154]","[143, 141, 142]","[0, 18, 1]","[163, 167, 162]"
3156,"[162, 50, 52]","[147, 146, 96]","[29, 115, 116]","[61, 64, 105]","[56, 35, 97]","[139, 24, 25]","[180, 110, 169]","[124, 161, 96]","[172, 80, 79]","[154, 6, 1]","[176, 9, 180]","[141, 125, 140]"
3157,"[40, 6, 151]","[138, 137, 107]","[132, 33, 164]","[68, 69, 145]","[29, 162, 28]","[44, 47, 48]","[173, 112, 126]","[49, 48, 51]","[79, 166, 80]","[49, 50, 48]","[20, 9, 21]","[145, 146, 144]"
3158,"[177, 94, 58]","[148, 128, 146]","[138, 114, 34]","[19, 18, 132]","[4, 179, 111]","[77, 78, 75]","[38, 7, 8]","[67, 85, 25]","[179, 6, 178]","[138, 72, 137]","[24, 179, 33]","[61, 96, 80]"
3159,"[63, 100, 154]","[66, 32, 30]","[45, 170, 39]","[140, 141, 133]","[169, 25, 170]","[117, 116, 119]","[103, 144, 92]","[111, 109, 23]","[3, 122, 83]","[142, 145, 143]","[55, 49, 54]","[166, 142, 108]"
3160,"[123, 61, 19]","[43, 44, 102]","[120, 14, 119]","[146, 150, 68]","[56, 176, 55]","[67, 128, 68]","[23, 75, 22]","[134, 136, 68]","[65, 94, 162]","[5, 6, 4]","[1, 32, 0]","[103, 95, 94]"
3161,"[165, 113, 160]","[140, 19, 178]","[172, 135, 115]","[100, 108, 161]","[89, 129, 87]","[7, 109, 39]","[115, 20, 147]","[62, 45, 54]","[119, 79, 87]","[7, 63, 8]","[2, 73, 3]","[50, 51, 52]"
3162,"[96, 123, 100]","[48, 55, 33]","[27, 153, 180]","[56, 44, 51]","[3, 40, 4]","[35, 34, 32]","[0, 21, 1]","[154, 140, 153]","[2, 39, 44]","[31, 34, 35]","[2, 25, 3]","[32, 43, 137]"
3163,"[107, 131, 104]","[157, 15, 158]","[139, 84, 32]","[108, 161, 112]","[180, 113, 12]","[145, 146, 35]","[175, 52, 174]","[151, 152, 150]","[180, 59, 60]","[25, 36, 39]","[24, 15, 16]","[144, 145, 162]"
3164,"[172, 14, 180]","[157, 146, 155]","[161, 15, 0]","[122, 45, 89]","[149, 80, 93]","[102, 101, 55]","[33, 88, 71]","[106, 105, 103]","[97, 22, 98]","[90, 105, 46]","[0, 6, 1]","[99, 169, 166]"
3165,"[4, 12, 13]","[169, 168, 51]","[27, 86, 87]","[102, 101, 76]","[47, 25, 43]","[162, 161, 167]","[157, 95, 155]","[158, 159, 161]","[177, 7, 11]","[103, 34, 114]","[9, 21, 0]","[146, 104, 171]"
3166,"[165, 93, 0]","[80, 81, 79]","[56, 158, 29]","[2, 45, 43]","[22, 164, 155]","[58, 99, 142]","[21, 131, 179]","[73, 72, 112]","[154, 66, 152]","[139, 138, 180]","[19, 117, 21]","[79, 80, 180]"
3167,"[30, 179, 20]","[122, 116, 86]","[138, 14, 140]","[96, 97, 61]","[176, 13, 175]","[18, 71, 162]","[101, 157, 162]","[6, 69, 130]","[131, 170, 139]","[166, 162, 78]","[42, 33, 41]","[134, 83, 90]"
3168,"[95, 75, 85]","[138, 129, 139]","[161, 175, 179]","[144, 143, 132]","[19, 57, 56]","[170, 144, 43]","[104, 74, 73]","[101, 26, 25]","[25, 162, 82]","[171, 170, 169]","[1, 7, 0]","[92, 79, 81]"
3169,"[1, 165, 0]","[146, 145, 144]","[157, 15, 73]","[96, 97, 88]","[168, 38, 171]","[23, 22, 24]","[161, 27, 26]","[77, 76, 75]","[114, 147, 115]","[121, 124, 102]","[0, 146, 147]","[70, 112, 71]"
3170,"[34, 160, 35]","[65, 63, 150]","[163, 145, 143]","[176, 95, 56]","[54, 156, 168]","[63, 29, 34]","[43, 92, 97]","[115, 1, 116]","[11, 146, 168]","[63, 21, 20]","[178, 167, 173]","[80, 81, 79]"
3171,"[150, 80, 149]","[113, 112, 111]","[149, 92, 148]","[0, 113, 9]","[176, 45, 44]","[62, 138, 63]","[10, 177, 178]","[153, 156, 61]","[176, 45, 44]","[60, 138, 61]","[31, 37, 38]","[128, 118, 129]"
3172,"[0, 59, 66]","[119, 122, 149]","[43, 23, 22]","[13, 126, 134]","[66, 41, 65]","[97, 96, 103]","[154, 10, 153]","[84, 2, 0]","[58, 116, 66]","[97, 96, 95]","[144, 36, 145]","[120, 117, 119]"
3173,"[26, 170, 25]","[16, 69, 156]","[45, 14, 15]","[143, 144, 145]","[39, 69, 40]","[162, 139, 163]","[169, 179, 168]","[113, 111, 109]","[39, 69, 40]","[162, 164, 163]","[53, 47, 52]","[114, 92, 115]"
3174,"[170, 102, 103]","[84, 89, 88]","[111, 72, 110]","[153, 154, 155]","[161, 98, 180]","[178, 177, 147]","[37, 92, 91]","[78, 162, 163]","[81, 59, 161]","[73, 24, 178]","[89, 83, 82]","[60, 140, 141]"
3175,"[148, 154, 151]","[4, 96, 64]","[172, 28, 27]","[134, 146, 135]","[24, 77, 85]","[60, 59, 159]","[56, 134, 55]","[157, 103, 159]","[90, 41, 92]","[159, 160, 161]","[0, 12, 11]","[74, 73, 75]"
3176,"[178, 147, 94]","[115, 167, 37]","[126, 85, 84]","[156, 157, 159]","[150, 61, 151]","[120, 119, 118]","[60, 151, 43]","[104, 24, 39]","[63, 113, 152]","[139, 138, 137]","[96, 169, 95]","[35, 33, 27]"
3177,"[153, 17, 157]","[74, 121, 75]","[15, 4, 2]","[85, 84, 87]","[171, 27, 29]","[130, 121, 4]","[97, 177, 158]","[120, 54, 93]","[151, 53, 52]","[120, 57, 74]","[40, 34, 42]","[63, 64, 62]"
3178,"[120, 6, 121]","[75, 70, 156]","[160, 5, 4]","[39, 65, 66]","[7, 15, 6]","[143, 139, 137]","[2, 161, 1]","[107, 17, 158]","[1, 9, 2]","[142, 43, 42]","[154, 160, 153]","[131, 132, 62]"
3179,"[67, 31, 116]","[131, 125, 124]","[145, 106, 105]","[10, 14, 13]","[109, 172, 118]","[148, 93, 149]","[91, 151, 175]","[128, 125, 127]","[109, 172, 63]","[149, 148, 178]","[0, 9, 8]","[144, 141, 142]"
3180,"[121, 69, 68]","[25, 34, 175]","[111, 75, 76]","[63, 62, 66]","[131, 6, 132]","[31, 88, 92]","[69, 168, 3]","[113, 138, 112]","[167, 20, 131]","[27, 95, 173]","[145, 139, 144]","[103, 8, 46]"
3181,"[90, 174, 175]","[67, 66, 60]","[90, 143, 89]","[71, 72, 70]","[155, 11, 156]","[131, 133, 86]","[73, 139, 137]","[5, 3, 2]","[157, 13, 158]","[134, 135, 124]","[40, 7, 8]","[147, 51, 155]"
3182,"[42, 142, 88]","[44, 86, 43]","[48, 156, 117]","[102, 101, 100]","[178, 152, 179]","[91, 93, 15]","[0, 6, 26]","[180, 87, 86]","[142, 6, 164]","[15, 90, 14]","[16, 9, 17]","[47, 48, 46]"
3183,"[180, 111, 135]","[87, 174, 38]","[82, 103, 102]","[60, 62, 146]","[119, 26, 24]","[70, 141, 69]","[84, 56, 85]","[118, 139, 117]","[32, 121, 177]","[142, 145, 144]","[0, 6, 1]","[45, 17, 44]"
3184,"[140, 171, 141]","[91, 28, 92]","[103, 121, 104]","[32, 29, 31]","[74, 46, 10]","[107, 108, 109]","[86, 143, 159]","[117, 121, 116]","[74, 46, 165]","[107, 106, 109]","[19, 172, 173]","[93, 91, 92]"
3185,"[50, 17, 54]","[35, 88, 180]","[136, 61, 84]","[69, 71, 92]","[33, 13, 34]","[174, 3, 4]","[144, 107, 143]","[158, 72, 101]","[105, 43, 46]","[6, 4, 3]","[180, 174, 138]","[56, 124, 75]"
3186,"[71, 163, 161]","[43, 42, 83]","[156, 10, 11]","[55, 138, 54]","[123, 179, 178]","[96, 115, 98]","[8, 87, 7]","[19, 18, 17]","[176, 122, 123]","[115, 117, 118]","[2, 23, 1]","[151, 110, 109]"
3187,"[180, 82, 179]","[76, 164, 28]","[153, 123, 32]","[62, 63, 84]","[136, 45, 138]","[108, 162, 107]","[123, 77, 173]","[43, 93, 23]","[139, 23, 136]","[163, 164, 162]","[0, 27, 26]","[69, 68, 67]"
3188,"[9, 15, 16]","[40, 41, 42]","[58, 114, 171]","[39, 77, 38]","[84, 160, 159]","[16, 179, 15]","[3, 122, 2]","[17, 16, 15]","[172, 96, 170]","[66, 67, 138]","[118, 124, 125]","[66, 56, 108]"
3189,"[114, 6, 84]","[175, 178, 18]","[166, 159, 167]","[116, 21, 144]","[62, 93, 63]","[79, 106, 177]","[28, 172, 34]","[92, 4, 5]","[158, 178, 0]","[154, 133, 132]","[168, 162, 161]","[90, 91, 72]"
3190,"[8, 29, 66]","[94, 131, 61]","[152, 8, 16]","[76, 42, 95]","[47, 142, 46]","[65, 127, 115]","[147, 7, 146]","[127, 64, 178]","[142, 47, 141]","[64, 65, 112]","[165, 4, 3]","[89, 82, 90]"
3191,"[115, 35, 116]","[147, 52, 53]","[150, 12, 176]","[79, 109, 107]","[177, 111, 178]","[32, 52, 31]","[26, 170, 25]","[68, 127, 69]","[169, 11, 141]","[64, 115, 9]","[36, 29, 30]","[88, 87, 80]"
3192,"[28, 116, 29]","[45, 46, 47]","[74, 136, 73]","[45, 42, 33]","[29, 94, 30]","[146, 144, 143]","[86, 93, 85]","[128, 16, 17]","[69, 28, 70]","[149, 148, 146]","[45, 39, 38]","[131, 130, 106]"
3193,"[164, 28, 163]","[109, 104, 108]","[17, 131, 16]","[30, 135, 39]","[89, 156, 90]","[131, 11, 180]","[165, 60, 146]","[90, 76, 139]","[156, 89, 90]","[11, 131, 13]","[59, 66, 60]","[39, 40, 38]"
3194,"[4, 122, 121]","[173, 172, 138]","[133, 12, 130]","[61, 99, 103]","[20, 148, 21]","[59, 58, 62]","[92, 152, 93]","[111, 112, 110]","[0, 142, 1]","[15, 16, 17]","[88, 82, 80]","[147, 159, 156]"
3195,"[31, 74, 32]","[161, 162, 119]","[57, 178, 180]","[39, 12, 27]","[10, 141, 97]","[62, 176, 121]","[3, 143, 142]","[97, 137, 63]","[154, 46, 42]","[161, 162, 63]","[0, 13, 1]","[168, 167, 169]"
3196,"[27, 12, 28]","[180, 0, 178]","[165, 21, 164]","[33, 74, 32]","[136, 58, 138]","[38, 131, 173]","[52, 119, 54]","[30, 31, 32]","[136, 58, 135]","[33, 34, 32]","[55, 23, 30]","[116, 126, 125]"
3197,"[151, 73, 160]","[89, 118, 88]","[92, 160, 161]","[16, 13, 15]","[171, 148, 150]","[98, 106, 91]","[171, 20, 172]","[6, 5, 112]","[171, 148, 76]","[15, 14, 12]","[1, 9, 2]","[116, 115, 33]"
3198,"[172, 157, 171]","[53, 52, 14]","[8, 23, 24]","[106, 124, 105]","[180, 128, 99]","[164, 157, 165]","[2, 35, 34]","[152, 153, 151]","[85, 100, 86]","[165, 168, 166]","[3, 155, 63]","[85, 79, 84]"
3199,"[178, 61, 57]","[44, 82, 157]","[137, 103, 152]","[59, 109, 60]","[132, 75, 134]","[149, 24, 150]","[155, 34, 154]","[107, 146, 126]","[94, 161, 81]","[148, 147, 146]","[39, 33, 38]","[171, 170, 172]"
3200,"[48, 170, 50]","[62, 61, 104]","[131, 162, 161]","[149, 151, 153]","[115, 53, 116]","[92, 89, 88]","[106, 68, 67]","[60, 59, 62]","[164, 20, 19]","[82, 81, 90]","[32, 38, 33]","[138, 72, 169]"
3201,"[3, 174, 2]","[41, 134, 40]","[43, 52, 44]","[138, 141, 156]","[179, 45, 180]","[7, 0, 117]","[139, 160, 140]","[96, 89, 90]","[169, 25, 168]","[115, 112, 15]","[2, 8, 1]","[100, 139, 106]"
3202,"[33, 132, 133]","[167, 138, 101]","[20, 8, 13]","[97, 157, 158]","[163, 26, 25]","[88, 51, 132]","[148, 92, 162]","[45, 3, 44]","[90, 31, 28]","[132, 133, 135]","[0, 8, 7]","[56, 58, 59]"
3203,"[156, 12, 155]","[147, 36, 130]","[134, 41, 31]","[68, 167, 69]","[112, 76, 113]","[125, 86, 124]","[133, 59, 58]","[5, 8, 9]","[101, 6, 100]","[132, 130, 127]","[2, 15, 3]","[45, 46, 39]"
3204,"[63, 164, 60]","[37, 113, 30]","[140, 107, 105]","[12, 13, 14]","[0, 47, 75]","[101, 119, 116]","[180, 79, 76]","[106, 107, 104]","[80, 28, 54]","[63, 62, 61]","[35, 145, 31]","[64, 63, 77]"
3205,"[76, 32, 129]","[84, 83, 88]","[105, 179, 106]","[138, 139, 136]","[163, 99, 161]","[53, 54, 52]","[155, 86, 84]","[56, 80, 10]","[30, 108, 0]","[176, 177, 136]","[0, 15, 13]","[103, 104, 168]"
3206,"[81, 174, 179]","[149, 150, 148]","[146, 156, 166]","[66, 67, 55]","[82, 113, 83]","[93, 8, 94]","[99, 31, 146]","[49, 48, 50]","[0, 26, 27]","[21, 162, 93]","[19, 6, 20]","[100, 61, 96]"
3207,"[101, 123, 56]","[72, 6, 9]","[101, 157, 102]","[39, 38, 37]","[93, 161, 162]","[146, 61, 2]","[38, 72, 30]","[62, 61, 60]","[22, 163, 93]","[60, 127, 61]","[19, 27, 18]","[159, 77, 30]"
3208,"[30, 129, 29]","[95, 94, 147]","[174, 118, 175]","[98, 94, 99]","[30, 56, 77]","[7, 6, 5]","[107, 153, 154]","[75, 76, 3]","[49, 23, 24]","[167, 6, 5]","[8, 14, 0]","[57, 134, 144]"
3209,"[120, 164, 119]","[144, 83, 101]","[75, 109, 161]","[154, 155, 64]","[2, 47, 3]","[60, 149, 65]","[180, 63, 91]","[13, 67, 4]","[68, 113, 111]","[22, 146, 53]","[27, 11, 26]","[61, 63, 38]"
3210,"[63, 89, 90]","[47, 45, 46]","[115, 169, 168]","[123, 121, 57]","[27, 171, 28]","[103, 128, 38]","[101, 20, 161]","[16, 13, 95]","[164, 20, 21]","[0, 2, 1]","[87, 93, 96]","[130, 129, 175]"
3211,"[45, 83, 102]","[13, 180, 14]","[2, 113, 3]","[67, 70, 69]","[157, 13, 151]","[135, 138, 134]","[63, 22, 19]","[98, 97, 4]","[180, 29, 65]","[142, 141, 139]","[4, 10, 3]","[37, 75, 36]"
3212,"[41, 28, 42]","[139, 142, 86]","[152, 14, 150]","[62, 101, 110]","[28, 5, 4]","[53, 140, 54]","[159, 138, 166]","[74, 72, 129]","[28, 5, 18]","[139, 53, 132]","[60, 54, 53]","[69, 68, 131]"
3213,"[105, 129, 106]","[57, 169, 3]","[4, 178, 0]","[110, 111, 169]","[0, 18, 1]","[72, 128, 34]","[29, 64, 24]","[147, 23, 111]","[3, 24, 2]","[126, 146, 125]","[15, 25, 26]","[46, 45, 48]"
3214,"[152, 32, 31]","[78, 12, 11]","[65, 39, 178]","[124, 67, 22]","[39, 131, 60]","[68, 81, 151]","[124, 70, 18]","[51, 49, 33]","[180, 40, 91]","[115, 164, 161]","[164, 170, 163]","[54, 122, 81]"
3215,"[82, 66, 65]","[103, 12, 105]","[74, 57, 59]","[144, 12, 17]","[180, 44, 52]","[86, 109, 130]","[75, 30, 72]","[139, 161, 61]","[41, 166, 42]","[151, 114, 13]","[0, 111, 110]","[130, 129, 141]"
3216,"[169, 25, 170]","[36, 37, 34]","[100, 155, 1]","[125, 150, 175]","[39, 83, 40]","[128, 71, 75]","[23, 167, 22]","[150, 38, 135]","[52, 10, 51]","[93, 166, 71]","[5, 21, 176]","[115, 114, 116]"
3217,"[17, 46, 21]","[5, 175, 174]","[168, 47, 51]","[127, 77, 110]","[92, 70, 71]","[47, 39, 45]","[100, 37, 99]","[150, 64, 65]","[144, 56, 81]","[178, 40, 177]","[168, 15, 166]","[165, 162, 163]"
3218,"[117, 146, 116]","[170, 171, 172]","[23, 154, 0]","[81, 80, 143]","[162, 12, 52]","[145, 154, 95]","[62, 7, 43]","[29, 78, 140]","[168, 45, 180]","[110, 144, 17]","[140, 146, 141]","[69, 41, 93]"
3219,"[155, 37, 151]","[102, 98, 3]","[51, 101, 99]","[32, 33, 39]","[1, 170, 44]","[122, 104, 13]","[59, 91, 90]","[161, 162, 159]","[109, 144, 42]","[54, 122, 104]","[11, 22, 21]","[84, 87, 85]"
3220,"[169, 25, 170]","[156, 83, 125]","[177, 52, 176]","[124, 122, 125]","[37, 12, 148]","[51, 47, 59]","[69, 9, 12]","[101, 103, 3]","[37, 73, 36]","[130, 132, 131]","[0, 6, 1]","[26, 165, 164]"
3221,"[119, 179, 96]","[118, 117, 172]","[5, 62, 18]","[110, 109, 112]","[53, 10, 52]","[145, 113, 175]","[43, 62, 63]","[10, 11, 12]","[53, 10, 18]","[113, 149, 42]","[3, 34, 4]","[110, 127, 109]"
3222,"[169, 105, 175]","[92, 88, 89]","[126, 151, 123]","[14, 13, 17]","[179, 140, 180]","[102, 107, 103]","[7, 151, 4]","[105, 178, 179]","[180, 141, 140]","[112, 107, 113]","[6, 29, 10]","[44, 64, 67]"
3223,"[165, 96, 95]","[49, 47, 48]","[4, 163, 3]","[180, 63, 179]","[20, 164, 26]","[64, 137, 65]","[3, 157, 31]","[104, 55, 150]","[19, 7, 20]","[42, 43, 160]","[0, 8, 7]","[98, 99, 174]"
3224,"[44, 21, 43]","[171, 172, 170]","[29, 144, 159]","[118, 60, 129]","[99, 43, 44]","[135, 62, 3]","[34, 129, 32]","[149, 151, 174]","[28, 84, 41]","[177, 176, 6]","[172, 166, 173]","[83, 7, 82]"
3225,"[150, 72, 149]","[85, 9, 84]","[18, 60, 19]","[113, 125, 134]","[53, 19, 128]","[116, 180, 45]","[1, 50, 0]","[178, 177, 101]","[53, 19, 52]","[152, 10, 11]","[169, 109, 107]","[66, 133, 90]"
3226,"[97, 47, 46]","[174, 176, 175]","[121, 32, 31]","[59, 61, 63]","[118, 66, 62]","[57, 166, 95]","[73, 8, 55]","[116, 148, 149]","[158, 25, 119]","[94, 92, 172]","[0, 14, 4]","[32, 57, 59]"
3227,"[91, 176, 89]","[54, 53, 69]","[79, 132, 122]","[61, 65, 66]","[26, 139, 27]","[76, 75, 95]","[145, 64, 63]","[101, 102, 103]","[21, 134, 40]","[18, 47, 17]","[20, 14, 8]","[130, 137, 136]"
3228,"[159, 167, 160]","[177, 178, 179]","[159, 45, 158]","[58, 59, 60]","[153, 9, 154]","[141, 142, 41]","[73, 178, 74]","[2, 175, 172]","[94, 53, 55]","[3, 116, 117]","[0, 9, 15]","[108, 109, 106]"
3229,"[0, 34, 35]","[129, 120, 121]","[107, 40, 42]","[160, 161, 159]","[137, 86, 87]","[0, 108, 178]","[27, 171, 28]","[82, 125, 42]","[27, 16, 55]","[28, 19, 178]","[58, 9, 60]","[157, 66, 159]"
3230,"[50, 151, 122]","[161, 96, 162]","[154, 174, 151]","[78, 48, 79]","[24, 168, 25]","[38, 134, 135]","[0, 25, 26]","[179, 178, 180]","[30, 129, 8]","[62, 145, 72]","[9, 3, 11]","[178, 80, 78]"
3231,"[38, 94, 35]","[51, 49, 180]","[5, 146, 145]","[138, 137, 172]","[54, 159, 53]","[112, 113, 133]","[44, 151, 43]","[27, 26, 74]","[60, 174, 59]","[93, 100, 130]","[29, 41, 25]","[159, 130, 97]"
3232,"[173, 133, 153]","[178, 180, 28]","[126, 7, 9]","[171, 168, 170]","[140, 161, 141]","[110, 111, 112]","[169, 179, 180]","[94, 33, 34]","[45, 66, 93]","[112, 111, 113]","[0, 6, 1]","[135, 134, 85]"
3233,"[8, 69, 66]","[132, 133, 86]","[28, 111, 51]","[88, 86, 95]","[151, 69, 105]","[28, 29, 93]","[41, 158, 98]","[32, 70, 33]","[153, 72, 154]","[55, 33, 25]","[24, 3, 33]","[95, 94, 70]"
3234,"[152, 158, 163]","[67, 68, 63]","[152, 6, 5]","[10, 23, 88]","[129, 111, 159]","[102, 9, 103]","[27, 158, 113]","[138, 142, 61]","[93, 5, 94]","[38, 39, 45]","[161, 179, 178]","[42, 44, 67]"
3235,"[99, 65, 66]","[56, 58, 169]","[156, 150, 155]","[89, 32, 93]","[180, 164, 170]","[92, 104, 91]","[134, 171, 135]","[0, 24, 137]","[45, 70, 77]","[1, 2, 0]","[2, 20, 9]","[89, 86, 85]"
3236,"[92, 62, 93]","[29, 59, 138]","[165, 21, 164]","[112, 41, 42]","[25, 171, 5]","[78, 65, 64]","[89, 166, 90]","[17, 16, 15]","[130, 54, 47]","[74, 75, 160]","[131, 137, 132]","[107, 50, 49]"
3237,"[112, 71, 162]","[179, 178, 180]","[90, 123, 91]","[32, 36, 35]","[102, 14, 100]","[145, 83, 84]","[98, 57, 109]","[75, 0, 74]","[48, 129, 49]","[84, 82, 77]","[106, 100, 101]","[99, 180, 98]"
3238,"[136, 178, 179]","[160, 105, 69]","[2, 134, 98]","[58, 59, 83]","[24, 8, 23]","[57, 56, 16]","[31, 108, 32]","[63, 144, 161]","[24, 8, 23]","[16, 57, 61]","[12, 87, 7]","[23, 24, 22]"
3239,"[52, 102, 51]","[83, 82, 37]","[108, 132, 41]","[173, 174, 12]","[46, 5, 4]","[179, 65, 63]","[166, 38, 36]","[159, 160, 179]","[0, 6, 127]","[8, 9, 7]","[0, 1, 6]","[4, 3, 75]"
3240,"[55, 35, 56]","[163, 84, 85]","[138, 124, 139]","[98, 47, 151]","[180, 169, 166]","[152, 68, 150]","[180, 86, 97]","[158, 157, 159]","[180, 169, 166]","[45, 74, 43]","[50, 6, 49]","[124, 41, 123]"
3241,"[46, 2, 132]","[19, 104, 179]","[82, 9, 84]","[74, 72, 73]","[86, 170, 87]","[24, 23, 4]","[160, 61, 159]","[98, 52, 53]","[167, 139, 168]","[178, 49, 52]","[42, 24, 41]","[88, 87, 176]"
3242,"[92, 139, 90]","[150, 62, 151]","[33, 89, 32]","[159, 38, 39]","[96, 75, 76]","[159, 158, 107]","[161, 131, 162]","[92, 91, 90]","[117, 46, 118]","[107, 106, 108]","[21, 11, 14]","[46, 47, 150]"
3243,"[176, 30, 174]","[101, 140, 131]","[86, 95, 81]","[162, 163, 94]","[164, 141, 179]","[149, 150, 146]","[69, 163, 30]","[86, 85, 47]","[37, 135, 88]","[29, 20, 32]","[0, 19, 21]","[75, 124, 125]"
3244,"[132, 72, 35]","[127, 128, 172]","[126, 29, 1]","[81, 80, 98]","[28, 21, 43]","[62, 61, 59]","[25, 126, 27]","[1, 2, 167]","[21, 28, 105]","[75, 77, 76]","[95, 86, 85]","[19, 134, 20]"
3245,"[21, 143, 0]","[101, 104, 105]","[177, 103, 178]","[116, 115, 135]","[59, 87, 58]","[48, 49, 50]","[35, 74, 177]","[144, 123, 124]","[180, 59, 58]","[159, 160, 131]","[22, 10, 23]","[134, 133, 146]"
3246,"[32, 153, 28]","[20, 17, 18]","[1, 113, 114]","[129, 128, 130]","[117, 47, 6]","[124, 125, 126]","[74, 15, 76]","[45, 129, 66]","[55, 137, 51]","[89, 168, 169]","[4, 11, 3]","[125, 60, 53]"
3247,"[62, 107, 106]","[51, 97, 170]","[173, 126, 125]","[34, 35, 155]","[138, 27, 139]","[103, 108, 104]","[169, 16, 74]","[148, 142, 151]","[136, 25, 138]","[86, 58, 59]","[177, 171, 170]","[21, 119, 120]"
3248,"[58, 130, 59]","[166, 24, 167]","[124, 13, 125]","[142, 146, 145]","[129, 153, 130]","[14, 16, 5]","[79, 123, 88]","[159, 157, 154]","[130, 153, 129]","[37, 38, 33]","[180, 4, 5]","[57, 56, 58]"
3249,"[160, 77, 76]","[17, 139, 13]","[1, 121, 0]","[143, 138, 146]","[136, 14, 70]","[39, 34, 38]","[18, 162, 17]","[79, 78, 40]","[109, 179, 108]","[11, 10, 0]","[166, 160, 159]","[90, 95, 91]"
3250,"[2, 114, 1]","[133, 128, 137]","[154, 42, 112]","[93, 92, 174]","[173, 30, 0]","[121, 149, 77]","[178, 99, 97]","[50, 51, 128]","[173, 30, 0]","[88, 89, 87]","[13, 5, 12]","[48, 159, 160]"
3251,"[20, 14, 121]","[55, 54, 53]","[8, 152, 151]","[88, 14, 86]","[174, 14, 176]","[122, 107, 106]","[171, 158, 170]","[6, 5, 134]","[16, 37, 178]","[133, 54, 119]","[180, 174, 173]","[26, 27, 28]"
3252,"[145, 40, 144]","[102, 83, 84]","[133, 20, 132]","[171, 97, 170]","[60, 167, 166]","[145, 144, 146]","[61, 5, 4]","[93, 91, 92]","[46, 152, 65]","[4, 5, 173]","[155, 161, 158]","[113, 114, 112]"
3253,"[105, 165, 138]","[53, 146, 143]","[25, 55, 161]","[90, 47, 88]","[24, 118, 22]","[160, 161, 159]","[120, 88, 90]","[99, 107, 6]","[102, 146, 101]","[160, 161, 159]","[64, 73, 72]","[48, 49, 47]"
3254,"[153, 138, 107]","[178, 180, 173]","[53, 155, 16]","[146, 147, 137]","[24, 143, 2]","[62, 177, 174]","[3, 63, 64]","[89, 90, 53]","[88, 49, 128]","[62, 103, 63]","[1, 8, 0]","[44, 45, 46]"
3255,"[139, 165, 140]","[105, 93, 94]","[55, 101, 52]","[159, 158, 157]","[140, 94, 141]","[56, 23, 58]","[132, 166, 129]","[21, 19, 20]","[90, 180, 174]","[0, 168, 23]","[2, 178, 176]","[55, 56, 54]"
3256,"[145, 12, 180]","[13, 40, 125]","[14, 77, 74]","[157, 156, 30]","[158, 14, 12]","[76, 79, 80]","[19, 85, 48]","[141, 109, 108]","[6, 145, 24]","[114, 115, 76]","[71, 78, 76]","[29, 30, 85]"
3257,"[119, 46, 143]","[11, 5, 6]","[139, 168, 167]","[117, 118, 98]","[159, 15, 172]","[116, 115, 119]","[179, 158, 157]","[90, 119, 113]","[136, 72, 71]","[119, 118, 2]","[172, 166, 173]","[25, 78, 26]"
3258,"[42, 30, 41]","[123, 75, 124]","[65, 173, 5]","[136, 138, 137]","[20, 58, 59]","[140, 2, 139]","[30, 148, 56]","[9, 8, 11]","[58, 164, 50]","[54, 2, 53]","[0, 6, 12]","[130, 88, 138]"
3259,"[152, 26, 155]","[170, 46, 44]","[73, 26, 104]","[156, 157, 164]","[20, 150, 15]","[74, 65, 64]","[47, 105, 46]","[37, 8, 38]","[102, 7, 13]","[74, 164, 85]","[0, 14, 13]","[64, 94, 132]"
3260,"[176, 30, 175]","[100, 156, 55]","[118, 177, 176]","[100, 101, 36]","[1, 8, 9]","[87, 137, 136]","[13, 167, 15]","[12, 141, 69]","[4, 12, 14]","[88, 86, 87]","[2, 12, 1]","[29, 52, 51]"
3261,"[111, 173, 110]","[133, 134, 60]","[152, 179, 53]","[35, 49, 34]","[77, 25, 144]","[134, 10, 9]","[50, 15, 16]","[75, 11, 138]","[86, 145, 85]","[6, 10, 44]","[0, 14, 1]","[153, 42, 63]"
3262,"[141, 83, 82]","[66, 65, 67]","[101, 63, 129]","[45, 44, 46]","[23, 10, 24]","[118, 117, 116]","[90, 148, 69]","[110, 111, 24]","[24, 10, 0]","[109, 110, 111]","[139, 146, 145]","[88, 89, 92]"
3263,"[85, 175, 84]","[149, 148, 12]","[1, 23, 88]","[25, 3, 114]","[50, 85, 44]","[6, 5, 4]","[165, 27, 72]","[6, 141, 133]","[0, 153, 155]","[15, 16, 17]","[177, 171, 170]","[156, 95, 94]"
3264,"[23, 167, 24]","[46, 47, 78]","[0, 58, 4]","[97, 86, 96]","[180, 141, 28]","[170, 120, 121]","[165, 30, 164]","[119, 98, 51]","[30, 143, 180]","[41, 85, 56]","[1, 14, 13]","[87, 97, 123]"
3265,"[83, 139, 138]","[126, 69, 70]","[127, 79, 137]","[10, 5, 6]","[114, 63, 115]","[22, 10, 33]","[127, 74, 75]","[104, 105, 101]","[173, 23, 97]","[142, 6, 103]","[4, 10, 3]","[140, 138, 68]"
3266,"[177, 73, 179]","[39, 38, 40]","[145, 50, 156]","[153, 163, 134]","[89, 173, 84]","[180, 28, 102]","[91, 107, 108]","[0, 54, 56]","[81, 165, 83]","[25, 104, 155]","[158, 164, 157]","[51, 36, 52]"
3267,"[171, 98, 100]","[121, 122, 138]","[62, 170, 21]","[159, 160, 148]","[150, 89, 51]","[106, 134, 136]","[30, 39, 37]","[95, 167, 96]","[51, 179, 36]","[106, 107, 134]","[21, 12, 23]","[152, 73, 32]"
3268,"[153, 175, 174]","[42, 25, 43]","[4, 83, 0]","[114, 133, 25]","[92, 146, 91]","[72, 73, 71]","[84, 53, 111]","[56, 58, 59]","[90, 33, 89]","[12, 104, 111]","[143, 149, 142]","[8, 103, 109]"
3269,"[27, 36, 37]","[12, 11, 136]","[180, 144, 177]","[15, 31, 14]","[179, 59, 55]","[138, 137, 110]","[46, 22, 45]","[122, 7, 11]","[115, 58, 57]","[90, 89, 91]","[0, 175, 179]","[108, 113, 106]"
3270,"[59, 6, 60]","[150, 149, 92]","[59, 179, 178]","[152, 67, 91]","[176, 101, 102]","[90, 165, 164]","[49, 169, 94]","[33, 32, 31]","[140, 26, 27]","[160, 161, 159]","[4, 12, 2]","[15, 98, 97]"
3271,"[48, 128, 62]","[33, 82, 34]","[24, 106, 73]","[96, 5, 152]","[2, 140, 59]","[97, 99, 98]","[139, 56, 39]","[28, 155, 6]","[140, 2, 3]","[77, 102, 147]","[78, 84, 79]","[160, 154, 161]"
3272,"[72, 168, 169]","[141, 142, 91]","[53, 82, 52]","[23, 2, 22]","[20, 131, 0]","[50, 146, 60]","[89, 60, 86]","[134, 132, 133]","[49, 22, 131]","[50, 51, 52]","[62, 173, 63]","[101, 99, 94]"
3273,"[16, 56, 19]","[177, 142, 143]","[102, 55, 104]","[78, 35, 148]","[95, 175, 142]","[156, 155, 165]","[107, 26, 105]","[144, 61, 68]","[95, 175, 3]","[39, 119, 91]","[0, 15, 1]","[74, 75, 76]"
3274,"[4, 32, 5]","[68, 70, 67]","[33, 118, 32]","[10, 106, 45]","[28, 125, 27]","[133, 52, 54]","[119, 34, 35]","[89, 86, 90]","[158, 122, 2]","[179, 52, 132]","[178, 172, 171]","[17, 18, 44]"
3275,"[46, 82, 47]","[58, 154, 59]","[84, 150, 85]","[180, 110, 62]","[111, 138, 38]","[63, 4, 65]","[179, 113, 110]","[5, 8, 9]","[42, 99, 100]","[32, 64, 68]","[29, 15, 28]","[79, 167, 62]"
3276,"[19, 163, 78]","[30, 146, 31]","[28, 107, 25]","[48, 49, 47]","[94, 11, 92]","[50, 131, 130]","[3, 98, 108]","[153, 21, 138]","[11, 94, 9]","[142, 145, 46]","[10, 4, 5]","[76, 77, 157]"
3277,"[102, 75, 52]","[10, 15, 13]","[8, 152, 3]","[124, 171, 128]","[164, 101, 56]","[6, 40, 178]","[9, 153, 94]","[79, 74, 59]","[102, 59, 1]","[177, 178, 42]","[0, 6, 1]","[98, 97, 99]"
3278,"[123, 5, 3]","[26, 29, 92]","[51, 156, 60]","[123, 138, 166]","[168, 24, 25]","[5, 112, 109]","[5, 14, 16]","[176, 110, 103]","[116, 29, 120]","[8, 7, 9]","[34, 45, 30]","[168, 169, 167]"
3279,"[180, 14, 152]","[102, 107, 106]","[156, 133, 69]","[101, 130, 78]","[178, 66, 177]","[96, 90, 95]","[46, 110, 47]","[40, 25, 80]","[2, 45, 46]","[96, 95, 167]","[27, 21, 20]","[131, 79, 141]"
3280,"[41, 128, 40]","[107, 113, 112]","[9, 53, 100]","[57, 58, 138]","[177, 76, 16]","[153, 32, 169]","[74, 118, 73]","[141, 0, 2]","[27, 167, 28]","[69, 70, 71]","[179, 29, 30]","[104, 105, 107]"
3281,"[18, 42, 43]","[141, 172, 13]","[170, 161, 171]","[106, 19, 107]","[164, 93, 24]","[120, 140, 139]","[14, 87, 13]","[141, 142, 178]","[23, 164, 24]","[122, 178, 20]","[13, 173, 15]","[145, 134, 133]"
3282,"[167, 46, 48]","[122, 143, 141]","[54, 108, 55]","[23, 31, 25]","[88, 54, 89]","[75, 128, 129]","[96, 79, 152]","[8, 7, 10]","[150, 108, 85]","[152, 21, 162]","[17, 11, 10]","[67, 66, 65]"
3283,"[167, 23, 165]","[59, 58, 106]","[109, 179, 180]","[9, 10, 12]","[12, 50, 13]","[103, 102, 168]","[92, 133, 89]","[123, 124, 127]","[13, 35, 14]","[107, 104, 108]","[12, 29, 28]","[89, 162, 87]"
3284,"[161, 46, 110]","[141, 174, 176]","[8, 109, 119]","[178, 85, 151]","[130, 172, 15]","[34, 32, 0]","[48, 143, 45]","[81, 180, 85]","[56, 148, 61]","[5, 4, 6]","[0, 11, 10]","[57, 144, 60]"
3285,"[25, 160, 26]","[91, 77, 75]","[155, 22, 90]","[119, 120, 101]","[8, 27, 28]","[114, 113, 115]","[143, 23, 35]","[166, 164, 137]","[11, 30, 42]","[113, 112, 110]","[163, 170, 164]","[119, 26, 27]"
3286,"[50, 98, 99]","[150, 31, 149]","[26, 78, 27]","[130, 134, 131]","[171, 7, 172]","[65, 140, 97]","[57, 63, 62]","[127, 128, 130]","[178, 60, 177]","[74, 73, 148]","[2, 8, 1]","[103, 104, 105]"
3287,"[158, 173, 172]","[92, 81, 109]","[31, 177, 41]","[89, 98, 99]","[99, 9, 106]","[13, 12, 76]","[125, 58, 126]","[80, 78, 172]","[142, 27, 106]","[125, 167, 176]","[114, 150, 113]","[168, 48, 53]"
3288,"[34, 124, 35]","[85, 164, 163]","[20, 133, 130]","[178, 176, 177]","[2, 97, 1]","[140, 163, 164]","[132, 78, 131]","[163, 45, 158]","[38, 107, 37]","[21, 22, 130]","[31, 19, 18]","[73, 105, 102]"
3289,"[120, 179, 119]","[143, 131, 144]","[90, 157, 1]","[114, 36, 55]","[1, 159, 0]","[56, 58, 167]","[36, 15, 37]","[151, 152, 153]","[177, 105, 111]","[63, 48, 57]","[4, 20, 5]","[129, 128, 127]"
3290,"[67, 131, 132]","[8, 80, 150]","[53, 139, 146]","[104, 117, 118]","[1, 46, 101]","[11, 9, 10]","[26, 150, 130]","[98, 29, 99]","[32, 115, 116]","[11, 138, 10]","[155, 128, 156]","[93, 94, 92]"
3291,"[114, 31, 30]","[97, 90, 49]","[36, 61, 35]","[97, 90, 111]","[38, 57, 56]","[70, 89, 90]","[46, 67, 45]","[26, 132, 29]","[107, 174, 108]","[71, 68, 145]","[1, 7, 13]","[22, 121, 27]"
3292,"[145, 101, 69]","[92, 64, 93]","[141, 102, 140]","[28, 30, 27]","[165, 171, 166]","[71, 72, 25]","[121, 54, 30]","[2, 1, 82]","[172, 12, 180]","[149, 83, 159]","[21, 7, 19]","[178, 172, 177]"
3293,"[28, 172, 171]","[36, 52, 124]","[154, 18, 119]","[71, 168, 70]","[180, 4, 155]","[101, 102, 100]","[111, 8, 112]","[110, 100, 104]","[180, 4, 3]","[144, 143, 145]","[1, 9, 2]","[69, 144, 45]"
3294,"[133, 18, 132]","[27, 28, 167]","[57, 66, 139]","[175, 41, 42]","[145, 165, 136]","[73, 74, 69]","[173, 56, 172]","[162, 164, 28]","[17, 136, 169]","[20, 94, 66]","[0, 11, 5]","[139, 44, 138]"
3295,"[125, 132, 124]","[165, 164, 151]","[168, 75, 74]","[32, 30, 31]","[87, 119, 118]","[180, 131, 51]","[63, 91, 93]","[123, 166, 164]","[12, 56, 55]","[54, 51, 79]","[117, 8, 0]","[102, 103, 148]"
3296,"[42, 72, 39]","[34, 33, 23]","[19, 101, 16]","[76, 75, 170]","[73, 150, 136]","[125, 105, 168]","[39, 80, 3]","[165, 152, 177]","[39, 127, 48]","[106, 105, 70]","[116, 137, 136]","[153, 154, 179]"
3297,"[175, 131, 130]","[49, 79, 114]","[103, 34, 105]","[168, 124, 167]","[82, 14, 83]","[114, 113, 116]","[21, 76, 20]","[176, 59, 60]","[82, 14, 83]","[111, 113, 112]","[48, 42, 34]","[119, 123, 118]"
3298,"[109, 137, 180]","[38, 80, 81]","[52, 81, 83]","[180, 129, 179]","[149, 81, 167]","[63, 64, 91]","[98, 68, 67]","[91, 90, 92]","[167, 148, 166]","[138, 137, 58]","[81, 150, 80]","[45, 46, 37]"
3299,"[156, 179, 0]","[22, 23, 176]","[30, 174, 31]","[113, 63, 71]","[1, 32, 37]","[98, 56, 93]","[98, 80, 45]","[145, 144, 39]","[0, 35, 37]","[98, 91, 125]","[46, 20, 50]","[141, 140, 146]"
3300,"[92, 131, 152]","[68, 69, 30]","[18, 35, 31]","[140, 108, 52]","[177, 30, 110]","[125, 37, 126]","[1, 17, 0]","[145, 143, 144]","[48, 163, 49]","[74, 84, 75]","[177, 171, 1]","[98, 93, 99]"
3301,"[176, 124, 121]","[72, 71, 1]","[155, 73, 154]","[165, 163, 164]","[27, 121, 120]","[92, 113, 71]","[179, 105, 180]","[85, 7, 93]","[121, 27, 125]","[70, 113, 169]","[180, 13, 17]","[113, 76, 112]"
3302,"[113, 133, 1]","[102, 103, 104]","[30, 141, 31]","[11, 130, 129]","[111, 169, 168]","[63, 8, 10]","[38, 164, 37]","[115, 114, 11]","[44, 160, 102]","[63, 62, 6]","[161, 167, 166]","[114, 174, 113]"
3303,"[87, 19, 17]","[118, 116, 117]","[169, 114, 170]","[48, 47, 49]","[50, 138, 51]","[174, 175, 121]","[87, 117, 88]","[138, 140, 139]","[166, 81, 165]","[110, 112, 96]","[8, 106, 7]","[167, 21, 85]"
3304,"[0, 149, 63]","[171, 170, 79]","[180, 141, 5]","[43, 116, 44]","[91, 19, 20]","[112, 111, 140]","[158, 15, 119]","[82, 98, 95]","[98, 71, 179]","[10, 9, 8]","[8, 2, 5]","[66, 22, 136]"
3305,"[157, 23, 158]","[39, 41, 42]","[24, 66, 65]","[151, 144, 146]","[73, 176, 0]","[121, 119, 118]","[160, 14, 16]","[117, 51, 99]","[150, 58, 151]","[18, 128, 116]","[173, 18, 174]","[47, 101, 53]"
3306,"[50, 113, 161]","[149, 150, 179]","[129, 45, 128]","[141, 142, 140]","[73, 10, 80]","[129, 124, 125]","[145, 176, 30]","[172, 163, 171]","[73, 10, 176]","[125, 126, 124]","[16, 7, 8]","[70, 68, 69]"
3307,"[95, 134, 96]","[17, 79, 75]","[79, 122, 180]","[40, 98, 41]","[180, 1, 40]","[154, 156, 125]","[48, 58, 87]","[45, 46, 143]","[60, 38, 59]","[154, 155, 156]","[47, 41, 46]","[81, 167, 80]"
3308,"[65, 117, 66]","[159, 161, 160]","[32, 109, 26]","[96, 129, 98]","[147, 119, 139]","[22, 80, 78]","[81, 23, 73]","[55, 54, 50]","[26, 128, 130]","[80, 83, 59]","[1, 128, 0]","[58, 63, 65]"
3309,"[113, 9, 28]","[88, 42, 40]","[167, 37, 36]","[121, 120, 119]","[29, 107, 135]","[68, 67, 161]","[152, 8, 153]","[34, 33, 32]","[54, 14, 135]","[162, 161, 163]","[180, 162, 160]","[46, 74, 45]"
3310,"[30, 176, 175]","[37, 38, 36]","[163, 53, 162]","[43, 65, 66]","[28, 179, 27]","[86, 83, 115]","[34, 110, 33]","[170, 31, 88]","[4, 12, 179]","[86, 77, 85]","[1, 13, 0]","[73, 70, 176]"
3311,"[30, 24, 25]","[166, 127, 168]","[73, 122, 24]","[34, 35, 31]","[127, 116, 126]","[68, 40, 47]","[87, 55, 22]","[35, 144, 34]","[112, 123, 101]","[46, 45, 155]","[0, 11, 1]","[90, 89, 88]"
3312,"[52, 174, 53]","[134, 71, 70]","[47, 84, 23]","[104, 103, 101]","[39, 16, 38]","[67, 70, 68]","[39, 76, 46]","[145, 5, 138]","[40, 15, 39]","[71, 72, 58]","[1, 32, 0]","[149, 151, 150]"
3313,"[142, 152, 141]","[17, 19, 87]","[144, 115, 114]","[41, 42, 45]","[146, 171, 144]","[20, 21, 25]","[148, 114, 149]","[83, 71, 84]","[146, 171, 170]","[20, 21, 25]","[141, 135, 140]","[56, 57, 146]"
3314,"[27, 11, 26]","[99, 161, 98]","[68, 88, 122]","[103, 98, 64]","[152, 43, 153]","[91, 65, 62]","[26, 97, 95]","[78, 79, 51]","[68, 163, 71]","[53, 54, 55]","[38, 76, 39]","[133, 83, 172]"
3315,"[169, 10, 170]","[178, 179, 180]","[135, 165, 67]","[123, 124, 114]","[122, 84, 83]","[59, 62, 115]","[180, 32, 128]","[179, 120, 117]","[84, 122, 121]","[10, 9, 6]","[90, 84, 89]","[146, 116, 145]"
3316,"[97, 153, 111]","[168, 51, 50]","[171, 148, 170]","[122, 123, 42]","[120, 18, 4]","[130, 131, 129]","[103, 138, 118]","[20, 35, 27]","[147, 113, 0]","[58, 26, 31]","[32, 38, 33]","[100, 101, 79]"
3317,"[90, 99, 117]","[114, 162, 37]","[160, 78, 159]","[45, 41, 128]","[58, 152, 178]","[113, 112, 111]","[138, 78, 180]","[34, 170, 177]","[36, 147, 178]","[112, 113, 180]","[75, 63, 62]","[94, 142, 175]"
3318,"[39, 31, 60]","[174, 173, 172]","[37, 152, 126]","[175, 173, 176]","[2, 73, 1]","[24, 116, 93]","[169, 52, 114]","[93, 98, 94]","[50, 97, 69]","[92, 128, 91]","[24, 18, 25]","[120, 121, 122]"
3319,"[93, 39, 40]","[19, 17, 18]","[0, 101, 46]","[19, 135, 21]","[5, 30, 1]","[61, 62, 63]","[156, 150, 62]","[21, 92, 104]","[106, 86, 37]","[3, 124, 171]","[172, 166, 164]","[41, 42, 39]"
3320,"[33, 64, 4]","[137, 136, 138]","[141, 70, 37]","[89, 94, 93]","[47, 33, 151]","[3, 75, 133]","[110, 67, 109]","[10, 60, 59]","[164, 54, 55]","[10, 38, 58]","[0, 14, 2]","[54, 48, 175]"
3321,"[32, 135, 180]","[86, 83, 57]","[34, 5, 38]","[91, 107, 104]","[16, 22, 108]","[157, 158, 156]","[96, 33, 11]","[89, 90, 179]","[22, 145, 146]","[89, 100, 88]","[0, 6, 174]","[143, 93, 94]"
3322,"[171, 15, 169]","[73, 89, 87]","[65, 139, 66]","[52, 153, 165]","[1, 131, 0]","[111, 10, 15]","[68, 94, 67]","[7, 6, 9]","[173, 18, 17]","[75, 76, 83]","[108, 12, 13]","[76, 75, 71]"
3323,"[113, 47, 112]","[170, 169, 98]","[120, 54, 65]","[132, 46, 129]","[140, 28, 142]","[156, 153, 157]","[63, 70, 62]","[20, 21, 130]","[71, 177, 86]","[158, 157, 156]","[180, 174, 166]","[151, 85, 84]"
3324,"[159, 153, 155]","[117, 42, 118]","[166, 59, 168]","[47, 46, 12]","[102, 126, 12]","[139, 159, 141]","[0, 134, 133]","[150, 151, 160]","[102, 126, 105]","[145, 139, 144]","[130, 136, 131]","[40, 39, 41]"
3325,"[160, 59, 161]","[43, 79, 74]","[180, 13, 140]","[123, 75, 74]","[172, 145, 28]","[79, 81, 127]","[38, 151, 3]","[30, 106, 33]","[17, 44, 43]","[71, 72, 4]","[112, 106, 107]","[92, 91, 90]"
3326,"[146, 160, 161]","[117, 116, 55]","[21, 118, 14]","[160, 94, 95]","[140, 179, 147]","[158, 159, 67]","[177, 120, 117]","[40, 39, 41]","[147, 80, 146]","[159, 143, 158]","[177, 81, 82]","[132, 24, 25]"
3327,"[23, 152, 24]","[84, 58, 59]","[27, 171, 26]","[85, 46, 124]","[38, 167, 36]","[29, 30, 92]","[152, 63, 103]","[129, 128, 131]","[139, 124, 125]","[29, 74, 70]","[0, 124, 1]","[36, 174, 175]"
3328,"[9, 42, 41]","[77, 158, 137]","[96, 12, 136]","[165, 17, 114]","[150, 174, 178]","[65, 63, 120]","[2, 147, 3]","[87, 88, 90]","[177, 134, 178]","[62, 106, 66]","[9, 23, 22]","[179, 180, 178]"
3329,"[61, 114, 62]","[85, 136, 95]","[19, 177, 157]","[60, 59, 136]","[23, 17, 24]","[4, 3, 100]","[173, 109, 14]","[168, 162, 161]","[22, 13, 110]","[92, 96, 94]","[2, 24, 1]","[95, 96, 94]"
3330,"[174, 152, 151]","[31, 160, 5]","[155, 13, 180]","[77, 79, 78]","[0, 23, 24]","[45, 96, 43]","[142, 158, 75]","[111, 124, 120]","[0, 23, 1]","[105, 102, 107]","[1, 12, 0]","[61, 62, 63]"
3331,"[29, 7, 30]","[173, 174, 176]","[133, 13, 132]","[4, 0, 34]","[140, 75, 141]","[104, 51, 169]","[71, 179, 178]","[65, 97, 174]","[140, 75, 141]","[104, 112, 51]","[0, 173, 174]","[68, 25, 101]"
3332,"[4, 105, 0]","[155, 23, 18]","[0, 120, 1]","[59, 52, 179]","[27, 99, 14]","[108, 155, 154]","[87, 126, 88]","[52, 54, 62]","[119, 139, 120]","[168, 31, 169]","[18, 6, 7]","[143, 125, 145]"
3333,"[28, 172, 26]","[38, 79, 39]","[7, 38, 37]","[165, 166, 179]","[89, 42, 88]","[68, 67, 66]","[0, 177, 93]","[131, 167, 168]","[38, 85, 42]","[68, 67, 66]","[13, 7, 14]","[105, 67, 106]"
3334,"[102, 60, 101]","[92, 95, 96]","[152, 8, 153]","[180, 67, 68]","[169, 118, 61]","[17, 76, 30]","[128, 103, 127]","[91, 90, 89]","[169, 118, 158]","[137, 17, 18]","[18, 12, 13]","[118, 117, 119]"
3335,"[41, 174, 135]","[61, 126, 82]","[69, 162, 139]","[4, 5, 84]","[41, 9, 40]","[62, 63, 65]","[136, 15, 14]","[52, 50, 51]","[90, 168, 86]","[12, 45, 85]","[4, 12, 3]","[82, 118, 129]"
3336,"[1, 18, 2]","[48, 43, 49]","[173, 60, 59]","[147, 27, 25]","[136, 96, 135]","[11, 5, 12]","[39, 11, 169]","[72, 28, 74]","[1, 173, 2]","[15, 113, 112]","[173, 140, 172]","[37, 39, 38]"
3337,"[115, 49, 116]","[151, 144, 149]","[3, 177, 167]","[128, 96, 95]","[74, 96, 135]","[8, 163, 164]","[124, 163, 125]","[24, 73, 34]","[110, 100, 120]","[61, 9, 62]","[107, 113, 112]","[116, 134, 117]"
3338,"[83, 28, 31]","[167, 168, 111]","[151, 31, 137]","[125, 124, 102]","[167, 126, 166]","[100, 104, 19]","[179, 65, 26]","[13, 50, 54]","[114, 75, 127]","[56, 16, 137]","[165, 2, 3]","[48, 112, 113]"
3339,"[91, 118, 178]","[6, 4, 144]","[14, 53, 51]","[92, 88, 89]","[4, 131, 3]","[38, 162, 46]","[3, 63, 4]","[138, 23, 139]","[130, 3, 4]","[39, 40, 38]","[154, 126, 125]","[63, 99, 97]"
3340,"[0, 81, 1]","[32, 36, 38]","[34, 156, 26]","[89, 123, 124]","[92, 82, 88]","[137, 30, 141]","[107, 157, 158]","[180, 14, 51]","[98, 57, 97]","[178, 121, 0]","[98, 92, 91]","[173, 174, 175]"
3341,"[10, 67, 0]","[22, 21, 24]","[140, 102, 104]","[175, 174, 79]","[126, 29, 139]","[152, 150, 149]","[98, 52, 97]","[151, 150, 149]","[31, 126, 30]","[76, 77, 75]","[176, 163, 164]","[158, 159, 160]"
3342,"[170, 154, 21]","[122, 42, 147]","[180, 154, 110]","[146, 138, 136]","[18, 78, 77]","[23, 29, 30]","[1, 59, 2]","[107, 129, 128]","[156, 107, 131]","[137, 67, 23]","[160, 148, 147]","[175, 21, 176]"
3343,"[34, 52, 33]","[118, 119, 117]","[131, 43, 130]","[82, 27, 26]","[54, 176, 17]","[104, 83, 47]","[125, 37, 126]","[1, 157, 0]","[169, 95, 168]","[24, 23, 25]","[44, 69, 68]","[111, 112, 114]"
3344,"[81, 142, 114]","[76, 77, 44]","[146, 4, 170]","[61, 125, 129]","[127, 33, 116]","[85, 86, 87]","[168, 124, 128]","[180, 179, 178]","[109, 169, 110]","[83, 85, 86]","[11, 169, 10]","[133, 152, 153]"
3345,"[142, 32, 31]","[103, 104, 107]","[169, 48, 168]","[67, 65, 62]","[52, 31, 148]","[100, 102, 101]","[112, 166, 121]","[137, 156, 139]","[67, 48, 66]","[19, 18, 17]","[178, 172, 173]","[122, 121, 120]"
3346,"[1, 23, 3]","[163, 65, 116]","[13, 46, 20]","[153, 132, 121]","[1, 15, 22]","[130, 132, 118]","[155, 30, 154]","[126, 7, 5]","[1, 15, 2]","[127, 126, 132]","[149, 155, 150]","[170, 173, 122]"
3347,"[33, 131, 121]","[38, 164, 40]","[4, 76, 3]","[127, 123, 121]","[130, 61, 131]","[0, 28, 33]","[23, 82, 81]","[119, 49, 118]","[116, 94, 0]","[27, 28, 12]","[0, 21, 1]","[61, 120, 135]"
3348,"[30, 86, 29]","[5, 163, 137]","[25, 173, 88]","[129, 137, 91]","[0, 34, 175]","[100, 146, 147]","[56, 113, 112]","[162, 166, 165]","[175, 16, 17]","[152, 136, 148]","[47, 22, 20]","[104, 102, 105]"
3349,"[149, 49, 145]","[118, 117, 116]","[180, 5, 179]","[68, 67, 69]","[22, 7, 164]","[176, 175, 174]","[157, 112, 111]","[71, 2, 5]","[97, 48, 98]","[102, 80, 101]","[23, 16, 4]","[175, 93, 92]"
3350,"[19, 54, 55]","[61, 143, 141]","[26, 102, 27]","[142, 141, 43]","[160, 16, 17]","[177, 180, 178]","[131, 91, 7]","[46, 43, 35]","[5, 11, 7]","[177, 178, 179]","[0, 6, 7]","[59, 58, 57]"
3351,"[142, 8, 141]","[128, 132, 89]","[28, 164, 29]","[69, 103, 14]","[0, 71, 1]","[46, 34, 45]","[13, 158, 16]","[62, 61, 42]","[0, 16, 108]","[46, 45, 87]","[1, 11, 2]","[103, 99, 98]"
3352,"[179, 39, 54]","[161, 164, 163]","[156, 11, 154]","[120, 103, 63]","[145, 11, 12]","[168, 171, 167]","[129, 174, 85]","[57, 5, 6]","[144, 10, 143]","[56, 58, 29]","[16, 6, 1]","[168, 170, 169]"
3353,"[23, 167, 22]","[98, 100, 99]","[61, 5, 4]","[127, 126, 41]","[115, 67, 68]","[137, 45, 36]","[73, 2, 55]","[128, 146, 108]","[14, 158, 15]","[139, 140, 91]","[160, 154, 161]","[41, 40, 106]"
3354,"[97, 18, 20]","[173, 172, 117]","[80, 134, 81]","[105, 107, 124]","[177, 7, 176]","[25, 40, 41]","[179, 125, 38]","[15, 14, 16]","[81, 149, 177]","[25, 42, 41]","[40, 47, 39]","[79, 77, 74]"
3355,"[119, 142, 73]","[112, 64, 117]","[9, 148, 149]","[130, 101, 89]","[132, 59, 135]","[112, 155, 152]","[64, 142, 143]","[102, 104, 112]","[58, 131, 57]","[23, 25, 24]","[0, 42, 40]","[103, 109, 102]"
3356,"[170, 141, 142]","[108, 110, 32]","[98, 113, 99]","[59, 82, 69]","[160, 31, 34]","[8, 49, 48]","[150, 31, 149]","[112, 111, 20]","[137, 13, 136]","[117, 64, 149]","[40, 34, 39]","[81, 82, 165]"
3357,"[28, 93, 27]","[71, 11, 12]","[80, 118, 117]","[28, 29, 26]","[1, 63, 24]","[47, 38, 37]","[61, 170, 60]","[96, 90, 1]","[1, 63, 0]","[127, 124, 36]","[0, 6, 1]","[54, 40, 56]"
3358,"[128, 34, 35]","[22, 21, 27]","[173, 106, 31]","[149, 148, 59]","[172, 23, 171]","[69, 68, 47]","[118, 57, 39]","[24, 62, 23]","[51, 146, 50]","[37, 85, 69]","[14, 28, 27]","[59, 83, 56]"
3359,"[53, 133, 52]","[29, 28, 37]","[132, 156, 101]","[41, 40, 85]","[44, 157, 146]","[125, 103, 102]","[1, 62, 2]","[103, 100, 94]","[60, 145, 59]","[8, 24, 172]","[0, 12, 72]","[49, 2, 50]"
3360,"[58, 74, 164]","[179, 135, 136]","[176, 128, 11]","[156, 137, 155]","[6, 37, 5]","[149, 126, 150]","[89, 38, 180]","[13, 15, 12]","[180, 104, 179]","[25, 123, 122]","[21, 34, 35]","[135, 134, 127]"
3361,"[110, 11, 112]","[42, 43, 44]","[173, 14, 172]","[35, 137, 135]","[83, 12, 84]","[120, 122, 121]","[5, 11, 13]","[77, 46, 76]","[83, 12, 84]","[122, 123, 121]","[9, 15, 8]","[122, 83, 84]"
3362,"[180, 29, 179]","[140, 138, 86]","[19, 88, 178]","[68, 67, 163]","[116, 53, 115]","[163, 164, 45]","[7, 13, 8]","[32, 31, 144]","[38, 73, 57]","[163, 165, 166]","[5, 18, 19]","[62, 64, 130]"
3363,"[43, 138, 139]","[34, 33, 35]","[103, 44, 1]","[94, 67, 115]","[172, 28, 169]","[62, 81, 63]","[56, 143, 55]","[44, 33, 156]","[169, 25, 168]","[83, 81, 82]","[97, 88, 87]","[121, 108, 105]"
3364,"[23, 49, 48]","[129, 133, 104]","[123, 58, 122]","[41, 42, 71]","[44, 132, 45]","[68, 0, 69]","[103, 52, 102]","[81, 26, 22]","[54, 140, 139]","[86, 0, 16]","[88, 82, 89]","[139, 138, 56]"
3365,"[24, 79, 25]","[133, 111, 135]","[155, 65, 156]","[114, 1, 5]","[2, 146, 3]","[32, 33, 52]","[148, 70, 143]","[33, 45, 34]","[38, 31, 19]","[149, 14, 13]","[0, 15, 1]","[93, 17, 18]"
3366,"[172, 28, 173]","[134, 133, 135]","[4, 115, 89]","[139, 140, 141]","[103, 6, 102]","[145, 146, 147]","[43, 69, 68]","[110, 111, 140]","[148, 77, 151]","[23, 34, 22]","[108, 168, 109]","[145, 21, 25]"
3367,"[142, 14, 115]","[96, 40, 39]","[14, 177, 180]","[0, 5, 35]","[17, 114, 21]","[40, 41, 39]","[146, 7, 147]","[135, 72, 171]","[44, 15, 45]","[39, 41, 97]","[116, 146, 165]","[47, 45, 46]"
3368,"[114, 24, 23]","[90, 92, 88]","[0, 36, 153]","[45, 126, 125]","[56, 11, 12]","[29, 44, 82]","[17, 26, 15]","[99, 47, 100]","[56, 11, 57]","[82, 80, 83]","[140, 146, 139]","[32, 36, 35]"
3369,"[16, 6, 7]","[34, 45, 54]","[130, 85, 20]","[161, 155, 162]","[143, 17, 149]","[168, 21, 12]","[60, 115, 2]","[19, 128, 20]","[149, 112, 113]","[54, 55, 56]","[0, 6, 84]","[4, 8, 115]"
3370,"[121, 13, 124]","[147, 3, 162]","[51, 91, 50]","[138, 40, 97]","[48, 179, 78]","[155, 154, 151]","[140, 49, 141]","[19, 46, 47]","[90, 176, 178]","[170, 172, 169]","[140, 134, 99]","[169, 60, 170]"
3371,"[143, 160, 111]","[5, 61, 62]","[130, 19, 20]","[113, 167, 68]","[18, 11, 23]","[40, 138, 39]","[148, 52, 146]","[9, 8, 10]","[75, 101, 122]","[169, 137, 61]","[113, 107, 112]","[166, 164, 165]"
3372,"[130, 98, 131]","[78, 69, 77]","[117, 14, 116]","[144, 32, 38]","[47, 118, 117]","[174, 175, 28]","[14, 102, 103]","[170, 180, 158]","[143, 17, 27]","[161, 160, 33]","[0, 6, 63]","[139, 140, 141]"
3373,"[173, 29, 83]","[61, 107, 62]","[133, 97, 124]","[10, 11, 12]","[118, 157, 124]","[137, 136, 138]","[0, 106, 97]","[26, 40, 44]","[78, 124, 79]","[38, 35, 136]","[91, 85, 86]","[53, 54, 59]"
3374,"[171, 6, 170]","[52, 135, 116]","[175, 103, 176]","[60, 61, 59]","[37, 82, 38]","[6, 4, 9]","[176, 38, 37]","[80, 64, 122]","[30, 178, 31]","[119, 51, 118]","[54, 48, 49]","[84, 160, 27]"
3375,"[20, 9, 21]","[148, 144, 97]","[118, 142, 115]","[97, 48, 98]","[50, 138, 49]","[103, 32, 109]","[60, 137, 61]","[1, 157, 2]","[71, 92, 46]","[173, 172, 88]","[13, 19, 12]","[87, 86, 124]"
3376,"[135, 178, 4]","[119, 121, 120]","[34, 2, 59]","[86, 76, 131]","[116, 179, 115]","[56, 81, 57]","[13, 103, 102]","[2, 3, 154]","[23, 42, 43]","[2, 82, 83]","[0, 10, 1]","[95, 98, 96]"
3377,"[20, 37, 44]","[117, 88, 89]","[126, 15, 16]","[155, 164, 156]","[130, 42, 34]","[82, 75, 6]","[33, 176, 24]","[53, 30, 31]","[130, 42, 44]","[55, 82, 80]","[100, 94, 90]","[121, 78, 122]"
3378,"[136, 167, 137]","[67, 146, 7]","[113, 5, 114]","[79, 39, 40]","[180, 131, 179]","[59, 80, 78]","[180, 166, 76]","[3, 2, 43]","[94, 3, 93]","[59, 58, 61]","[180, 174, 173]","[132, 40, 38]"
3379,"[48, 141, 133]","[147, 148, 30]","[110, 21, 109]","[118, 127, 179]","[37, 128, 38]","[65, 70, 0]","[33, 143, 175]","[129, 130, 131]","[180, 52, 43]","[3, 76, 156]","[25, 8, 24]","[71, 122, 118]"
3380,"[157, 42, 138]","[179, 177, 90]","[13, 58, 178]","[109, 17, 123]","[33, 67, 68]","[128, 127, 125]","[33, 70, 72]","[108, 112, 172]","[91, 63, 64]","[144, 119, 14]","[141, 135, 142]","[56, 99, 100]"
3381,"[99, 31, 117]","[35, 36, 43]","[39, 107, 40]","[153, 159, 152]","[87, 148, 88]","[46, 45, 12]","[12, 6, 11]","[100, 44, 99]","[23, 114, 27]","[11, 126, 38]","[179, 64, 178]","[150, 102, 149]"
3382,"[0, 131, 1]","[56, 43, 42]","[169, 111, 110]","[35, 33, 32]","[99, 165, 100]","[126, 140, 125]","[92, 145, 91]","[15, 137, 138]","[159, 15, 158]","[95, 99, 98]","[140, 134, 133]","[64, 67, 62]"
3383,"[18, 162, 17]","[89, 88, 1]","[170, 152, 163]","[73, 74, 77]","[90, 150, 151]","[115, 164, 173]","[114, 44, 115]","[64, 66, 95]","[152, 54, 56]","[130, 44, 150]","[180, 174, 173]","[75, 44, 115]"
3384,"[169, 11, 168]","[126, 89, 90]","[121, 15, 14]","[146, 145, 25]","[77, 173, 8]","[93, 94, 95]","[119, 157, 96]","[91, 88, 90]","[175, 117, 174]","[89, 61, 2]","[0, 6, 43]","[137, 140, 136]"
3385,"[50, 148, 147]","[30, 119, 136]","[1, 154, 0]","[106, 105, 104]","[79, 17, 16]","[142, 0, 1]","[11, 53, 12]","[173, 172, 118]","[31, 64, 65]","[52, 53, 132]","[0, 9, 1]","[49, 172, 18]"
3386,"[113, 80, 111]","[115, 116, 127]","[71, 150, 69]","[173, 174, 172]","[53, 106, 158]","[123, 79, 124]","[15, 102, 103]","[37, 128, 130]","[137, 155, 139]","[40, 82, 103]","[89, 173, 84]","[116, 117, 45]"
3387,"[47, 28, 24]","[1, 78, 80]","[16, 44, 45]","[107, 104, 116]","[180, 155, 8]","[93, 92, 66]","[65, 82, 0]","[53, 57, 59]","[29, 174, 28]","[50, 86, 93]","[145, 62, 146]","[102, 111, 101]"
3388,"[53, 157, 158]","[178, 101, 114]","[45, 86, 40]","[177, 73, 176]","[101, 24, 96]","[156, 155, 138]","[98, 24, 99]","[36, 0, 89]","[90, 122, 51]","[169, 156, 141]","[86, 80, 79]","[151, 152, 150]"
3389,"[93, 150, 5]","[84, 83, 56]","[18, 171, 35]","[118, 160, 111]","[59, 137, 58]","[156, 48, 157]","[32, 121, 120]","[66, 49, 83]","[65, 143, 110]","[125, 128, 130]","[26, 5, 27]","[50, 49, 170]"
3390,"[104, 151, 105]","[146, 29, 28]","[3, 27, 28]","[45, 54, 55]","[22, 130, 23]","[149, 145, 9]","[161, 17, 157]","[7, 78, 81]","[48, 117, 118]","[27, 160, 9]","[0, 26, 4]","[50, 110, 66]"
3391,"[85, 20, 21]","[38, 152, 37]","[144, 58, 141]","[30, 136, 29]","[84, 95, 85]","[137, 3, 174]","[104, 14, 106]","[66, 67, 65]","[172, 57, 146]","[75, 76, 77]","[0, 1, 2]","[4, 5, 129]"
3392,"[88, 29, 30]","[150, 151, 149]","[30, 70, 105]","[63, 62, 166]","[176, 107, 106]","[45, 2, 0]","[169, 177, 178]","[55, 63, 54]","[107, 176, 106]","[20, 1, 21]","[161, 5, 6]","[130, 131, 132]"
3393,"[0, 93, 16]","[75, 104, 103]","[125, 65, 122]","[91, 98, 106]","[110, 13, 137]","[37, 38, 47]","[141, 31, 126]","[99, 90, 28]","[179, 107, 178]","[43, 44, 45]","[178, 172, 180]","[114, 115, 113]"
3394,"[95, 10, 9]","[138, 178, 141]","[145, 74, 94]","[67, 64, 66]","[23, 3, 28]","[62, 61, 174]","[103, 162, 100]","[175, 126, 179]","[133, 19, 135]","[112, 109, 110]","[180, 174, 178]","[56, 54, 57]"
3395,"[128, 147, 129]","[39, 64, 34]","[156, 176, 108]","[49, 29, 51]","[171, 134, 49]","[40, 114, 108]","[2, 15, 14]","[142, 140, 141]","[65, 128, 129]","[41, 39, 42]","[67, 57, 65]","[170, 169, 157]"
3396,"[58, 81, 57]","[40, 39, 163]","[69, 24, 70]","[89, 37, 93]","[110, 160, 111]","[47, 43, 44]","[128, 72, 129]","[160, 162, 161]","[22, 6, 110]","[87, 86, 85]","[130, 137, 138]","[38, 35, 36]"
3397,"[5, 70, 66]","[137, 135, 17]","[0, 56, 70]","[90, 99, 107]","[46, 57, 87]","[93, 96, 95]","[157, 31, 30]","[95, 91, 94]","[45, 86, 87]","[62, 63, 127]","[173, 164, 165]","[82, 83, 86]"
3398,"[75, 130, 73]","[97, 106, 96]","[2, 120, 1]","[175, 166, 165]","[111, 11, 112]","[66, 179, 177]","[4, 41, 6]","[92, 95, 112]","[111, 11, 112]","[66, 67, 177]","[129, 139, 135]","[125, 2, 175]"
3399,"[42, 163, 179]","[118, 151, 117]","[25, 169, 160]","[123, 122, 82]","[0, 11, 1]","[63, 65, 62]","[30, 150, 179]","[55, 54, 53]","[5, 12, 1]","[64, 67, 70]","[96, 104, 105]","[172, 173, 171]"
3400,"[136, 80, 25]","[43, 42, 75]","[151, 26, 87]","[105, 134, 128]","[50, 141, 39]","[126, 124, 103]","[111, 170, 149]","[38, 39, 37]","[31, 178, 167]","[160, 62, 64]","[2, 28, 1]","[147, 146, 148]"
3401,"[162, 13, 161]","[122, 121, 84]","[41, 20, 123]","[70, 71, 69]","[55, 116, 100]","[41, 170, 36]","[35, 67, 103]","[6, 5, 1]","[3, 97, 69]","[37, 38, 39]","[4, 26, 30]","[153, 145, 76]"
3402,"[0, 155, 113]","[67, 65, 64]","[2, 113, 0]","[117, 53, 50]","[97, 15, 98]","[20, 148, 46]","[144, 7, 150]","[30, 101, 154]","[150, 7, 1]","[129, 152, 123]","[1, 35, 37]","[171, 68, 67]"
3403,"[37, 153, 42]","[81, 82, 52]","[98, 19, 97]","[67, 66, 68]","[19, 172, 179]","[118, 117, 96]","[28, 166, 165]","[118, 119, 139]","[40, 6, 172]","[106, 57, 78]","[66, 14, 67]","[128, 157, 127]"
3404,"[47, 121, 39]","[131, 130, 59]","[3, 168, 145]","[27, 66, 26]","[167, 115, 143]","[136, 39, 137]","[18, 162, 17]","[145, 144, 146]","[53, 127, 177]","[156, 157, 152]","[1, 14, 2]","[167, 136, 135]"
3405,"[146, 5, 24]","[136, 86, 135]","[1, 137, 0]","[87, 93, 105]","[74, 142, 68]","[145, 77, 162]","[50, 10, 51]","[27, 31, 30]","[142, 74, 75]","[105, 10, 0]","[0, 10, 3]","[14, 85, 83]"
3406,"[18, 7, 19]","[141, 143, 142]","[126, 25, 26]","[105, 5, 13]","[93, 142, 92]","[48, 47, 69]","[14, 85, 79]","[11, 49, 52]","[90, 70, 147]","[124, 8, 105]","[14, 3, 0]","[108, 17, 102]"
3407,"[0, 149, 170]","[73, 91, 92]","[150, 73, 77]","[32, 50, 34]","[87, 99, 75]","[68, 69, 54]","[114, 153, 115]","[83, 81, 78]","[27, 175, 162]","[68, 69, 59]","[0, 7, 6]","[127, 43, 68]"
3408,"[163, 176, 177]","[117, 20, 67]","[102, 158, 103]","[170, 76, 138]","[87, 113, 86]","[42, 176, 38]","[124, 67, 123]","[70, 109, 163]","[113, 87, 112]","[176, 38, 173]","[0, 19, 20]","[51, 50, 63]"
3409,"[17, 52, 53]","[124, 102, 101]","[50, 160, 49]","[151, 134, 36]","[42, 109, 43]","[115, 6, 116]","[119, 62, 49]","[24, 23, 11]","[31, 98, 97]","[131, 129, 136]","[21, 7, 22]","[140, 139, 141]"
3410,"[146, 14, 147]","[46, 47, 106]","[115, 54, 116]","[109, 15, 72]","[25, 173, 172]","[14, 90, 73]","[0, 125, 119]","[68, 69, 70]","[24, 69, 25]","[89, 88, 165]","[32, 71, 39]","[112, 19, 152]"
3411,"[122, 42, 1]","[74, 165, 72]","[104, 174, 129]","[28, 123, 29]","[89, 37, 36]","[46, 47, 111]","[30, 105, 31]","[152, 153, 23]","[148, 126, 127]","[62, 86, 85]","[1, 13, 0]","[29, 132, 133]"
3412,"[0, 18, 17]","[37, 36, 35]","[67, 173, 1]","[116, 78, 106]","[34, 106, 64]","[154, 153, 178]","[77, 21, 20]","[15, 14, 50]","[2, 89, 90]","[121, 123, 70]","[173, 167, 174]","[105, 104, 68]"
3413,"[93, 18, 94]","[41, 42, 43]","[51, 15, 13]","[113, 161, 114]","[17, 161, 163]","[116, 115, 42]","[179, 165, 146]","[156, 153, 152]","[0, 124, 1]","[90, 104, 45]","[4, 175, 3]","[26, 25, 100]"
3414,"[151, 7, 170]","[30, 78, 83]","[153, 9, 156]","[61, 60, 64]","[32, 109, 110]","[164, 160, 161]","[50, 26, 51]","[160, 15, 158]","[109, 169, 168]","[161, 162, 160]","[65, 59, 64]","[72, 71, 73]"
3415,"[110, 147, 158]","[150, 151, 152]","[105, 166, 167]","[121, 122, 120]","[68, 40, 41]","[106, 78, 107]","[19, 7, 18]","[126, 97, 127]","[30, 64, 65]","[122, 4, 123]","[0, 20, 1]","[162, 161, 157]"
3416,"[27, 67, 79]","[153, 148, 29]","[158, 88, 145]","[169, 16, 137]","[65, 12, 66]","[145, 149, 100]","[175, 73, 174]","[80, 156, 79]","[23, 12, 119]","[2, 1, 0]","[0, 13, 12]","[112, 144, 111]"
3417,"[42, 85, 92]","[129, 130, 138]","[0, 140, 15]","[116, 111, 112]","[32, 92, 105]","[10, 11, 85]","[73, 172, 171]","[128, 129, 41]","[64, 15, 41]","[48, 38, 173]","[27, 10, 26]","[54, 57, 109]"
3418,"[114, 28, 115]","[13, 145, 6]","[119, 99, 118]","[24, 59, 60]","[107, 15, 95]","[173, 171, 176]","[176, 169, 178]","[38, 30, 31]","[94, 21, 127]","[137, 31, 135]","[54, 48, 36]","[100, 134, 131]"
3419,"[167, 174, 166]","[130, 127, 128]","[0, 92, 29]","[77, 120, 114]","[153, 30, 154]","[10, 26, 150]","[180, 141, 179]","[12, 13, 1]","[159, 47, 160]","[26, 150, 2]","[22, 35, 24]","[90, 53, 89]"
3420,"[177, 64, 178]","[86, 105, 107]","[152, 137, 153]","[175, 176, 179]","[12, 156, 6]","[35, 38, 126]","[64, 142, 63]","[42, 1, 86]","[18, 6, 17]","[39, 68, 130]","[118, 124, 116]","[46, 88, 47]"
3421,"[179, 133, 104]","[94, 95, 96]","[179, 21, 180]","[53, 145, 54]","[2, 81, 22]","[109, 108, 112]","[22, 79, 24]","[120, 115, 0]","[2, 81, 3]","[34, 37, 130]","[69, 77, 68]","[135, 134, 81]"
3422,"[95, 32, 96]","[64, 63, 65]","[35, 73, 51]","[43, 152, 42]","[38, 18, 19]","[82, 81, 147]","[133, 163, 134]","[87, 121, 86]","[153, 23, 22]","[76, 82, 77]","[103, 97, 104]","[71, 72, 134]"
3423,"[68, 158, 65]","[124, 122, 125]","[155, 11, 9]","[140, 71, 139]","[75, 8, 50]","[105, 104, 133]","[89, 145, 151]","[1, 29, 26]","[92, 172, 91]","[68, 67, 64]","[35, 42, 36]","[162, 161, 74]"
3424,"[70, 130, 69]","[94, 92, 0]","[39, 77, 78]","[64, 61, 63]","[38, 77, 35]","[174, 175, 168]","[134, 95, 94]","[5, 19, 20]","[37, 76, 36]","[126, 124, 125]","[178, 172, 177]","[59, 63, 58]"
3425,"[158, 44, 159]","[133, 135, 132]","[81, 138, 137]","[77, 52, 68]","[0, 178, 177]","[14, 15, 69]","[65, 170, 66]","[33, 32, 28]","[0, 178, 177]","[14, 15, 18]","[77, 83, 163]","[117, 121, 115]"
3426,"[154, 120, 108]","[146, 142, 145]","[6, 124, 92]","[120, 99, 100]","[8, 152, 9]","[31, 123, 30]","[119, 56, 51]","[14, 68, 67]","[127, 6, 12]","[148, 149, 33]","[43, 93, 94]","[82, 81, 78]"
3427,"[2, 55, 3]","[98, 113, 69]","[67, 5, 70]","[139, 137, 138]","[66, 134, 67]","[57, 27, 50]","[93, 116, 153]","[166, 167, 164]","[180, 163, 179]","[96, 27, 50]","[0, 6, 1]","[174, 83, 99]"
3428,"[132, 112, 111]","[17, 18, 22]","[107, 21, 168]","[15, 27, 62]","[177, 69, 41]","[19, 23, 97]","[159, 77, 165]","[7, 46, 3]","[34, 152, 35]","[114, 115, 56]","[94, 55, 130]","[29, 30, 86]"
3429,"[129, 168, 130]","[93, 92, 76]","[88, 146, 147]","[36, 38, 35]","[129, 57, 177]","[26, 25, 24]","[14, 145, 146]","[118, 3, 170]","[57, 129, 177]","[51, 53, 171]","[22, 112, 23]","[9, 48, 10]"
3430,"[17, 102, 28]","[111, 9, 122]","[12, 28, 30]","[108, 168, 166]","[26, 155, 29]","[53, 52, 54]","[168, 79, 78]","[119, 130, 48]","[3, 78, 2]","[164, 166, 165]","[21, 15, 0]","[60, 59, 41]"
3431,"[150, 45, 146]","[160, 158, 64]","[11, 39, 35]","[103, 118, 54]","[11, 89, 88]","[61, 62, 60]","[20, 58, 26]","[53, 51, 52]","[113, 9, 25]","[60, 67, 68]","[169, 16, 17]","[56, 55, 59]"
3432,"[1, 72, 0]","[105, 127, 120]","[1, 168, 0]","[176, 177, 70]","[81, 99, 79]","[17, 48, 18]","[63, 132, 131]","[16, 17, 162]","[4, 146, 147]","[18, 19, 47]","[16, 10, 15]","[123, 121, 109]"
3433,"[38, 17, 18]","[160, 159, 152]","[58, 47, 18]","[100, 9, 99]","[180, 93, 84]","[42, 47, 129]","[101, 166, 98]","[10, 127, 9]","[162, 152, 161]","[68, 47, 50]","[147, 153, 148]","[122, 127, 130]"
3434,"[63, 129, 64]","[1, 0, 2]","[14, 163, 165]","[45, 62, 46]","[10, 164, 8]","[102, 83, 100]","[147, 174, 173]","[9, 8, 4]","[164, 10, 163]","[98, 102, 100]","[44, 13, 32]","[3, 130, 52]"
3435,"[180, 45, 38]","[82, 86, 87]","[170, 96, 169]","[123, 122, 27]","[3, 32, 1]","[180, 26, 60]","[93, 170, 78]","[22, 26, 24]","[141, 80, 79]","[112, 114, 115]","[6, 22, 5]","[53, 54, 56]"
3436,"[81, 19, 20]","[139, 154, 129]","[21, 161, 164]","[41, 131, 42]","[66, 12, 75]","[26, 25, 88]","[38, 44, 37]","[91, 89, 88]","[158, 66, 134]","[30, 152, 29]","[0, 157, 1]","[133, 125, 131]"
3437,"[0, 11, 12]","[40, 71, 70]","[158, 55, 160]","[155, 153, 14]","[72, 32, 33]","[150, 149, 117]","[164, 138, 163]","[97, 2, 62]","[92, 130, 91]","[113, 149, 150]","[2, 11, 1]","[133, 152, 62]"
3438,"[54, 176, 32]","[39, 38, 41]","[7, 110, 106]","[177, 176, 42]","[89, 130, 88]","[29, 1, 24]","[0, 14, 13]","[138, 180, 131]","[130, 89, 129]","[25, 28, 72]","[20, 6, 168]","[89, 95, 97]"
3439,"[147, 55, 148]","[121, 120, 114]","[150, 44, 100]","[135, 136, 134]","[148, 157, 158]","[52, 50, 131]","[127, 110, 130]","[50, 34, 51]","[148, 157, 173]","[30, 83, 82]","[19, 2, 0]","[140, 139, 62]"
3440,"[157, 121, 120]","[55, 62, 58]","[91, 143, 29]","[66, 71, 57]","[33, 148, 106]","[56, 61, 60]","[34, 140, 139]","[174, 163, 56]","[50, 11, 25]","[56, 58, 57]","[119, 16, 150]","[52, 53, 54]"
3441,"[85, 120, 84]","[58, 59, 60]","[124, 161, 125]","[20, 18, 17]","[55, 6, 147]","[107, 109, 108]","[90, 107, 114]","[10, 155, 38]","[50, 85, 84]","[103, 126, 61]","[98, 13, 99]","[115, 114, 61]"
3442,"[74, 162, 76]","[141, 139, 44]","[163, 75, 110]","[123, 126, 125]","[25, 9, 26]","[156, 155, 157]","[12, 156, 152]","[145, 95, 18]","[10, 25, 9]","[166, 51, 50]","[0, 151, 1]","[84, 89, 88]"
3443,"[5, 26, 27]","[74, 87, 73]","[102, 74, 75]","[23, 22, 55]","[148, 142, 151]","[180, 113, 108]","[53, 162, 163]","[44, 38, 48]","[1, 75, 7]","[143, 16, 15]","[146, 152, 147]","[133, 132, 139]"
3444,"[72, 18, 101]","[179, 116, 180]","[117, 65, 97]","[58, 57, 129]","[88, 128, 86]","[57, 60, 58]","[40, 119, 103]","[45, 46, 169]","[4, 74, 73]","[57, 83, 122]","[178, 102, 15]","[161, 160, 162]"
3445,"[28, 152, 167]","[68, 144, 164]","[18, 141, 140]","[51, 164, 161]","[41, 138, 40]","[163, 164, 161]","[89, 22, 88]","[59, 60, 84]","[49, 64, 50]","[168, 6, 159]","[4, 16, 17]","[65, 67, 79]"
3446,"[7, 26, 25]","[53, 63, 101]","[163, 14, 15]","[5, 66, 65]","[27, 48, 114]","[63, 91, 64]","[56, 134, 115]","[66, 63, 77]","[23, 121, 122]","[109, 110, 92]","[3, 14, 2]","[67, 68, 37]"
3447,"[42, 173, 161]","[28, 65, 64]","[112, 7, 10]","[35, 42, 43]","[117, 22, 118]","[166, 6, 0]","[132, 171, 149]","[52, 156, 43]","[142, 82, 83]","[150, 149, 152]","[167, 179, 178]","[133, 125, 128]"
3448,"[123, 43, 44]","[23, 71, 20]","[179, 84, 180]","[76, 107, 145]","[57, 8, 9]","[117, 118, 174]","[27, 84, 26]","[70, 67, 73]","[4, 81, 5]","[28, 67, 66]","[42, 35, 41]","[137, 138, 139]"
3449,"[30, 10, 31]","[146, 41, 46]","[84, 160, 154]","[42, 67, 39]","[70, 15, 71]","[62, 102, 57]","[101, 32, 100]","[40, 157, 159]","[151, 20, 150]","[79, 74, 73]","[149, 156, 150]","[7, 6, 8]"
3450,"[81, 131, 130]","[102, 101, 141]","[57, 101, 56]","[140, 33, 159]","[16, 93, 176]","[103, 74, 75]","[75, 84, 83]","[48, 39, 150]","[177, 67, 176]","[149, 88, 148]","[17, 38, 3]","[75, 145, 150]"
3451,"[178, 9, 177]","[113, 121, 118]","[21, 173, 56]","[8, 9, 143]","[63, 121, 64]","[159, 109, 110]","[33, 166, 98]","[150, 151, 144]","[31, 69, 104]","[17, 16, 159]","[19, 32, 31]","[66, 143, 145]"
3452,"[168, 27, 3]","[165, 60, 19]","[1, 130, 2]","[157, 158, 156]","[123, 70, 176]","[93, 94, 102]","[180, 158, 159]","[146, 35, 137]","[179, 156, 180]","[102, 101, 100]","[69, 102, 68]","[94, 146, 93]"
3453,"[16, 117, 98]","[43, 42, 141]","[103, 8, 1]","[117, 140, 118]","[29, 174, 0]","[65, 45, 179]","[47, 76, 102]","[79, 17, 179]","[100, 40, 39]","[180, 179, 178]","[0, 17, 1]","[87, 90, 88]"
3454,"[51, 118, 113]","[87, 20, 86]","[90, 35, 89]","[130, 154, 129]","[17, 45, 73]","[60, 57, 61]","[117, 78, 73]","[149, 152, 154]","[118, 19, 117]","[105, 106, 107]","[113, 119, 118]","[73, 72, 58]"
3455,"[100, 174, 101]","[161, 82, 81]","[106, 55, 117]","[28, 32, 31]","[69, 140, 96]","[40, 31, 179]","[135, 33, 34]","[114, 22, 105]","[140, 70, 80]","[39, 115, 29]","[0, 6, 7]","[39, 180, 179]"
3456,"[29, 97, 28]","[37, 34, 73]","[159, 77, 79]","[118, 119, 120]","[16, 77, 76]","[25, 27, 26]","[137, 19, 178]","[63, 37, 36]","[118, 17, 116]","[28, 27, 26]","[2, 12, 16]","[20, 19, 114]"
3457,"[153, 76, 75]","[65, 47, 16]","[80, 6, 4]","[136, 117, 118]","[170, 6, 7]","[43, 42, 47]","[20, 164, 165]","[147, 119, 120]","[173, 106, 107]","[130, 131, 129]","[156, 179, 2]","[175, 167, 169]"
3458,"[115, 28, 29]","[40, 85, 41]","[177, 115, 178]","[154, 47, 74]","[24, 119, 25]","[153, 161, 157]","[52, 39, 38]","[65, 64, 83]","[69, 113, 110]","[0, 109, 31]","[8, 15, 9]","[42, 59, 43]"
3459,"[154, 170, 155]","[2, 1, 31]","[180, 48, 94]","[12, 13, 176]","[170, 114, 143]","[40, 36, 38]","[1, 52, 0]","[122, 124, 168]","[114, 170, 143]","[30, 16, 38]","[147, 153, 164]","[106, 109, 107]"
3460,"[102, 148, 103]","[139, 140, 0]","[3, 166, 2]","[46, 84, 83]","[90, 166, 89]","[145, 93, 6]","[32, 162, 31]","[10, 69, 70]","[44, 144, 111]","[7, 8, 6]","[0, 6, 13]","[44, 170, 68]"
3461,"[21, 1, 3]","[117, 96, 116]","[161, 18, 149]","[80, 83, 89]","[151, 24, 152]","[100, 51, 171]","[28, 119, 120]","[88, 89, 9]","[144, 37, 38]","[171, 18, 91]","[15, 22, 14]","[85, 128, 83]"
3462,"[18, 160, 161]","[117, 31, 29]","[46, 115, 113]","[49, 148, 62]","[14, 122, 121]","[88, 50, 49]","[174, 80, 79]","[118, 1, 67]","[12, 160, 9]","[105, 104, 32]","[169, 163, 164]","[67, 66, 69]"
3463,"[108, 157, 158]","[142, 143, 138]","[123, 173, 174]","[68, 76, 77]","[116, 74, 130]","[151, 168, 87]","[114, 36, 162]","[149, 97, 148]","[55, 69, 111]","[150, 87, 151]","[109, 6, 7]","[76, 75, 77]"
3464,"[90, 156, 172]","[10, 11, 13]","[5, 116, 117]","[176, 175, 174]","[163, 86, 162]","[70, 65, 68]","[118, 84, 98]","[163, 162, 17]","[166, 91, 168]","[60, 61, 147]","[22, 13, 16]","[54, 55, 57]"
3465,"[168, 31, 30]","[84, 66, 120]","[10, 93, 9]","[49, 53, 46]","[178, 119, 177]","[82, 143, 138]","[24, 103, 25]","[88, 89, 87]","[179, 151, 34]","[137, 138, 135]","[4, 17, 3]","[48, 43, 44]"
3466,"[38, 91, 90]","[12, 134, 116]","[48, 124, 89]","[24, 25, 22]","[20, 121, 49]","[99, 98, 97]","[169, 175, 168]","[68, 65, 66]","[172, 49, 174]","[64, 63, 62]","[123, 117, 48]","[171, 127, 128]"
3467,"[30, 17, 29]","[169, 45, 59]","[165, 21, 163]","[41, 110, 134]","[165, 34, 166]","[86, 139, 108]","[100, 170, 169]","[53, 115, 54]","[71, 14, 70]","[49, 47, 42]","[25, 19, 26]","[56, 49, 141]"
3468,"[145, 168, 146]","[59, 67, 89]","[153, 9, 155]","[177, 30, 178]","[138, 100, 117]","[164, 161, 163]","[51, 135, 32]","[163, 0, 57]","[172, 154, 151]","[122, 123, 68]","[136, 111, 0]","[163, 164, 165]"
3469,"[138, 174, 139]","[44, 76, 10]","[155, 109, 156]","[64, 55, 66]","[159, 178, 157]","[75, 74, 76]","[104, 35, 121]","[81, 79, 27]","[5, 36, 37]","[81, 74, 76]","[77, 71, 78]","[134, 131, 141]"
3470,"[5, 12, 55]","[130, 65, 74]","[29, 67, 46]","[132, 26, 159]","[178, 119, 179]","[76, 106, 108]","[12, 28, 27]","[119, 120, 118]","[116, 175, 174]","[15, 14, 24]","[32, 16, 18]","[100, 89, 95]"
3471,"[71, 10, 72]","[40, 164, 56]","[89, 43, 90]","[100, 96, 97]","[20, 145, 174]","[63, 177, 62]","[134, 17, 16]","[112, 178, 61]","[29, 154, 116]","[68, 71, 67]","[36, 170, 37]","[7, 9, 53]"
3472,"[52, 168, 167]","[151, 149, 156]","[68, 145, 62]","[150, 89, 149]","[17, 30, 16]","[94, 159, 53]","[124, 60, 145]","[97, 96, 98]","[29, 16, 30]","[55, 159, 158]","[29, 8, 9]","[30, 160, 66]"
3473,"[151, 7, 6]","[134, 54, 55]","[65, 118, 129]","[83, 84, 87]","[117, 9, 119]","[74, 43, 45]","[152, 8, 89]","[173, 144, 172]","[117, 9, 119]","[36, 69, 97]","[180, 174, 173]","[142, 141, 114]"
3474,"[19, 13, 7]","[179, 164, 140]","[3, 46, 78]","[123, 117, 118]","[105, 145, 112]","[67, 66, 65]","[77, 61, 7]","[120, 122, 3]","[113, 153, 114]","[65, 135, 136]","[0, 6, 1]","[146, 145, 144]"
3475,"[43, 103, 104]","[53, 26, 24]","[53, 131, 52]","[89, 22, 178]","[21, 99, 0]","[125, 124, 120]","[123, 17, 124]","[2, 1, 145]","[75, 53, 76]","[125, 124, 130]","[37, 6, 5]","[107, 147, 157]"
3476,"[149, 105, 163]","[31, 82, 32]","[21, 160, 153]","[109, 27, 110]","[83, 104, 84]","[150, 43, 36]","[135, 74, 137]","[37, 34, 35]","[83, 104, 84]","[43, 120, 121]","[30, 24, 29]","[178, 180, 179]"
3477,"[111, 96, 157]","[163, 39, 38]","[140, 179, 84]","[36, 34, 35]","[180, 58, 169]","[115, 112, 114]","[156, 68, 155]","[94, 90, 89]","[120, 25, 24]","[174, 167, 168]","[95, 17, 18]","[75, 74, 76]"
3478,"[21, 87, 178]","[88, 114, 115]","[32, 76, 22]","[50, 100, 99]","[0, 95, 33]","[168, 171, 172]","[139, 96, 103]","[120, 119, 20]","[34, 133, 33]","[49, 164, 135]","[166, 172, 3]","[69, 68, 163]"
3479,"[118, 96, 116]","[138, 139, 145]","[130, 59, 61]","[41, 39, 44]","[141, 17, 142]","[1, 164, 2]","[125, 56, 136]","[150, 159, 158]","[141, 17, 86]","[1, 79, 3]","[126, 11, 127]","[34, 30, 141]"
3480,"[122, 153, 154]","[168, 5, 178]","[174, 20, 175]","[119, 117, 50]","[72, 163, 166]","[121, 122, 142]","[108, 57, 107]","[102, 30, 105]","[163, 72, 135]","[177, 178, 121]","[0, 7, 6]","[166, 167, 169]"
3481,"[168, 61, 165]","[134, 161, 104]","[162, 177, 180]","[90, 81, 89]","[159, 15, 14]","[92, 128, 93]","[117, 132, 131]","[157, 154, 151]","[5, 53, 55]","[165, 164, 87]","[0, 6, 2]","[67, 68, 50]"
3482,"[83, 146, 82]","[29, 33, 36]","[141, 5, 77]","[118, 128, 94]","[2, 63, 3]","[101, 123, 122]","[22, 50, 180]","[133, 124, 158]","[94, 63, 93]","[157, 156, 76]","[158, 164, 157]","[61, 60, 93]"
3483,"[129, 76, 75]","[10, 157, 178]","[169, 111, 112]","[65, 64, 66]","[147, 48, 145]","[103, 66, 94]","[147, 167, 44]","[91, 92, 93]","[180, 71, 70]","[139, 138, 32]","[48, 42, 47]","[70, 69, 74]"
3484,"[36, 135, 37]","[163, 98, 166]","[94, 74, 28]","[146, 147, 126]","[0, 30, 2]","[176, 174, 177]","[98, 41, 97]","[80, 119, 81]","[164, 91, 166]","[167, 6, 53]","[27, 15, 16]","[89, 172, 88]"
3485,"[50, 111, 49]","[159, 160, 23]","[164, 62, 163]","[50, 49, 31]","[89, 163, 88]","[76, 77, 78]","[27, 79, 50]","[123, 124, 113]","[89, 163, 88]","[144, 76, 77]","[78, 165, 79]","[109, 108, 107]"
3486,"[5, 59, 4]","[129, 150, 156]","[150, 163, 149]","[89, 90, 88]","[159, 15, 161]","[121, 0, 1]","[176, 119, 178]","[46, 154, 153]","[134, 83, 135]","[157, 71, 151]","[37, 31, 18]","[68, 174, 63]"
3487,"[155, 121, 154]","[69, 76, 46]","[159, 15, 158]","[32, 31, 48]","[23, 167, 166]","[83, 79, 80]","[26, 141, 121]","[136, 137, 48]","[167, 23, 22]","[83, 128, 85]","[180, 174, 128]","[156, 46, 92]"
3488,"[169, 160, 4]","[47, 37, 56]","[87, 167, 79]","[154, 56, 153]","[61, 11, 59]","[124, 127, 128]","[156, 29, 157]","[90, 103, 102]","[61, 11, 10]","[125, 128, 121]","[0, 10, 7]","[58, 174, 176]"
3489,"[47, 152, 48]","[95, 97, 96]","[151, 163, 152]","[114, 105, 113]","[12, 156, 13]","[36, 44, 129]","[179, 21, 52]","[117, 114, 112]","[152, 8, 153]","[40, 35, 42]","[20, 9, 19]","[114, 113, 115]"
3490,"[98, 77, 25]","[14, 17, 153]","[103, 50, 139]","[20, 133, 69]","[162, 57, 86]","[136, 120, 150]","[180, 55, 179]","[34, 47, 2]","[99, 87, 20]","[6, 4, 7]","[1, 9, 8]","[21, 20, 126]"
3491,"[14, 31, 23]","[88, 146, 118]","[32, 98, 33]","[140, 139, 61]","[87, 151, 89]","[58, 178, 8]","[148, 89, 126]","[38, 179, 163]","[119, 77, 154]","[129, 130, 46]","[145, 130, 129]","[163, 170, 162]"
3492,"[44, 67, 68]","[87, 86, 80]","[168, 162, 115]","[14, 60, 81]","[76, 88, 75]","[72, 3, 115]","[123, 140, 22]","[146, 152, 151]","[126, 54, 174]","[15, 14, 112]","[171, 165, 147]","[38, 138, 37]"
3493,"[160, 16, 15]","[33, 34, 32]","[9, 97, 113]","[83, 159, 71]","[105, 23, 61]","[118, 126, 84]","[139, 62, 138]","[25, 95, 24]","[30, 61, 60]","[125, 126, 120]","[140, 146, 139]","[180, 179, 178]"
3494,"[150, 110, 111]","[16, 177, 40]","[29, 79, 80]","[89, 124, 40]","[1, 169, 2]","[129, 83, 87]","[142, 10, 177]","[42, 45, 44]","[61, 135, 62]","[95, 84, 81]","[118, 169, 170]","[68, 67, 146]"
3495,"[155, 11, 12]","[46, 38, 47]","[14, 175, 174]","[112, 113, 87]","[146, 8, 7]","[112, 29, 30]","[62, 163, 61]","[21, 54, 117]","[105, 94, 93]","[54, 52, 53]","[101, 95, 163]","[135, 136, 134]"
3496,"[171, 87, 173]","[151, 139, 136]","[177, 169, 0]","[157, 147, 160]","[18, 65, 95]","[144, 155, 142]","[98, 58, 59]","[150, 163, 162]","[95, 50, 19]","[144, 61, 152]","[6, 25, 5]","[67, 68, 118]"
3497,"[5, 105, 10]","[164, 72, 73]","[95, 6, 94]","[69, 68, 60]","[144, 95, 147]","[69, 67, 70]","[124, 29, 149]","[82, 67, 17]","[144, 95, 147]","[18, 14, 12]","[152, 4, 153]","[130, 129, 131]"
3498,"[111, 130, 31]","[23, 22, 24]","[140, 134, 52]","[160, 159, 57]","[172, 22, 33]","[131, 132, 85]","[103, 160, 102]","[122, 116, 123]","[172, 22, 107]","[6, 7, 168]","[25, 10, 24]","[151, 148, 150]"
3499,"[152, 145, 146]","[121, 36, 37]","[161, 27, 162]","[20, 66, 69]","[90, 117, 121]","[82, 22, 37]","[127, 86, 55]","[121, 120, 116]","[49, 108, 109]","[22, 4, 28]","[0, 19, 6]","[152, 170, 168]"
3500,"[52, 165, 53]","[22, 20, 87]","[60, 116, 61]","[10, 13, 107]","[103, 63, 102]","[161, 143, 162]","[23, 167, 24]","[5, 7, 142]","[5, 118, 6]","[143, 0, 159]","[105, 99, 104]","[136, 135, 134]"
3501,"[26, 147, 60]","[23, 24, 44]","[45, 123, 44]","[129, 11, 133]","[62, 21, 63]","[88, 152, 164]","[179, 71, 180]","[47, 95, 96]","[21, 62, 63]","[107, 108, 109]","[33, 26, 25]","[36, 94, 93]"
3502,"[140, 171, 170]","[108, 79, 112]","[25, 136, 141]","[37, 36, 38]","[1, 88, 2]","[99, 107, 108]","[124, 13, 14]","[79, 78, 80]","[1, 175, 68]","[100, 99, 102]","[0, 8, 1]","[28, 87, 31]"
3503,"[23, 70, 69]","[175, 174, 173]","[117, 2, 3]","[129, 95, 97]","[67, 135, 136]","[50, 51, 90]","[28, 118, 27]","[4, 5, 0]","[67, 135, 136]","[51, 48, 46]","[0, 6, 174]","[36, 29, 35]"
3504,"[60, 104, 105]","[149, 144, 155]","[180, 36, 67]","[154, 169, 159]","[180, 106, 179]","[86, 162, 164]","[96, 164, 95]","[55, 151, 150]","[4, 58, 5]","[89, 86, 124]","[101, 112, 102]","[144, 55, 104]"
3505,"[176, 137, 177]","[111, 43, 82]","[110, 151, 111]","[83, 78, 32]","[123, 9, 8]","[91, 85, 84]","[54, 108, 55]","[4, 92, 91]","[17, 54, 15]","[98, 48, 47]","[24, 9, 1]","[90, 47, 89]"
3506,"[144, 123, 145]","[97, 12, 41]","[113, 86, 121]","[52, 44, 42]","[5, 85, 6]","[52, 47, 51]","[92, 32, 172]","[77, 78, 45]","[68, 159, 30]","[48, 47, 46]","[21, 177, 176]","[62, 35, 144]"
3507,"[39, 47, 46]","[144, 130, 141]","[48, 86, 110]","[137, 143, 154]","[37, 126, 127]","[140, 138, 139]","[32, 126, 31]","[3, 0, 62]","[44, 94, 95]","[143, 144, 145]","[180, 174, 173]","[108, 109, 112]"
3508,"[33, 75, 34]","[91, 85, 86]","[76, 29, 28]","[170, 160, 161]","[157, 13, 155]","[89, 85, 78]","[90, 153, 154]","[13, 14, 116]","[100, 51, 101]","[75, 119, 115]","[2, 8, 1]","[122, 123, 124]"
3509,"[19, 175, 16]","[131, 130, 116]","[61, 21, 62]","[43, 44, 112]","[33, 20, 1]","[13, 14, 65]","[27, 98, 97]","[15, 65, 33]","[0, 146, 141]","[147, 148, 5]","[18, 11, 19]","[81, 83, 84]"
3510,"[179, 47, 180]","[143, 131, 144]","[114, 57, 116]","[173, 42, 94]","[92, 162, 179]","[79, 9, 61]","[25, 158, 112]","[7, 155, 5]","[38, 159, 39]","[58, 57, 59]","[105, 111, 113]","[169, 53, 175]"
3511,"[145, 174, 147]","[135, 140, 169]","[113, 167, 14]","[137, 139, 136]","[150, 86, 180]","[157, 135, 156]","[1, 96, 97]","[178, 61, 62]","[180, 144, 179]","[136, 135, 1]","[172, 178, 179]","[40, 137, 39]"
3512,"[171, 116, 117]","[168, 167, 126]","[130, 52, 108]","[33, 124, 32]","[99, 178, 98]","[163, 62, 162]","[79, 143, 80]","[52, 51, 111]","[2, 131, 112]","[13, 14, 12]","[5, 16, 3]","[48, 41, 159]"
3513,"[118, 15, 117]","[95, 94, 34]","[124, 45, 44]","[68, 69, 84]","[16, 148, 24]","[7, 6, 5]","[1, 38, 0]","[64, 74, 66]","[4, 139, 3]","[142, 143, 125]","[41, 35, 42]","[131, 172, 112]"
3514,"[178, 159, 65]","[54, 53, 120]","[133, 160, 131]","[104, 150, 103]","[138, 77, 76]","[39, 40, 37]","[102, 12, 16]","[54, 48, 70]","[74, 19, 75]","[176, 36, 13]","[0, 167, 1]","[70, 52, 69]"
3515,"[165, 2, 164]","[85, 34, 18]","[21, 31, 168]","[53, 37, 36]","[102, 166, 103]","[154, 86, 126]","[180, 143, 142]","[68, 115, 106]","[79, 102, 80]","[44, 126, 41]","[43, 37, 42]","[47, 48, 101]"
3516,"[1, 19, 0]","[70, 62, 69]","[107, 139, 108]","[37, 86, 38]","[130, 63, 62]","[27, 83, 31]","[102, 134, 135]","[116, 115, 114]","[51, 174, 41]","[4, 17, 24]","[4, 10, 11]","[120, 123, 119]"
3517,"[23, 165, 24]","[56, 121, 57]","[37, 84, 85]","[116, 117, 121]","[13, 85, 14]","[63, 62, 64]","[61, 117, 116]","[111, 110, 144]","[85, 13, 86]","[62, 154, 168]","[32, 26, 33]","[38, 57, 126]"
3518,"[1, 171, 155]","[60, 36, 79]","[108, 9, 105]","[42, 74, 75]","[109, 81, 77]","[38, 134, 135]","[86, 30, 87]","[151, 150, 149]","[86, 115, 87]","[38, 39, 41]","[12, 21, 11]","[55, 57, 56]"
3519,"[0, 14, 27]","[87, 86, 88]","[118, 95, 168]","[146, 83, 84]","[65, 102, 66]","[137, 56, 129]","[152, 8, 155]","[146, 149, 145]","[73, 151, 150]","[77, 79, 132]","[2, 9, 1]","[132, 136, 115]"
3520,"[21, 165, 22]","[49, 67, 68]","[117, 44, 122]","[110, 109, 108]","[81, 138, 139]","[5, 13, 4]","[141, 164, 142]","[4, 104, 108]","[149, 160, 146]","[37, 180, 36]","[36, 163, 45]","[139, 138, 140]"
3521,"[104, 71, 70]","[145, 147, 146]","[95, 161, 94]","[139, 140, 24]","[178, 29, 62]","[102, 99, 103]","[126, 92, 127]","[2, 18, 1]","[116, 7, 115]","[35, 89, 37]","[25, 13, 14]","[81, 83, 80]"
3522,"[42, 154, 41]","[96, 32, 33]","[27, 7, 28]","[143, 130, 131]","[61, 24, 25]","[43, 86, 80]","[66, 157, 43]","[127, 17, 124]","[24, 61, 25]","[43, 44, 48]","[180, 174, 179]","[71, 124, 70]"
3523,"[132, 171, 133]","[0, 124, 123]","[155, 7, 160]","[111, 47, 44]","[106, 157, 105]","[177, 178, 2]","[55, 97, 56]","[12, 80, 79]","[157, 106, 104]","[178, 64, 66]","[7, 18, 6]","[80, 111, 110]"
3524,"[55, 17, 38]","[169, 106, 170]","[118, 47, 171]","[175, 88, 38]","[97, 145, 96]","[175, 171, 117]","[90, 140, 92]","[18, 46, 45]","[96, 144, 97]","[14, 118, 119]","[169, 161, 170]","[90, 120, 91]"
3525,"[90, 20, 91]","[111, 110, 129]","[134, 53, 54]","[93, 92, 91]","[57, 24, 58]","[116, 47, 102]","[153, 18, 154]","[79, 74, 80]","[140, 84, 141]","[10, 115, 116]","[15, 4, 13]","[97, 154, 96]"
3526,"[58, 110, 111]","[20, 165, 164]","[180, 56, 178]","[66, 65, 101]","[16, 100, 32]","[71, 60, 70]","[100, 148, 67]","[130, 128, 49]","[8, 39, 38]","[25, 24, 63]","[65, 71, 64]","[120, 121, 119]"
3527,"[75, 92, 71]","[57, 104, 105]","[64, 142, 141]","[168, 1, 125]","[82, 49, 74]","[110, 114, 107]","[96, 16, 40]","[13, 12, 78]","[119, 54, 36]","[32, 107, 41]","[149, 143, 142]","[71, 70, 69]"
3528,"[162, 8, 161]","[103, 96, 82]","[173, 122, 121]","[98, 90, 43]","[137, 52, 130]","[25, 29, 142]","[140, 127, 126]","[166, 165, 167]","[159, 61, 56]","[25, 7, 125]","[0, 10, 4]","[152, 147, 149]"
3529,"[11, 4, 19]","[157, 58, 158]","[146, 10, 27]","[114, 113, 116]","[179, 143, 180]","[117, 52, 74]","[159, 177, 180]","[23, 97, 22]","[143, 179, 138]","[120, 21, 19]","[142, 148, 150]","[133, 134, 132]"
3530,"[19, 5, 21]","[44, 70, 69]","[109, 40, 59]","[87, 71, 169]","[145, 57, 56]","[3, 28, 4]","[177, 45, 46]","[116, 117, 9]","[89, 120, 90]","[43, 169, 51]","[39, 13, 40]","[74, 73, 107]"
3531,"[64, 128, 77]","[154, 155, 157]","[131, 34, 105]","[166, 165, 168]","[54, 120, 26]","[112, 115, 45]","[28, 50, 27]","[45, 44, 43]","[51, 30, 29]","[115, 117, 137]","[38, 32, 39]","[56, 57, 55]"
3532,"[101, 177, 69]","[112, 113, 116]","[18, 42, 17]","[156, 158, 157]","[86, 8, 12]","[77, 78, 67]","[71, 11, 12]","[133, 151, 135]","[8, 153, 7]","[1, 75, 0]","[67, 73, 74]","[43, 44, 56]"
3533,"[32, 165, 148]","[14, 140, 120]","[27, 2, 3]","[95, 106, 94]","[178, 149, 173]","[141, 142, 143]","[168, 75, 74]","[21, 20, 19]","[154, 179, 153]","[142, 140, 141]","[35, 29, 14]","[129, 132, 133]"
3534,"[136, 174, 137]","[85, 103, 106]","[74, 111, 73]","[64, 67, 63]","[13, 116, 97]","[65, 69, 61]","[68, 48, 46]","[37, 41, 42]","[166, 97, 167]","[65, 66, 60]","[44, 38, 34]","[153, 154, 161]"
3535,"[123, 27, 26]","[53, 52, 2]","[156, 96, 51]","[67, 71, 65]","[52, 97, 98]","[42, 10, 104]","[39, 101, 40]","[111, 112, 109]","[102, 56, 50]","[146, 145, 178]","[1, 9, 2]","[75, 105, 67]"
3536,"[26, 50, 143]","[171, 128, 133]","[14, 118, 117]","[60, 61, 84]","[57, 15, 167]","[119, 38, 179]","[17, 57, 16]","[161, 162, 163]","[31, 114, 167]","[38, 119, 39]","[143, 126, 116]","[26, 46, 45]"
3537,"[143, 84, 144]","[52, 51, 50]","[40, 142, 71]","[12, 33, 46]","[2, 117, 118]","[63, 76, 83]","[144, 163, 138]","[19, 15, 20]","[4, 119, 3]","[63, 65, 83]","[6, 16, 0]","[87, 86, 88]"
3538,"[56, 9, 55]","[132, 134, 136]","[157, 13, 152]","[0, 1, 62]","[53, 13, 163]","[178, 176, 134]","[87, 46, 88]","[159, 178, 179]","[13, 53, 51]","[178, 177, 176]","[0, 18, 17]","[138, 140, 126]"
3539,"[6, 111, 21]","[179, 180, 107]","[21, 153, 157]","[106, 29, 28]","[12, 153, 144]","[95, 92, 91]","[37, 146, 76]","[90, 104, 107]","[1, 159, 0]","[95, 49, 92]","[132, 126, 98]","[105, 146, 149]"
3540,"[3, 106, 77]","[145, 146, 53]","[61, 10, 62]","[114, 113, 120]","[53, 146, 51]","[174, 132, 133]","[93, 164, 163]","[108, 107, 106]","[148, 172, 104]","[175, 174, 115]","[0, 48, 62]","[143, 132, 166]"
3541,"[5, 14, 25]","[91, 90, 105]","[50, 106, 42]","[167, 166, 88]","[59, 79, 58]","[174, 129, 179]","[139, 116, 117]","[50, 51, 52]","[0, 123, 57]","[101, 100, 98]","[31, 25, 30]","[120, 59, 81]"
3542,"[158, 168, 159]","[42, 104, 43]","[18, 102, 180]","[3, 4, 56]","[134, 7, 6]","[18, 19, 58]","[180, 39, 178]","[90, 123, 0]","[7, 134, 8]","[154, 159, 62]","[68, 74, 67]","[15, 121, 10]"
3543,"[180, 47, 142]","[19, 34, 37]","[144, 10, 145]","[91, 95, 94]","[165, 94, 164]","[79, 18, 5]","[173, 107, 168]","[3, 1, 0]","[93, 130, 92]","[20, 21, 18]","[38, 23, 36]","[139, 138, 137]"
3544,"[177, 6, 2]","[91, 101, 90]","[23, 77, 78]","[144, 4, 147]","[0, 55, 103]","[169, 135, 168]","[154, 10, 153]","[40, 41, 39]","[26, 96, 158]","[168, 119, 120]","[18, 11, 19]","[84, 85, 37]"
3545,"[70, 157, 71]","[99, 98, 30]","[43, 173, 44]","[153, 152, 73]","[144, 77, 145]","[98, 107, 43]","[115, 160, 114]","[6, 20, 18]","[144, 77, 173]","[107, 36, 88]","[6, 22, 5]","[126, 173, 174]"
3546,"[102, 43, 101]","[153, 120, 19]","[27, 171, 26]","[79, 66, 30]","[17, 132, 13]","[95, 97, 105]","[176, 137, 177]","[81, 82, 37]","[75, 28, 27]","[97, 96, 95]","[14, 20, 13]","[130, 129, 70]"
3547,"[178, 16, 161]","[130, 131, 128]","[22, 147, 2]","[58, 89, 116]","[163, 26, 164]","[144, 106, 143]","[157, 15, 160]","[7, 9, 8]","[163, 26, 27]","[146, 145, 144]","[0, 6, 1]","[80, 85, 86]"
3548,"[114, 15, 115]","[82, 84, 3]","[141, 63, 156]","[52, 55, 56]","[148, 13, 40]","[73, 34, 35]","[44, 91, 45]","[5, 7, 6]","[41, 104, 180]","[155, 156, 154]","[17, 5, 18]","[43, 42, 44]"
3549,"[158, 172, 170]","[138, 139, 2]","[152, 8, 151]","[22, 87, 35]","[63, 21, 62]","[179, 85, 128]","[24, 168, 149]","[47, 46, 110]","[171, 124, 10]","[53, 152, 49]","[101, 30, 29]","[93, 81, 83]"
3550,"[174, 160, 172]","[143, 150, 36]","[115, 72, 89]","[1, 138, 2]","[96, 123, 97]","[78, 10, 127]","[65, 4, 81]","[138, 33, 29]","[103, 62, 59]","[79, 80, 40]","[20, 171, 0]","[157, 156, 159]"
3551,"[73, 81, 82]","[174, 16, 26]","[70, 117, 115]","[24, 25, 31]","[90, 82, 129]","[36, 35, 37]","[79, 145, 77]","[28, 26, 27]","[75, 129, 128]","[52, 51, 53]","[72, 66, 65]","[173, 172, 174]"
3552,"[0, 6, 8]","[76, 74, 79]","[1, 62, 2]","[109, 108, 110]","[177, 135, 92]","[61, 64, 65]","[149, 137, 148]","[59, 58, 52]","[45, 99, 129]","[64, 61, 65]","[65, 59, 64]","[4, 2, 0]"
3553,"[168, 24, 166]","[39, 43, 42]","[144, 93, 145]","[110, 111, 112]","[134, 11, 137]","[49, 47, 93]","[159, 78, 77]","[26, 22, 111]","[180, 71, 114]","[61, 92, 60]","[33, 19, 18]","[88, 164, 163]"
3554,"[157, 13, 14]","[133, 136, 134]","[5, 71, 69]","[125, 112, 95]","[25, 38, 171]","[120, 119, 122]","[2, 16, 3]","[96, 97, 99]","[33, 15, 62]","[139, 122, 140]","[7, 18, 17]","[109, 110, 108]"
3555,"[167, 158, 168]","[112, 133, 113]","[2, 122, 1]","[58, 57, 63]","[126, 39, 127]","[74, 17, 18]","[88, 63, 148]","[103, 2, 102]","[167, 37, 151]","[15, 14, 17]","[160, 166, 159]","[106, 107, 62]"
3556,"[24, 12, 23]","[55, 56, 159]","[24, 142, 148]","[156, 41, 39]","[0, 152, 116]","[167, 54, 166]","[150, 50, 78]","[67, 98, 62]","[70, 155, 2]","[166, 165, 167]","[0, 15, 14]","[77, 118, 112]"
3557,"[162, 69, 164]","[114, 115, 113]","[35, 89, 1]","[47, 46, 99]","[53, 61, 105]","[91, 51, 93]","[80, 39, 117]","[34, 13, 32]","[106, 178, 179]","[139, 135, 29]","[178, 42, 41]","[139, 132, 77]"
3558,"[180, 161, 164]","[29, 25, 21]","[22, 11, 20]","[58, 39, 36]","[131, 153, 154]","[85, 60, 54]","[179, 99, 178]","[69, 67, 68]","[131, 153, 154]","[54, 60, 59]","[154, 148, 153]","[156, 157, 92]"
3559,"[159, 15, 14]","[81, 76, 80]","[130, 18, 131]","[34, 33, 144]","[71, 129, 9]","[105, 92, 104]","[177, 76, 179]","[41, 40, 39]","[76, 46, 45]","[93, 97, 101]","[26, 32, 28]","[83, 120, 119]"
3560,"[168, 178, 167]","[9, 68, 151]","[117, 9, 175]","[71, 76, 26]","[21, 52, 155]","[173, 175, 171]","[40, 62, 39]","[153, 76, 152]","[25, 55, 68]","[117, 118, 76]","[27, 13, 14]","[70, 67, 69]"
3561,"[40, 131, 133]","[72, 89, 90]","[45, 94, 46]","[155, 156, 27]","[98, 10, 99]","[73, 71, 77]","[97, 136, 96]","[176, 113, 38]","[176, 15, 16]","[71, 52, 124]","[108, 114, 113]","[80, 157, 81]"
3562,"[65, 21, 64]","[32, 149, 33]","[161, 17, 160]","[135, 136, 133]","[179, 160, 177]","[49, 50, 51]","[2, 103, 42]","[128, 149, 129]","[160, 179, 177]","[50, 132, 51]","[31, 145, 32]","[36, 37, 163]"
3563,"[172, 23, 22]","[62, 54, 61]","[137, 101, 138]","[159, 158, 157]","[106, 2, 0]","[51, 52, 39]","[53, 104, 84]","[66, 61, 65]","[2, 106, 107]","[93, 52, 92]","[166, 160, 165]","[67, 27, 127]"
3564,"[162, 169, 161]","[31, 30, 81]","[23, 61, 60]","[150, 179, 180]","[40, 147, 142]","[116, 12, 117]","[82, 3, 83]","[180, 176, 178]","[28, 67, 147]","[117, 17, 154]","[18, 31, 180]","[73, 74, 92]"
3565,"[47, 163, 45]","[106, 107, 89]","[180, 163, 179]","[75, 113, 55]","[112, 80, 81]","[126, 143, 125]","[81, 116, 80]","[27, 26, 25]","[80, 112, 81]","[154, 153, 155]","[179, 172, 180]","[0, 60, 1]"
3566,"[26, 135, 134]","[108, 110, 94]","[85, 39, 180]","[170, 164, 171]","[179, 9, 171]","[71, 72, 29]","[99, 123, 127]","[171, 170, 174]","[179, 9, 171]","[74, 21, 76]","[63, 57, 70]","[78, 79, 151]"
3567,"[162, 168, 156]","[76, 87, 37]","[180, 163, 162]","[132, 131, 130]","[180, 162, 103]","[54, 57, 55]","[96, 78, 77]","[157, 35, 31]","[180, 120, 144]","[60, 57, 81]","[180, 7, 6]","[101, 93, 94]"
3568,"[20, 85, 53]","[173, 138, 79]","[59, 132, 60]","[161, 162, 76]","[177, 4, 6]","[105, 157, 154]","[132, 41, 42]","[22, 23, 24]","[67, 43, 44]","[146, 121, 103]","[3, 21, 2]","[150, 160, 173]"
3569,"[143, 174, 142]","[106, 119, 104]","[152, 21, 22]","[121, 122, 94]","[147, 10, 37]","[106, 108, 109]","[31, 153, 30]","[85, 16, 87]","[171, 27, 28]","[143, 84, 141]","[22, 28, 27]","[68, 71, 66]"
3570,"[73, 28, 34]","[15, 17, 92]","[151, 7, 14]","[67, 33, 78]","[83, 161, 162]","[118, 144, 61]","[152, 8, 143]","[169, 165, 168]","[26, 71, 27]","[120, 118, 113]","[20, 5, 21]","[139, 29, 140]"
3571,"[173, 30, 20]","[105, 102, 104]","[59, 92, 155]","[61, 148, 138]","[50, 71, 53]","[149, 153, 151]","[26, 170, 27]","[51, 55, 22]","[115, 54, 73]","[153, 149, 147]","[120, 126, 121]","[51, 163, 164]"
3572,"[53, 88, 54]","[173, 117, 116]","[118, 89, 117]","[150, 149, 157]","[46, 19, 155]","[78, 77, 76]","[118, 88, 40]","[51, 52, 3]","[158, 78, 159]","[8, 98, 60]","[0, 14, 13]","[161, 103, 43]"
3573,"[161, 152, 155]","[44, 115, 72]","[125, 60, 59]","[30, 31, 36]","[8, 1, 2]","[49, 48, 56]","[52, 76, 46]","[21, 20, 152]","[2, 8, 1]","[122, 121, 123]","[52, 171, 51]","[19, 30, 3]"
3574,"[76, 45, 46]","[158, 159, 57]","[92, 31, 93]","[166, 165, 164]","[23, 4, 37]","[152, 153, 93]","[141, 52, 51]","[167, 166, 168]","[148, 102, 103]","[41, 40, 123]","[43, 51, 40]","[79, 77, 78]"
3575,"[160, 16, 164]","[134, 83, 136]","[167, 72, 166]","[49, 95, 48]","[67, 149, 154]","[86, 60, 85]","[154, 72, 152]","[158, 5, 4]","[153, 101, 152]","[87, 86, 85]","[42, 36, 35]","[68, 67, 69]"
3576,"[25, 160, 161]","[81, 113, 112]","[123, 151, 60]","[89, 90, 119]","[17, 149, 18]","[137, 106, 79]","[37, 125, 126]","[82, 81, 83]","[149, 17, 18]","[37, 39, 38]","[1, 25, 0]","[45, 68, 67]"
3577,"[15, 49, 169]","[165, 136, 137]","[15, 9, 14]","[0, 153, 180]","[95, 175, 96]","[114, 76, 78]","[160, 95, 97]","[142, 150, 111]","[17, 63, 64]","[76, 47, 48]","[28, 4, 5]","[167, 166, 170]"
3578,"[86, 174, 87]","[80, 84, 82]","[2, 103, 1]","[145, 127, 164]","[22, 35, 74]","[175, 174, 14]","[53, 98, 12]","[163, 164, 165]","[126, 74, 61]","[135, 136, 143]","[34, 45, 36]","[48, 172, 173]"
3579,"[180, 173, 174]","[42, 128, 27]","[168, 122, 169]","[110, 109, 112]","[77, 154, 150]","[91, 80, 105]","[30, 52, 53]","[71, 148, 168]","[77, 156, 73]","[33, 32, 26]","[18, 33, 19]","[79, 78, 76]"
3580,"[172, 53, 175]","[158, 96, 97]","[1, 137, 33]","[86, 87, 92]","[7, 148, 145]","[69, 106, 107]","[160, 152, 163]","[31, 106, 87]","[66, 119, 67]","[81, 131, 133]","[176, 170, 177]","[23, 30, 42]"
3581,"[44, 21, 43]","[11, 100, 53]","[31, 20, 6]","[155, 148, 126]","[24, 68, 4]","[136, 135, 117]","[159, 5, 29]","[92, 93, 61]","[11, 167, 173]","[134, 135, 5]","[0, 11, 1]","[85, 86, 135]"
3582,"[180, 153, 175]","[42, 37, 145]","[31, 113, 112]","[126, 120, 123]","[163, 170, 179]","[13, 9, 10]","[85, 132, 0]","[6, 7, 8]","[81, 6, 82]","[29, 36, 90]","[58, 64, 63]","[123, 124, 140]"
3583,"[166, 13, 167]","[68, 69, 66]","[2, 93, 3]","[116, 81, 61]","[87, 142, 88]","[34, 33, 116]","[87, 27, 140]","[126, 110, 107]","[87, 141, 78]","[6, 7, 3]","[74, 42, 110]","[157, 158, 159]"
3584,"[21, 106, 178]","[177, 47, 95]","[86, 28, 87]","[113, 112, 133]","[14, 91, 90]","[60, 68, 64]","[79, 41, 80]","[172, 170, 169]","[128, 6, 5]","[135, 64, 141]","[8, 19, 20]","[163, 166, 162]"
3585,"[26, 170, 27]","[87, 93, 92]","[137, 1, 85]","[20, 19, 39]","[82, 99, 2]","[167, 42, 41]","[91, 15, 158]","[139, 138, 163]","[23, 93, 29]","[166, 167, 170]","[0, 43, 5]","[138, 135, 131]"
3586,"[179, 45, 180]","[104, 105, 110]","[176, 29, 47]","[27, 179, 178]","[13, 4, 12]","[103, 112, 96]","[49, 94, 93]","[160, 158, 159]","[4, 13, 7]","[34, 55, 64]","[61, 67, 66]","[98, 106, 148]"
3587,"[0, 116, 35]","[139, 50, 138]","[33, 62, 32]","[161, 146, 97]","[134, 23, 24]","[150, 149, 148]","[115, 29, 42]","[66, 149, 152]","[27, 135, 71]","[10, 11, 157]","[180, 160, 159]","[58, 96, 94]"
3588,"[162, 122, 163]","[40, 41, 36]","[126, 11, 127]","[62, 50, 64]","[180, 65, 168]","[115, 117, 116]","[174, 26, 89]","[29, 55, 53]","[29, 64, 180]","[174, 173, 178]","[100, 79, 78]","[56, 53, 58]"
3589,"[24, 7, 28]","[154, 153, 155]","[159, 29, 90]","[106, 108, 105]","[144, 76, 67]","[34, 31, 32]","[43, 15, 178]","[154, 57, 56]","[70, 25, 68]","[129, 91, 92]","[29, 11, 12]","[126, 129, 59]"
3590,"[50, 78, 79]","[97, 98, 138]","[180, 160, 178]","[150, 162, 161]","[21, 7, 84]","[39, 33, 37]","[59, 121, 60]","[139, 140, 141]","[174, 66, 118]","[35, 34, 53]","[144, 138, 143]","[113, 151, 112]"
3591,"[77, 9, 76]","[127, 120, 121]","[94, 146, 96]","[81, 80, 134]","[32, 179, 180]","[1, 0, 120]","[66, 144, 143]","[122, 127, 123]","[3, 146, 124]","[89, 88, 174]","[144, 150, 149]","[20, 53, 121]"
3592,"[180, 171, 172]","[119, 19, 45]","[0, 16, 78]","[33, 32, 126]","[140, 110, 163]","[84, 79, 86]","[109, 84, 108]","[155, 156, 157]","[179, 173, 172]","[147, 146, 148]","[0, 1, 2]","[5, 68, 67]"
3593,"[67, 39, 66]","[164, 161, 160]","[2, 34, 4]","[133, 129, 109]","[38, 32, 77]","[68, 54, 52]","[141, 96, 142]","[51, 52, 54]","[43, 66, 78]","[59, 57, 58]","[10, 16, 9]","[152, 130, 147]"
3594,"[130, 83, 131]","[134, 149, 151]","[65, 30, 130]","[44, 92, 91]","[3, 146, 159]","[84, 86, 83]","[174, 121, 72]","[153, 156, 17]","[31, 63, 34]","[1, 0, 67]","[23, 12, 3]","[175, 152, 174]"
3595,"[7, 33, 171]","[179, 180, 13]","[24, 32, 16]","[52, 53, 109]","[180, 173, 179]","[63, 91, 64]","[2, 131, 130]","[110, 163, 109]","[180, 170, 172]","[65, 64, 90]","[49, 14, 48]","[178, 85, 98]"
3596,"[119, 36, 170]","[79, 95, 81]","[32, 84, 17]","[176, 174, 175]","[4, 16, 179]","[44, 79, 80]","[177, 167, 49]","[138, 145, 33]","[48, 150, 47]","[141, 167, 168]","[0, 6, 113]","[53, 54, 55]"
3597,"[74, 37, 75]","[114, 110, 25]","[49, 157, 158]","[111, 103, 115]","[4, 151, 164]","[6, 96, 7]","[20, 164, 21]","[113, 107, 106]","[4, 151, 37]","[33, 6, 30]","[26, 35, 30]","[128, 127, 121]"
3598,"[38, 175, 39]","[141, 134, 147]","[86, 14, 1]","[121, 122, 123]","[100, 64, 99]","[167, 84, 129]","[90, 13, 15]","[179, 26, 164]","[98, 132, 100]","[167, 166, 163]","[3, 24, 4]","[76, 148, 75]"
3599,"[149, 63, 148]","[26, 92, 105]","[5, 23, 52]","[61, 153, 154]","[122, 172, 176]","[165, 115, 116]","[153, 75, 154]","[3, 118, 2]","[176, 49, 122]","[167, 145, 9]","[2, 30, 3]","[46, 49, 48]"
3600,"[162, 42, 95]","[123, 124, 24]","[109, 7, 108]","[58, 132, 71]","[124, 170, 46]","[150, 133, 149]","[103, 150, 104]","[2, 17, 4]","[124, 170, 51]","[107, 99, 113]","[3, 18, 2]","[74, 75, 60]"
3601,"[43, 128, 129]","[71, 69, 70]","[149, 7, 147]","[100, 61, 101]","[161, 17, 160]","[95, 96, 98]","[47, 63, 127]","[30, 23, 94]","[114, 29, 20]","[95, 96, 128]","[180, 174, 179]","[99, 93, 94]"
3602,"[38, 178, 35]","[48, 49, 52]","[164, 19, 104]","[80, 82, 47]","[170, 26, 25]","[92, 91, 124]","[29, 87, 28]","[149, 148, 0]","[26, 170, 27]","[93, 90, 92]","[1, 26, 15]","[150, 72, 71]"
3603,"[102, 44, 109]","[80, 79, 81]","[51, 17, 87]","[136, 59, 119]","[104, 42, 158]","[139, 132, 24]","[1, 149, 0]","[32, 31, 30]","[125, 89, 2]","[24, 23, 70]","[46, 35, 36]","[67, 104, 103]"
3604,"[8, 26, 10]","[117, 59, 56]","[158, 15, 29]","[174, 173, 47]","[46, 80, 139]","[51, 69, 39]","[146, 27, 26]","[122, 159, 121]","[124, 97, 141]","[67, 23, 22]","[3, 19, 4]","[115, 117, 118]"
3605,"[171, 178, 170]","[56, 62, 57]","[65, 141, 31]","[14, 15, 16]","[116, 132, 15]","[97, 91, 98]","[79, 127, 76]","[38, 103, 178]","[115, 131, 114]","[149, 42, 150]","[166, 160, 159]","[39, 40, 11]"
3606,"[177, 13, 178]","[121, 76, 53]","[135, 50, 46]","[171, 170, 40]","[114, 88, 117]","[50, 18, 17]","[101, 146, 103]","[170, 169, 172]","[2, 133, 3]","[17, 16, 15]","[14, 4, 12]","[72, 75, 80]"
3607,"[164, 20, 150]","[34, 134, 133]","[149, 76, 169]","[45, 44, 55]","[180, 22, 42]","[85, 125, 54]","[28, 172, 17]","[124, 136, 128]","[2, 119, 118]","[135, 85, 86]","[0, 20, 21]","[151, 150, 149]"
3608,"[139, 35, 89]","[0, 99, 44]","[68, 84, 86]","[23, 30, 31]","[2, 76, 156]","[42, 53, 41]","[101, 6, 102]","[60, 29, 19]","[1, 76, 77]","[148, 146, 71]","[126, 114, 2]","[27, 50, 42]"
3609,"[57, 91, 58]","[118, 40, 113]","[142, 167, 95]","[113, 157, 28]","[27, 171, 168]","[117, 118, 180]","[71, 175, 176]","[9, 10, 32]","[96, 27, 93]","[132, 9, 8]","[78, 84, 77]","[119, 126, 150]"
3610,"[15, 159, 175]","[96, 103, 102]","[56, 14, 62]","[28, 27, 75]","[115, 17, 16]","[153, 154, 176]","[98, 12, 63]","[124, 123, 130]","[59, 35, 111]","[77, 78, 130]","[0, 6, 1]","[176, 84, 81]"
3611,"[176, 142, 178]","[44, 42, 95]","[57, 109, 110]","[130, 129, 31]","[45, 160, 177]","[119, 127, 116]","[10, 170, 169]","[32, 37, 110]","[27, 177, 176]","[162, 161, 159]","[91, 84, 77]","[154, 155, 147]"
3612,"[157, 32, 31]","[97, 99, 82]","[20, 163, 164]","[147, 72, 71]","[113, 152, 170]","[65, 66, 64]","[114, 56, 112]","[142, 18, 141]","[173, 33, 94]","[65, 109, 66]","[24, 18, 8]","[91, 88, 87]"
3613,"[28, 155, 154]","[123, 86, 109]","[35, 116, 172]","[2, 20, 106]","[160, 62, 61]","[32, 130, 45]","[16, 126, 103]","[22, 19, 21]","[55, 144, 56]","[32, 135, 134]","[28, 18, 27]","[68, 69, 109]"
3614,"[118, 68, 117]","[99, 40, 159]","[36, 114, 37]","[60, 72, 163]","[34, 131, 35]","[79, 78, 72]","[117, 134, 116]","[75, 25, 74]","[34, 131, 35]","[77, 69, 79]","[95, 89, 88]","[148, 144, 145]"
3615,"[169, 25, 28]","[75, 76, 130]","[4, 21, 3]","[172, 171, 173]","[1, 53, 3]","[106, 131, 152]","[18, 115, 20]","[2, 3, 7]","[1, 53, 54]","[128, 129, 106]","[41, 14, 42]","[154, 146, 153]"
3616,"[74, 176, 75]","[20, 21, 19]","[102, 12, 18]","[164, 93, 94]","[17, 132, 134]","[10, 95, 80]","[4, 66, 3]","[172, 175, 40]","[178, 43, 135]","[93, 82, 96]","[52, 177, 176]","[43, 168, 8]"
3617,"[133, 48, 47]","[130, 43, 129]","[173, 9, 172]","[41, 141, 73]","[178, 159, 160]","[12, 72, 6]","[100, 172, 99]","[132, 131, 136]","[80, 21, 82]","[12, 88, 122]","[76, 82, 83]","[36, 37, 38]"
3618,"[126, 4, 81]","[67, 65, 64]","[74, 4, 75]","[156, 157, 66]","[75, 135, 44]","[126, 127, 157]","[12, 37, 144]","[120, 177, 6]","[60, 30, 32]","[100, 99, 10]","[44, 50, 45]","[161, 180, 160]"
3619,"[138, 160, 137]","[176, 50, 48]","[167, 103, 168]","[110, 111, 174]","[93, 27, 92]","[60, 61, 62]","[179, 36, 88]","[74, 174, 75]","[37, 136, 134]","[177, 179, 178]","[13, 22, 15]","[55, 54, 53]"
3620,"[123, 148, 124]","[67, 165, 68]","[47, 27, 30]","[123, 121, 126]","[43, 11, 42]","[135, 138, 178]","[147, 99, 148]","[35, 104, 14]","[80, 48, 4]","[139, 136, 138]","[169, 175, 171]","[65, 131, 62]"
3621,"[18, 130, 174]","[53, 54, 69]","[108, 159, 37]","[84, 113, 57]","[122, 171, 123]","[110, 111, 80]","[20, 32, 33]","[107, 108, 9]","[90, 17, 22]","[47, 144, 143]","[18, 9, 15]","[63, 110, 92]"
3622,"[5, 179, 4]","[122, 121, 151]","[175, 160, 180]","[28, 54, 147]","[177, 16, 176]","[101, 100, 102]","[2, 132, 1]","[78, 77, 93]","[110, 88, 87]","[11, 26, 98]","[75, 83, 82]","[130, 131, 163]"
3623,"[85, 114, 86]","[132, 126, 125]","[1, 53, 2]","[148, 147, 149]","[178, 32, 179]","[54, 53, 96]","[113, 170, 146]","[67, 66, 68]","[107, 154, 155]","[16, 98, 47]","[54, 142, 0]","[102, 103, 66]"
3624,"[157, 68, 159]","[12, 11, 9]","[112, 96, 114]","[127, 126, 128]","[44, 86, 45]","[169, 143, 168]","[18, 24, 154]","[45, 46, 44]","[86, 24, 85]","[101, 103, 102]","[18, 8, 10]","[81, 107, 80]"
3625,"[109, 41, 108]","[139, 141, 137]","[0, 107, 1]","[50, 46, 124]","[84, 142, 145]","[53, 52, 56]","[27, 85, 26]","[15, 148, 140]","[85, 143, 87]","[29, 59, 50]","[0, 23, 22]","[64, 69, 70]"
3626,"[14, 125, 124]","[146, 130, 131]","[99, 12, 97]","[176, 177, 178]","[40, 8, 41]","[143, 142, 144]","[111, 174, 148]","[0, 1, 2]","[65, 56, 55]","[164, 165, 162]","[22, 86, 85]","[47, 66, 44]"
3627,"[96, 71, 97]","[137, 35, 113]","[11, 158, 156]","[87, 86, 38]","[130, 108, 129]","[71, 70, 69]","[95, 69, 96]","[132, 159, 131]","[130, 108, 107]","[69, 70, 71]","[110, 79, 80]","[38, 117, 35]"
3628,"[94, 113, 112]","[137, 21, 19]","[104, 63, 103]","[159, 150, 152]","[6, 104, 105]","[170, 169, 125]","[25, 66, 24]","[20, 19, 18]","[35, 133, 29]","[169, 170, 168]","[163, 169, 170]","[37, 116, 35]"
3629,"[37, 9, 36]","[146, 166, 167]","[100, 79, 78]","[164, 153, 165]","[167, 23, 170]","[146, 69, 68]","[49, 131, 13]","[47, 6, 7]","[159, 15, 169]","[73, 123, 143]","[50, 31, 30]","[160, 157, 161]"
3630,"[179, 145, 180]","[82, 75, 117]","[34, 5, 78]","[109, 108, 107]","[0, 127, 1]","[33, 67, 68]","[48, 33, 25]","[146, 144, 145]","[180, 138, 179]","[32, 33, 50]","[180, 174, 173]","[117, 116, 118]"
3631,"[29, 55, 69]","[120, 121, 122]","[127, 24, 25]","[11, 106, 72]","[2, 55, 6]","[14, 111, 110]","[85, 2, 83]","[111, 79, 74]","[72, 124, 99]","[110, 111, 109]","[0, 6, 5]","[109, 108, 61]"
3632,"[91, 149, 92]","[63, 64, 61]","[105, 89, 90]","[40, 41, 39]","[78, 27, 169]","[109, 108, 110]","[178, 85, 86]","[59, 1, 60]","[21, 169, 22]","[110, 111, 147]","[151, 157, 152]","[100, 72, 99]"
3633,"[0, 174, 173]","[100, 99, 41]","[127, 10, 100]","[46, 91, 43]","[104, 170, 106]","[41, 125, 117]","[28, 102, 159]","[64, 62, 146]","[53, 92, 51]","[41, 26, 154]","[163, 157, 164]","[59, 74, 73]"
3634,"[65, 59, 64]","[119, 68, 74]","[109, 16, 108]","[132, 131, 147]","[23, 167, 168]","[96, 95, 92]","[111, 150, 165]","[126, 125, 73]","[167, 24, 23]","[0, 96, 88]","[78, 71, 72]","[150, 149, 151]"
3635,"[164, 26, 29]","[81, 34, 154]","[69, 107, 139]","[16, 17, 21]","[0, 165, 71]","[177, 176, 175]","[80, 166, 165]","[45, 47, 43]","[0, 165, 29]","[119, 177, 176]","[138, 96, 67]","[85, 84, 86]"
3636,"[83, 16, 82]","[166, 64, 119]","[140, 87, 56]","[103, 106, 105]","[51, 91, 92]","[60, 59, 57]","[46, 171, 47]","[13, 7, 14]","[178, 7, 177]","[31, 33, 32]","[37, 10, 36]","[52, 152, 70]"
3637,"[180, 40, 179]","[113, 112, 94]","[19, 13, 12]","[3, 4, 35]","[112, 20, 109]","[145, 87, 141]","[125, 6, 127]","[101, 95, 96]","[135, 13, 133]","[41, 28, 44]","[0, 12, 1]","[68, 69, 67]"
3638,"[12, 25, 10]","[136, 137, 144]","[70, 15, 16]","[42, 41, 40]","[141, 152, 5]","[21, 9, 24]","[91, 156, 90]","[114, 134, 163]","[178, 114, 115]","[44, 45, 91]","[0, 13, 1]","[160, 157, 158]"
3639,"[82, 29, 26]","[96, 53, 102]","[62, 172, 121]","[81, 107, 3]","[67, 94, 96]","[172, 149, 171]","[125, 69, 126]","[146, 145, 144]","[54, 81, 91]","[175, 173, 174]","[116, 70, 117]","[18, 19, 23]"
3640,"[51, 23, 52]","[145, 146, 59]","[152, 8, 153]","[95, 37, 97]","[40, 174, 41]","[157, 156, 65]","[18, 162, 19]","[120, 119, 117]","[40, 174, 175]","[3, 158, 2]","[5, 11, 4]","[57, 107, 56]"
3641,"[18, 86, 90]","[142, 144, 143]","[55, 105, 104]","[177, 175, 144]","[180, 4, 174]","[136, 135, 108]","[101, 173, 65]","[39, 6, 139]","[142, 19, 141]","[88, 87, 6]","[0, 6, 171]","[68, 21, 20]"
3642,"[41, 73, 39]","[25, 100, 172]","[2, 39, 1]","[66, 68, 65]","[135, 41, 60]","[171, 172, 170]","[32, 115, 169]","[103, 162, 161]","[106, 74, 105]","[167, 166, 0]","[24, 14, 25]","[171, 98, 48]"
3643,"[47, 5, 48]","[139, 140, 141]","[114, 54, 6]","[93, 94, 95]","[61, 159, 161]","[122, 4, 121]","[132, 15, 131]","[54, 53, 84]","[61, 159, 158]","[19, 118, 119]","[15, 21, 20]","[9, 117, 8]"
3644,"[90, 60, 91]","[180, 59, 14]","[133, 58, 148]","[68, 80, 108]","[115, 32, 180]","[169, 170, 171]","[22, 100, 23]","[157, 158, 76]","[115, 32, 180]","[5, 15, 4]","[178, 155, 156]","[93, 123, 44]"
3645,"[175, 31, 29]","[127, 76, 78]","[87, 139, 169]","[10, 11, 41]","[19, 179, 178]","[106, 50, 107]","[148, 173, 174]","[180, 178, 179]","[73, 175, 57]","[122, 119, 1]","[7, 146, 180]","[97, 30, 29]"
3646,"[166, 154, 155]","[124, 95, 116]","[175, 32, 29]","[148, 125, 127]","[154, 10, 155]","[36, 34, 69]","[166, 175, 151]","[62, 59, 138]","[151, 157, 159]","[2, 0, 3]","[180, 174, 173]","[69, 145, 70]"
3647,"[69, 137, 140]","[151, 32, 105]","[153, 117, 154]","[4, 32, 33]","[62, 175, 108]","[97, 98, 99]","[35, 107, 106]","[0, 1, 2]","[98, 30, 97]","[54, 55, 56]","[7, 19, 20]","[164, 125, 163]"
3648,"[48, 93, 142]","[55, 54, 51]","[80, 174, 0]","[15, 14, 17]","[74, 37, 75]","[60, 59, 67]","[70, 41, 2]","[147, 72, 131]","[105, 143, 142]","[174, 180, 84]","[67, 38, 68]","[131, 129, 7]"
3649,"[175, 29, 30]","[40, 39, 37]","[1, 133, 4]","[43, 86, 42]","[134, 98, 133]","[35, 36, 37]","[100, 33, 32]","[136, 135, 173]","[129, 66, 67]","[143, 35, 37]","[152, 171, 151]","[129, 130, 57]"
3650,"[142, 7, 143]","[147, 165, 166]","[0, 28, 93]","[116, 117, 85]","[119, 159, 116]","[51, 17, 23]","[2, 162, 3]","[84, 74, 70]","[117, 70, 118]","[23, 26, 51]","[0, 15, 1]","[94, 95, 135]"
3651,"[99, 24, 121]","[152, 153, 154]","[74, 100, 75]","[56, 132, 10]","[2, 138, 3]","[37, 35, 34]","[117, 16, 21]","[38, 6, 94]","[124, 157, 128]","[36, 37, 35]","[15, 9, 0]","[73, 61, 109]"
3652,"[126, 177, 125]","[43, 82, 83]","[96, 150, 97]","[140, 166, 135]","[158, 89, 74]","[50, 51, 162]","[128, 107, 129]","[142, 60, 57]","[119, 64, 23]","[48, 50, 49]","[2, 14, 3]","[138, 139, 55]"
3653,"[157, 13, 12]","[62, 57, 180]","[66, 24, 65]","[117, 44, 100]","[0, 175, 1]","[123, 12, 77]","[127, 14, 13]","[121, 122, 80]","[0, 175, 1]","[119, 120, 115]","[102, 118, 100]","[146, 147, 148]"
3654,"[159, 70, 158]","[75, 145, 144]","[77, 44, 74]","[42, 130, 170]","[155, 73, 156]","[82, 83, 100]","[45, 64, 44]","[10, 135, 9]","[112, 97, 92]","[82, 13, 144]","[38, 13, 37]","[110, 114, 108]"
3655,"[27, 139, 28]","[66, 17, 16]","[157, 14, 153]","[49, 180, 48]","[24, 139, 32]","[48, 52, 49]","[151, 48, 152]","[36, 3, 90]","[44, 172, 40]","[11, 9, 10]","[0, 10, 1]","[164, 95, 165]"
3656,"[64, 138, 66]","[164, 162, 161]","[2, 74, 1]","[85, 37, 36]","[87, 160, 71]","[127, 111, 130]","[24, 134, 130]","[75, 128, 120]","[136, 74, 148]","[18, 19, 17]","[180, 174, 173]","[85, 133, 124]"
3657,"[145, 103, 77]","[43, 41, 42]","[180, 58, 59]","[133, 132, 113]","[10, 2, 0]","[145, 163, 164]","[174, 149, 35]","[130, 120, 131]","[118, 138, 139]","[55, 70, 48]","[1, 16, 0]","[174, 108, 74]"
3658,"[128, 172, 94]","[33, 156, 180]","[126, 26, 24]","[34, 41, 16]","[59, 12, 60]","[5, 4, 32]","[180, 60, 179]","[62, 63, 14]","[100, 71, 99]","[4, 6, 154]","[154, 160, 159]","[88, 98, 86]"
3659,"[167, 25, 168]","[74, 75, 83]","[5, 28, 4]","[61, 70, 101]","[112, 26, 157]","[14, 88, 86]","[105, 137, 84]","[148, 111, 147]","[84, 166, 8]","[34, 38, 65]","[170, 156, 163]","[96, 95, 98]"
3660,"[170, 102, 58]","[31, 30, 29]","[91, 144, 90]","[135, 56, 16]","[14, 20, 13]","[84, 87, 83]","[99, 65, 97]","[21, 17, 24]","[68, 16, 67]","[178, 177, 175]","[24, 5, 4]","[108, 106, 107]"
3661,"[30, 168, 31]","[82, 83, 58]","[159, 15, 1]","[56, 69, 68]","[7, 51, 6]","[36, 15, 170]","[180, 26, 178]","[47, 40, 42]","[101, 144, 115]","[36, 139, 110]","[5, 134, 4]","[24, 60, 59]"
3662,"[18, 162, 161]","[151, 140, 79]","[0, 47, 50]","[123, 39, 143]","[171, 93, 174]","[128, 151, 25]","[124, 33, 125]","[5, 6, 80]","[171, 110, 93]","[151, 26, 143]","[27, 8, 9]","[81, 82, 83]"
3663,"[116, 68, 67]","[143, 142, 99]","[60, 23, 18]","[167, 141, 35]","[24, 105, 27]","[70, 71, 68]","[43, 164, 48]","[102, 103, 108]","[168, 34, 167]","[136, 137, 134]","[22, 16, 15]","[137, 134, 136]"
3664,"[111, 66, 143]","[71, 34, 78]","[0, 161, 101]","[105, 106, 85]","[65, 110, 172]","[121, 97, 44]","[121, 130, 155]","[13, 12, 1]","[84, 138, 82]","[97, 98, 179]","[15, 139, 4]","[153, 36, 160]"
3665,"[0, 135, 1]","[83, 35, 84]","[0, 81, 97]","[143, 77, 138]","[6, 114, 7]","[179, 180, 177]","[16, 81, 17]","[137, 116, 117]","[139, 30, 113]","[178, 179, 180]","[131, 137, 132]","[173, 172, 105]"
3666,"[17, 178, 101]","[69, 70, 68]","[164, 9, 165]","[107, 51, 112]","[85, 58, 57]","[139, 137, 138]","[178, 102, 101]","[46, 146, 69]","[130, 162, 161]","[24, 23, 26]","[157, 16, 156]","[48, 45, 46]"
3667,"[50, 114, 53]","[128, 27, 127]","[83, 112, 84]","[75, 45, 165]","[1, 28, 2]","[150, 158, 147]","[78, 109, 77]","[162, 161, 164]","[1, 28, 2]","[150, 39, 147]","[5, 37, 6]","[150, 149, 148]"
3668,"[117, 55, 165]","[134, 133, 132]","[99, 20, 21]","[132, 126, 119]","[23, 120, 24]","[78, 68, 80]","[180, 174, 179]","[139, 144, 145]","[23, 120, 24]","[78, 66, 63]","[89, 54, 93]","[161, 145, 147]"
3669,"[105, 46, 48]","[119, 118, 133]","[64, 23, 65]","[42, 41, 43]","[25, 66, 64]","[48, 130, 46]","[23, 150, 66]","[119, 118, 54]","[65, 25, 26]","[10, 9, 5]","[22, 16, 45]","[151, 153, 152]"
3670,"[178, 116, 91]","[24, 151, 23]","[40, 24, 25]","[141, 150, 151]","[6, 118, 7]","[21, 87, 81]","[117, 58, 4]","[152, 153, 151]","[180, 32, 31]","[61, 64, 21]","[5, 176, 0]","[60, 137, 136]"
3671,"[5, 102, 100]","[48, 90, 91]","[48, 76, 77]","[134, 88, 87]","[124, 162, 180]","[19, 20, 18]","[138, 100, 99]","[96, 94, 36]","[124, 162, 123]","[19, 24, 137]","[179, 172, 173]","[11, 51, 72]"
3672,"[0, 101, 105]","[169, 162, 170]","[177, 124, 174]","[10, 94, 0]","[177, 77, 178]","[0, 42, 41]","[168, 174, 169]","[126, 125, 72]","[177, 77, 176]","[0, 1, 42]","[0, 6, 1]","[138, 160, 159]"
3673,"[26, 148, 27]","[119, 136, 135]","[52, 116, 117]","[68, 86, 6]","[42, 67, 41]","[24, 13, 118]","[46, 150, 45]","[9, 14, 17]","[78, 50, 77]","[118, 117, 116]","[1, 15, 0]","[118, 117, 58]"
3674,"[82, 44, 173]","[56, 120, 124]","[2, 99, 1]","[39, 40, 69]","[68, 89, 90]","[45, 154, 124]","[173, 105, 123]","[36, 34, 35]","[65, 110, 64]","[121, 120, 119]","[1, 28, 0]","[33, 52, 32]"
3675,"[180, 114, 116]","[36, 37, 48]","[95, 173, 94]","[134, 130, 132]","[88, 20, 89]","[121, 139, 151]","[149, 173, 156]","[38, 36, 37]","[0, 80, 172]","[128, 126, 139]","[169, 163, 170]","[95, 115, 102]"
3676,"[24, 76, 41]","[31, 90, 152]","[129, 40, 39]","[63, 165, 24]","[37, 6, 38]","[128, 127, 125]","[2, 60, 1]","[165, 166, 38]","[105, 57, 155]","[43, 26, 42]","[119, 53, 118]","[157, 158, 165]"
3677,"[24, 94, 22]","[74, 75, 73]","[45, 76, 44]","[37, 38, 56]","[39, 108, 109]","[82, 80, 81]","[37, 86, 85]","[31, 2, 1]","[37, 108, 113]","[73, 72, 71]","[34, 5, 21]","[36, 156, 128]"
3678,"[23, 50, 27]","[112, 113, 126]","[165, 96, 95]","[138, 137, 139]","[122, 94, 93]","[139, 68, 140]","[158, 14, 172]","[42, 41, 112]","[104, 175, 133]","[70, 37, 67]","[8, 1, 7]","[48, 49, 59]"
3679,"[112, 67, 97]","[24, 158, 156]","[12, 100, 11]","[41, 45, 51]","[171, 11, 172]","[154, 156, 153]","[59, 113, 178]","[0, 21, 22]","[171, 11, 12]","[154, 153, 152]","[143, 112, 140]","[172, 174, 60]"
3680,"[126, 179, 74]","[159, 158, 160]","[104, 11, 105]","[7, 61, 54]","[99, 34, 140]","[66, 63, 65]","[179, 152, 180]","[134, 135, 136]","[140, 57, 58]","[66, 63, 65]","[32, 41, 35]","[70, 71, 72]"
3681,"[164, 113, 18]","[1, 29, 0]","[68, 11, 69]","[48, 88, 47]","[103, 137, 136]","[85, 179, 118]","[80, 169, 81]","[89, 86, 41]","[0, 155, 1]","[71, 91, 26]","[0, 11, 9]","[136, 134, 135]"
3682,"[34, 95, 21]","[158, 160, 161]","[178, 157, 11]","[97, 19, 16]","[162, 45, 46]","[177, 7, 176]","[45, 139, 146]","[118, 119, 39]","[112, 125, 111]","[0, 1, 90]","[41, 15, 14]","[161, 162, 48]"
3683,"[12, 85, 89]","[76, 78, 77]","[159, 15, 160]","[82, 83, 38]","[81, 11, 14]","[126, 125, 104]","[18, 137, 19]","[126, 125, 163]","[78, 10, 14]","[0, 35, 168]","[139, 146, 140]","[51, 112, 52]"
3684,"[133, 72, 78]","[163, 32, 164]","[37, 85, 86]","[16, 53, 57]","[136, 111, 135]","[151, 150, 154]","[101, 5, 102]","[159, 91, 92]","[110, 135, 109]","[43, 42, 44]","[61, 162, 165]","[103, 97, 106]"
3685,"[91, 6, 92]","[177, 175, 24]","[5, 17, 3]","[38, 37, 129]","[5, 15, 4]","[99, 166, 170]","[19, 5, 95]","[35, 148, 36]","[5, 12, 4]","[119, 70, 98]","[3, 9, 2]","[44, 168, 167]"
3686,"[18, 162, 20]","[7, 91, 100]","[143, 6, 146]","[60, 62, 116]","[82, 45, 28]","[150, 151, 176]","[123, 88, 107]","[61, 118, 62]","[81, 49, 44]","[161, 90, 165]","[31, 82, 81]","[117, 118, 116]"
3687,"[4, 28, 5]","[81, 165, 166]","[5, 58, 4]","[172, 173, 115]","[158, 83, 82]","[6, 7, 141]","[46, 14, 15]","[123, 124, 26]","[162, 68, 83]","[115, 114, 38]","[0, 6, 7]","[110, 109, 135]"
3688,"[165, 21, 156]","[92, 93, 88]","[180, 42, 57]","[34, 98, 33]","[142, 24, 17]","[63, 64, 127]","[163, 128, 161]","[22, 23, 26]","[82, 47, 46]","[12, 158, 13]","[3, 17, 18]","[153, 152, 141]"
3689,"[138, 14, 121]","[23, 24, 41]","[140, 9, 139]","[107, 79, 80]","[85, 3, 4]","[37, 41, 38]","[132, 23, 131]","[102, 39, 37]","[147, 66, 85]","[37, 38, 33]","[14, 21, 20]","[6, 79, 78]"
3690,"[177, 115, 178]","[158, 130, 1]","[179, 151, 180]","[60, 113, 111]","[122, 29, 24]","[39, 38, 40]","[151, 142, 143]","[10, 9, 86]","[77, 11, 86]","[99, 38, 37]","[5, 20, 4]","[86, 92, 91]"
3691,"[74, 133, 132]","[158, 30, 29]","[90, 147, 146]","[6, 122, 5]","[69, 31, 70]","[143, 142, 55]","[36, 63, 144]","[67, 2, 3]","[117, 33, 114]","[160, 59, 26]","[1, 74, 0]","[10, 39, 11]"
3692,"[82, 149, 152]","[133, 62, 59]","[24, 128, 26]","[138, 8, 34]","[89, 173, 90]","[120, 124, 58]","[176, 146, 75]","[80, 56, 58]","[175, 91, 86]","[98, 96, 97]","[113, 176, 92]","[44, 43, 48]"
3693,"[163, 155, 161]","[85, 34, 89]","[133, 26, 134]","[158, 101, 89]","[119, 47, 46]","[124, 128, 21]","[35, 74, 102]","[137, 136, 140]","[46, 118, 121]","[21, 20, 34]","[20, 26, 25]","[175, 166, 176]"
3694,"[50, 104, 49]","[38, 97, 148]","[18, 31, 8]","[4, 131, 133]","[152, 8, 115]","[133, 136, 132]","[23, 74, 24]","[147, 89, 10]","[37, 125, 76]","[52, 84, 83]","[35, 21, 18]","[168, 65, 167]"
3695,"[12, 105, 8]","[85, 84, 53]","[76, 5, 6]","[57, 58, 59]","[0, 82, 79]","[155, 180, 53]","[79, 165, 166]","[154, 156, 155]","[45, 154, 42]","[5, 7, 6]","[135, 149, 155]","[99, 69, 101]"
3696,"[21, 117, 116]","[177, 94, 72]","[2, 106, 105]","[31, 126, 122]","[2, 170, 171]","[138, 93, 136]","[106, 139, 53]","[156, 154, 155]","[32, 152, 7]","[131, 137, 132]","[68, 74, 69]","[13, 46, 49]"
3697,"[155, 170, 141]","[100, 98, 97]","[3, 44, 4]","[74, 127, 157]","[167, 176, 166]","[76, 94, 110]","[2, 12, 11]","[84, 85, 171]","[56, 130, 177]","[92, 91, 93]","[0, 7, 1]","[51, 49, 54]"
3698,"[20, 49, 75]","[115, 178, 139]","[6, 171, 5]","[104, 101, 103]","[101, 62, 63]","[22, 119, 120]","[151, 57, 130]","[93, 92, 99]","[113, 77, 112]","[45, 46, 47]","[169, 175, 170]","[64, 13, 10]"
3699,"[157, 104, 75]","[83, 84, 55]","[97, 153, 25]","[64, 65, 66]","[169, 176, 168]","[146, 69, 122]","[153, 24, 25]","[69, 51, 49]","[84, 103, 166]","[30, 31, 75]","[17, 10, 23]","[55, 38, 56]"
3700,"[9, 153, 154]","[129, 128, 4]","[44, 62, 5]","[139, 74, 46]","[26, 43, 4]","[19, 102, 131]","[127, 157, 156]","[40, 14, 41]","[144, 127, 4]","[24, 20, 36]","[105, 111, 106]","[59, 60, 92]"
3701,"[176, 47, 178]","[171, 74, 106]","[0, 10, 121]","[63, 20, 19]","[179, 17, 180]","[137, 145, 5]","[27, 10, 35]","[170, 171, 85]","[178, 21, 146]","[169, 51, 168]","[1, 7, 2]","[73, 71, 72]"
3702,"[54, 171, 46]","[134, 135, 29]","[60, 174, 113]","[88, 90, 89]","[136, 174, 138]","[123, 122, 125]","[33, 82, 34]","[0, 86, 130]","[136, 174, 111]","[91, 25, 0]","[8, 38, 39]","[100, 99, 134]"
3703,"[165, 122, 166]","[4, 3, 1]","[42, 116, 41]","[83, 82, 89]","[52, 19, 18]","[150, 149, 173]","[116, 156, 157]","[41, 40, 45]","[154, 15, 153]","[108, 109, 150]","[46, 40, 38]","[131, 130, 66]"
3704,"[54, 96, 95]","[41, 42, 44]","[149, 38, 147]","[49, 93, 84]","[25, 114, 26]","[154, 79, 50]","[34, 139, 137]","[12, 11, 13]","[139, 20, 69]","[172, 173, 84]","[28, 8, 27]","[76, 73, 81]"
3705,"[113, 133, 114]","[163, 159, 160]","[129, 35, 130]","[174, 2, 15]","[51, 92, 62]","[124, 125, 80]","[42, 135, 41]","[165, 66, 72]","[61, 7, 62]","[3, 5, 22]","[0, 50, 47]","[100, 104, 101]"
3706,"[21, 7, 15]","[95, 140, 37]","[161, 114, 115]","[55, 54, 131]","[142, 4, 141]","[104, 33, 103]","[99, 29, 28]","[132, 51, 52]","[4, 160, 162]","[79, 80, 85]","[18, 11, 17]","[140, 142, 114]"
3707,"[45, 39, 44]","[81, 129, 32]","[20, 48, 167]","[51, 26, 27]","[37, 95, 38]","[90, 172, 171]","[117, 144, 146]","[66, 64, 75]","[53, 66, 54]","[87, 88, 86]","[0, 6, 1]","[179, 115, 113]"
3708,"[160, 166, 159]","[30, 139, 29]","[92, 6, 180]","[15, 43, 62]","[1, 151, 24]","[117, 94, 96]","[9, 115, 106]","[114, 156, 19]","[150, 136, 149]","[119, 120, 56]","[0, 101, 102]","[138, 132, 95]"
3709,"[135, 34, 136]","[68, 62, 11]","[118, 32, 127]","[103, 77, 160]","[96, 56, 49]","[40, 41, 39]","[100, 163, 126]","[61, 34, 150]","[96, 56, 98]","[169, 138, 165]","[166, 160, 167]","[25, 55, 24]"
3710,"[81, 59, 16]","[175, 169, 100]","[57, 25, 24]","[160, 161, 164]","[62, 39, 53]","[99, 101, 165]","[102, 137, 103]","[63, 161, 80]","[39, 62, 83]","[97, 96, 98]","[5, 13, 12]","[138, 167, 135]"
3711,"[59, 140, 143]","[49, 175, 21]","[1, 161, 34]","[175, 176, 174]","[149, 89, 148]","[173, 9, 174]","[134, 6, 93]","[112, 111, 110]","[91, 151, 92]","[180, 9, 8]","[4, 159, 3]","[127, 122, 120]"
3712,"[24, 105, 84]","[7, 71, 162]","[48, 148, 55]","[166, 157, 158]","[32, 38, 33]","[143, 142, 108]","[67, 11, 105]","[98, 152, 153]","[138, 103, 139]","[144, 86, 56]","[64, 58, 57]","[35, 95, 36]"
3713,"[113, 147, 115]","[17, 2, 4]","[123, 18, 122]","[164, 24, 77]","[104, 70, 119]","[129, 64, 166]","[71, 143, 75]","[149, 19, 18]","[119, 155, 93]","[127, 133, 132]","[163, 174, 171]","[136, 81, 114]"
3714,"[124, 114, 125]","[178, 1, 0]","[159, 15, 158]","[105, 77, 148]","[62, 111, 63]","[0, 168, 1]","[180, 110, 70]","[17, 67, 23]","[17, 153, 18]","[40, 2, 4]","[32, 22, 21]","[167, 169, 168]"
3715,"[1, 13, 0]","[161, 163, 162]","[8, 56, 57]","[78, 82, 149]","[61, 10, 64]","[153, 174, 113]","[60, 160, 61]","[14, 13, 12]","[0, 144, 2]","[177, 178, 23]","[26, 3, 4]","[174, 175, 177]"
3716,"[36, 127, 41]","[11, 114, 113]","[35, 88, 89]","[104, 99, 108]","[44, 177, 124]","[11, 78, 8]","[124, 48, 47]","[97, 10, 19]","[69, 114, 70]","[11, 10, 9]","[2, 12, 3]","[53, 54, 52]"
3717,"[176, 24, 175]","[154, 155, 74]","[35, 122, 30]","[83, 168, 84]","[24, 34, 25]","[102, 135, 176]","[68, 131, 179]","[101, 104, 133]","[34, 26, 33]","[54, 133, 56]","[177, 171, 178]","[14, 67, 8]"
3718,"[13, 157, 156]","[63, 145, 144]","[61, 79, 66]","[98, 97, 31]","[106, 32, 90]","[52, 173, 51]","[24, 18, 23]","[168, 167, 170]","[147, 91, 148]","[133, 53, 1]","[109, 102, 103]","[54, 55, 53]"
3719,"[180, 51, 127]","[169, 170, 16]","[49, 179, 178]","[136, 76, 135]","[146, 36, 110]","[151, 162, 163]","[111, 135, 136]","[150, 5, 6]","[63, 108, 62]","[164, 115, 72]","[134, 128, 133]","[170, 171, 180]"
3720,"[164, 11, 163]","[76, 100, 66]","[102, 17, 11]","[132, 111, 133]","[16, 55, 63]","[87, 127, 126]","[85, 60, 59]","[10, 11, 123]","[177, 34, 176]","[113, 112, 111]","[1, 11, 0]","[178, 179, 114]"
3721,"[83, 120, 180]","[76, 108, 78]","[125, 166, 165]","[142, 67, 143]","[74, 162, 75]","[147, 146, 101]","[47, 133, 134]","[56, 55, 58]","[93, 120, 92]","[103, 20, 46]","[8, 18, 7]","[173, 174, 175]"
3722,"[180, 130, 68]","[94, 95, 98]","[26, 116, 27]","[140, 107, 144]","[27, 17, 152]","[134, 132, 130]","[109, 102, 103]","[13, 15, 12]","[78, 102, 104]","[134, 114, 13]","[16, 35, 12]","[78, 84, 75]"
3723,"[33, 14, 32]","[2, 5, 1]","[115, 158, 17]","[173, 172, 170]","[12, 70, 146]","[155, 156, 154]","[71, 142, 70]","[96, 165, 55]","[112, 76, 65]","[156, 155, 153]","[1, 7, 0]","[25, 23, 24]"
3724,"[161, 111, 120]","[174, 43, 38]","[57, 31, 56]","[47, 108, 112]","[153, 12, 152]","[79, 177, 176]","[96, 62, 97]","[82, 86, 83]","[153, 12, 152]","[69, 68, 70]","[21, 30, 22]","[172, 170, 167]"
3725,"[147, 17, 146]","[64, 62, 93]","[45, 6, 167]","[110, 111, 170]","[74, 127, 154]","[50, 49, 158]","[84, 146, 147]","[58, 53, 60]","[88, 153, 152]","[50, 49, 51]","[13, 22, 21]","[177, 115, 176]"
3726,"[10, 104, 145]","[63, 73, 66]","[117, 144, 116]","[156, 85, 84]","[157, 167, 155]","[6, 5, 3]","[151, 22, 133]","[38, 37, 78]","[85, 63, 84]","[136, 134, 101]","[47, 140, 48]","[37, 26, 38]"
3727,"[40, 87, 88]","[75, 76, 58]","[155, 43, 96]","[150, 151, 149]","[174, 4, 173]","[132, 155, 133]","[107, 70, 141]","[116, 115, 125]","[174, 4, 173]","[155, 132, 133]","[58, 67, 61]","[70, 95, 126]"
3728,"[17, 174, 42]","[62, 97, 95]","[14, 22, 15]","[166, 59, 83]","[104, 65, 66]","[149, 160, 148]","[21, 14, 20]","[65, 91, 97]","[65, 104, 105]","[160, 150, 165]","[153, 147, 170]","[37, 38, 129]"
3729,"[68, 170, 69]","[36, 35, 104]","[20, 3, 53]","[142, 83, 82]","[143, 179, 180]","[128, 127, 129]","[123, 55, 127]","[0, 1, 162]","[32, 89, 88]","[122, 1, 131]","[0, 93, 94]","[180, 25, 26]"
3730,"[110, 62, 107]","[80, 81, 83]","[26, 170, 25]","[106, 75, 107]","[19, 39, 38]","[99, 180, 100]","[173, 166, 168]","[110, 112, 109]","[37, 17, 70]","[82, 9, 100]","[23, 17, 22]","[24, 136, 135]"
3731,"[29, 8, 9]","[96, 95, 97]","[180, 89, 179]","[65, 28, 8]","[56, 127, 11]","[103, 138, 104]","[141, 165, 140]","[116, 117, 118]","[1, 135, 158]","[106, 40, 3]","[0, 6, 11]","[89, 157, 158]"
3732,"[29, 62, 28]","[80, 96, 77]","[84, 58, 1]","[52, 172, 169]","[47, 19, 170]","[156, 157, 159]","[124, 16, 81]","[109, 6, 43]","[58, 121, 122]","[156, 173, 157]","[0, 14, 13]","[40, 94, 77]"
3733,"[17, 55, 21]","[146, 171, 5]","[92, 141, 56]","[6, 7, 107]","[41, 167, 12]","[114, 120, 113]","[74, 135, 75]","[108, 177, 109]","[4, 166, 120]","[146, 145, 144]","[127, 84, 126]","[29, 30, 155]"
3734,"[140, 88, 141]","[115, 114, 137]","[10, 37, 9]","[170, 169, 166]","[57, 156, 56]","[133, 130, 160]","[179, 10, 178]","[96, 151, 144]","[1, 28, 0]","[133, 160, 126]","[3, 176, 42]","[23, 17, 18]"
3735,"[152, 24, 68]","[144, 146, 147]","[27, 169, 28]","[142, 118, 111]","[131, 125, 143]","[3, 35, 34]","[27, 8, 28]","[143, 138, 139]","[123, 102, 125]","[155, 156, 154]","[39, 33, 34]","[4, 5, 6]"
3736,"[169, 118, 170]","[34, 55, 106]","[145, 8, 103]","[60, 55, 56]","[38, 120, 133]","[89, 22, 60]","[62, 15, 61]","[147, 145, 173]","[118, 168, 120]","[89, 150, 22]","[1, 15, 0]","[106, 105, 53]"
3737,"[132, 157, 133]","[112, 167, 113]","[157, 133, 132]","[36, 33, 37]","[91, 11, 92]","[55, 54, 56]","[107, 13, 110]","[51, 49, 50]","[68, 117, 67]","[55, 157, 147]","[134, 128, 126]","[51, 138, 47]"
3738,"[90, 59, 89]","[47, 172, 146]","[80, 160, 161]","[143, 99, 108]","[26, 152, 153]","[54, 53, 60]","[40, 94, 44]","[122, 117, 121]","[109, 51, 52]","[6, 12, 13]","[180, 174, 24]","[55, 121, 128]"
3739,"[46, 17, 47]","[174, 135, 104]","[45, 157, 46]","[68, 63, 67]","[180, 156, 122]","[131, 130, 83]","[144, 172, 174]","[91, 92, 95]","[175, 123, 176]","[83, 82, 85]","[51, 45, 46]","[105, 138, 137]"
3740,"[26, 7, 27]","[159, 153, 158]","[134, 107, 164]","[80, 21, 22]","[53, 38, 45]","[112, 125, 177]","[32, 159, 31]","[104, 103, 99]","[46, 13, 14]","[111, 114, 113]","[0, 20, 4]","[58, 60, 54]"
3741,"[180, 22, 173]","[89, 93, 91]","[123, 141, 122]","[88, 89, 80]","[100, 29, 101]","[51, 121, 119]","[17, 23, 167]","[60, 95, 158]","[177, 37, 176]","[151, 149, 90]","[0, 16, 7]","[64, 21, 41]"
3742,"[91, 176, 175]","[131, 129, 130]","[44, 9, 45]","[61, 59, 62]","[1, 106, 2]","[130, 131, 129]","[65, 8, 105]","[34, 11, 33]","[32, 58, 89]","[6, 12, 11]","[136, 142, 143]","[50, 107, 88]"
3743,"[147, 57, 69]","[8, 159, 9]","[86, 12, 11]","[36, 113, 38]","[48, 108, 47]","[160, 5, 30]","[84, 122, 83]","[66, 69, 68]","[108, 146, 105]","[5, 6, 1]","[0, 21, 22]","[60, 120, 57]"
3744,"[173, 7, 172]","[63, 56, 57]","[170, 139, 140]","[96, 45, 95]","[175, 70, 176]","[138, 111, 113]","[145, 42, 37]","[172, 64, 173]","[70, 175, 176]","[113, 137, 132]","[30, 23, 28]","[51, 111, 50]"
3745,"[177, 93, 178]","[30, 37, 38]","[0, 45, 120]","[71, 70, 91]","[93, 6, 94]","[104, 107, 168]","[44, 170, 45]","[6, 7, 126]","[178, 115, 179]","[45, 46, 135]","[0, 23, 24]","[133, 134, 132]"
3746,"[2, 156, 143]","[91, 94, 57]","[88, 30, 5]","[65, 23, 24]","[76, 12, 80]","[103, 26, 108]","[6, 113, 116]","[29, 30, 27]","[123, 99, 144]","[155, 156, 157]","[2, 112, 1]","[37, 170, 38]"
3747,"[102, 50, 101]","[80, 71, 73]","[14, 142, 13]","[60, 77, 167]","[165, 59, 166]","[129, 128, 130]","[165, 129, 164]","[99, 77, 76]","[77, 141, 167]","[131, 125, 106]","[93, 87, 86]","[165, 118, 171]"
3748,"[27, 170, 26]","[144, 81, 97]","[71, 154, 155]","[165, 129, 166]","[116, 154, 115]","[167, 30, 39]","[141, 94, 95]","[153, 151, 152]","[78, 123, 44]","[0, 2, 30]","[0, 6, 2]","[141, 101, 139]"
3749,"[0, 22, 1]","[60, 98, 168]","[64, 37, 38]","[82, 111, 89]","[15, 168, 22]","[125, 86, 70]","[61, 131, 130]","[3, 153, 79]","[158, 14, 159]","[86, 87, 70]","[2, 31, 57]","[99, 100, 61]"
3750,"[49, 159, 66]","[129, 86, 126]","[26, 165, 27]","[129, 142, 99]","[38, 20, 15]","[71, 160, 162]","[58, 88, 61]","[14, 15, 13]","[33, 15, 32]","[2, 136, 3]","[44, 51, 45]","[92, 167, 168]"
3751,"[0, 116, 1]","[36, 98, 76]","[167, 63, 162]","[115, 114, 41]","[158, 78, 157]","[171, 167, 178]","[84, 135, 83]","[117, 116, 168]","[130, 12, 94]","[28, 134, 54]","[1, 72, 0]","[174, 175, 173]"
3752,"[126, 71, 116]","[166, 28, 29]","[76, 145, 38]","[159, 150, 50]","[3, 52, 53]","[20, 21, 36]","[142, 100, 106]","[88, 50, 52]","[50, 70, 49]","[88, 89, 115]","[53, 71, 21]","[177, 143, 159]"
3753,"[21, 87, 22]","[68, 100, 67]","[0, 100, 32]","[172, 50, 48]","[0, 26, 25]","[48, 89, 88]","[20, 87, 21]","[52, 50, 54]","[90, 45, 112]","[119, 9, 5]","[160, 173, 180]","[33, 32, 39]"
3754,"[55, 154, 6]","[161, 160, 110]","[50, 8, 153]","[96, 81, 97]","[109, 130, 131]","[170, 24, 171]","[146, 50, 41]","[73, 74, 72]","[33, 5, 34]","[169, 24, 170]","[90, 84, 83]","[113, 114, 126]"
3755,"[144, 13, 14]","[163, 67, 180]","[159, 10, 160]","[120, 116, 122]","[174, 81, 20]","[93, 94, 92]","[83, 29, 175]","[133, 11, 10]","[57, 1, 58]","[34, 129, 130]","[34, 21, 22]","[180, 141, 37]"
3756,"[51, 10, 50]","[82, 83, 81]","[180, 7, 40]","[151, 145, 149]","[135, 40, 175]","[164, 165, 166]","[33, 112, 113]","[174, 175, 21]","[108, 175, 109]","[150, 151, 149]","[161, 9, 160]","[56, 104, 55]"
3757,"[125, 30, 17]","[121, 71, 72]","[132, 15, 12]","[40, 161, 39]","[102, 173, 172]","[38, 110, 37]","[118, 136, 141]","[75, 124, 125]","[128, 9, 129]","[116, 117, 92]","[1, 136, 138]","[82, 20, 19]"
3758,"[133, 164, 112]","[23, 24, 51]","[38, 174, 140]","[16, 154, 126]","[56, 77, 58]","[105, 104, 106]","[110, 165, 164]","[178, 136, 135]","[55, 76, 56]","[27, 29, 28]","[117, 123, 118]","[93, 103, 102]"
3759,"[82, 39, 81]","[26, 29, 59]","[134, 170, 174]","[62, 64, 65]","[80, 115, 79]","[105, 107, 176]","[127, 9, 128]","[37, 148, 83]","[61, 47, 46]","[93, 176, 19]","[121, 15, 120]","[52, 53, 105]"
3760,"[101, 140, 138]","[124, 123, 127]","[158, 118, 100]","[77, 95, 163]","[139, 86, 84]","[64, 65, 67]","[25, 111, 24]","[93, 92, 59]","[77, 33, 86]","[160, 45, 161]","[48, 54, 47]","[162, 180, 161]"
3761,"[167, 173, 168]","[57, 154, 147]","[175, 6, 93]","[157, 160, 55]","[45, 123, 41]","[131, 15, 10]","[90, 150, 151]","[67, 68, 1]","[34, 167, 33]","[77, 148, 79]","[129, 10, 128]","[12, 11, 40]"
3762,"[27, 57, 58]","[133, 128, 70]","[148, 16, 18]","[49, 52, 50]","[60, 19, 20]","[150, 149, 175]","[124, 148, 1]","[174, 175, 173]","[19, 60, 61]","[177, 178, 176]","[152, 146, 145]","[105, 99, 4]"
3763,"[30, 156, 31]","[138, 63, 140]","[163, 17, 162]","[109, 55, 69]","[5, 164, 4]","[96, 93, 74]","[75, 15, 76]","[33, 30, 32]","[32, 160, 27]","[44, 9, 107]","[0, 14, 1]","[129, 130, 131]"
3764,"[76, 171, 108]","[37, 38, 65]","[23, 112, 22]","[175, 40, 156]","[58, 1, 48]","[20, 87, 161]","[6, 30, 26]","[12, 13, 11]","[1, 58, 48]","[34, 33, 163]","[159, 4, 160]","[96, 54, 36]"
3765,"[87, 43, 179]","[54, 53, 70]","[155, 175, 174]","[103, 128, 127]","[77, 100, 9]","[19, 138, 21]","[175, 149, 176]","[136, 89, 28]","[43, 65, 155]","[19, 2, 1]","[3, 22, 2]","[53, 51, 52]"
3766,"[151, 17, 150]","[73, 72, 164]","[163, 57, 164]","[176, 175, 178]","[58, 110, 59]","[39, 38, 44]","[73, 110, 71]","[102, 99, 100]","[46, 4, 32]","[66, 67, 64]","[33, 56, 32]","[84, 83, 122]"
3767,"[5, 49, 6]","[67, 7, 66]","[8, 114, 117]","[125, 171, 156]","[8, 152, 13]","[127, 118, 74]","[36, 143, 142]","[99, 97, 89]","[37, 99, 36]","[141, 90, 121]","[153, 159, 154]","[116, 120, 113]"
3768,"[48, 28, 47]","[86, 95, 94]","[88, 125, 124]","[16, 31, 15]","[56, 8, 0]","[32, 108, 13]","[29, 164, 154]","[27, 28, 25]","[0, 152, 1]","[31, 32, 29]","[0, 6, 1]","[93, 73, 94]"
3769,"[24, 82, 54]","[104, 105, 103]","[154, 10, 160]","[104, 108, 147]","[21, 156, 19]","[120, 124, 121]","[33, 160, 32]","[29, 42, 120]","[85, 20, 19]","[46, 133, 45]","[134, 10, 2]","[70, 71, 56]"
3770,"[135, 84, 100]","[174, 173, 27]","[121, 30, 29]","[148, 149, 73]","[174, 155, 40]","[180, 95, 147]","[77, 53, 52]","[7, 8, 2]","[78, 33, 32]","[99, 97, 96]","[100, 107, 101]","[49, 172, 173]"
3771,"[53, 128, 126]","[33, 1, 32]","[25, 130, 131]","[164, 163, 165]","[142, 39, 143]","[153, 110, 64]","[115, 65, 64]","[32, 162, 159]","[154, 131, 125]","[99, 19, 96]","[180, 174, 24]","[46, 45, 47]"
3772,"[59, 83, 57]","[149, 38, 146]","[83, 135, 134]","[24, 25, 115]","[21, 168, 48]","[70, 75, 121]","[4, 81, 2]","[11, 10, 12]","[88, 6, 21]","[122, 162, 106]","[141, 63, 176]","[121, 170, 116]"
3773,"[28, 7, 29]","[138, 139, 136]","[59, 77, 60]","[49, 48, 50]","[83, 22, 18]","[130, 54, 123]","[90, 63, 62]","[53, 54, 48]","[171, 84, 170]","[57, 54, 175]","[24, 73, 23]","[95, 146, 147]"
3774,"[180, 37, 36]","[65, 129, 130]","[32, 9, 125]","[47, 46, 44]","[52, 9, 2]","[103, 36, 180]","[38, 122, 39]","[36, 32, 30]","[57, 120, 61]","[36, 37, 38]","[25, 19, 2]","[92, 81, 95]"
3775,"[29, 107, 97]","[133, 144, 164]","[177, 143, 178]","[128, 77, 119]","[29, 102, 30]","[52, 15, 56]","[175, 169, 173]","[72, 128, 71]","[21, 110, 154]","[14, 122, 13]","[5, 15, 6]","[74, 78, 76]"
3776,"[9, 52, 53]","[37, 38, 20]","[112, 80, 114]","[178, 23, 11]","[159, 124, 160]","[117, 178, 179]","[164, 20, 21]","[32, 75, 51]","[40, 63, 41]","[38, 36, 82]","[41, 35, 42]","[167, 166, 85]"
3777,"[105, 26, 29]","[161, 160, 95]","[13, 134, 12]","[45, 47, 35]","[17, 133, 127]","[146, 42, 156]","[148, 18, 149]","[91, 135, 134]","[104, 32, 132]","[36, 37, 38]","[8, 14, 13]","[82, 87, 86]"
3778,"[72, 154, 152]","[105, 44, 89]","[37, 139, 52]","[127, 10, 9]","[64, 15, 0]","[97, 98, 114]","[152, 22, 151]","[55, 57, 129]","[152, 37, 36]","[146, 98, 4]","[84, 118, 83]","[43, 105, 45]"
3779,"[1, 27, 0]","[37, 39, 38]","[3, 63, 148]","[119, 120, 118]","[174, 11, 10]","[33, 80, 7]","[144, 12, 146]","[67, 66, 94]","[11, 174, 10]","[124, 21, 149]","[0, 12, 11]","[180, 134, 144]"
3780,"[28, 38, 39]","[94, 95, 122]","[172, 28, 152]","[84, 89, 70]","[24, 42, 180]","[51, 114, 4]","[77, 120, 76]","[19, 16, 14]","[33, 124, 123]","[141, 128, 127]","[5, 16, 17]","[83, 82, 84]"
3781,"[81, 17, 169]","[1, 149, 129]","[31, 19, 21]","[132, 70, 137]","[161, 91, 166]","[153, 18, 154]","[106, 170, 66]","[138, 139, 137]","[159, 89, 166]","[96, 21, 150]","[31, 25, 30]","[158, 157, 159]"
3782,"[1, 157, 18]","[39, 104, 124]","[3, 14, 129]","[96, 95, 94]","[124, 16, 125]","[37, 36, 42]","[101, 160, 163]","[71, 136, 135]","[161, 62, 157]","[168, 169, 167]","[145, 152, 146]","[103, 99, 60]"
3783,"[176, 93, 133]","[54, 55, 44]","[148, 88, 135]","[176, 178, 95]","[47, 141, 46]","[148, 125, 147]","[132, 14, 71]","[6, 28, 39]","[2, 97, 1]","[126, 123, 128]","[16, 9, 17]","[143, 148, 142]"
3784,"[65, 121, 66]","[4, 142, 154]","[4, 177, 3]","[78, 37, 38]","[150, 79, 81]","[9, 12, 13]","[172, 77, 168]","[12, 13, 11]","[135, 75, 134]","[41, 40, 14]","[25, 7, 26]","[90, 132, 122]"
3785,"[0, 20, 23]","[96, 100, 95]","[176, 82, 170]","[150, 148, 151]","[82, 109, 110]","[174, 139, 138]","[52, 157, 180]","[149, 148, 150]","[96, 72, 92]","[128, 127, 129]","[144, 150, 145]","[37, 34, 35]"
3786,"[16, 9, 27]","[63, 64, 138]","[14, 151, 13]","[121, 122, 29]","[74, 9, 73]","[59, 47, 28]","[67, 6, 65]","[131, 132, 135]","[138, 167, 137]","[59, 47, 48]","[153, 147, 154]","[89, 88, 14]"
3787,"[36, 176, 175]","[139, 140, 141]","[113, 167, 112]","[22, 146, 148]","[105, 129, 106]","[77, 78, 38]","[97, 120, 118]","[5, 41, 46]","[152, 95, 118]","[72, 137, 71]","[5, 23, 22]","[164, 163, 26]"
3788,"[81, 42, 43]","[61, 59, 5]","[66, 139, 73]","[30, 29, 28]","[94, 42, 149]","[65, 35, 32]","[127, 83, 129]","[130, 178, 131]","[0, 130, 13]","[85, 30, 29]","[124, 130, 131]","[69, 105, 70]"
3789,"[105, 83, 85]","[16, 147, 148]","[153, 18, 145]","[119, 120, 121]","[73, 166, 72]","[100, 60, 85]","[163, 178, 40]","[23, 21, 77]","[53, 100, 17]","[179, 145, 143]","[0, 21, 1]","[61, 60, 50]"
3790,"[41, 157, 159]","[101, 147, 152]","[138, 30, 31]","[74, 68, 71]","[66, 123, 67]","[6, 7, 0]","[180, 134, 43]","[168, 8, 94]","[66, 123, 100]","[2, 1, 70]","[3, 179, 178]","[97, 138, 139]"
3791,"[82, 10, 11]","[71, 72, 96]","[152, 36, 39]","[16, 139, 141]","[46, 152, 153]","[29, 77, 76]","[34, 79, 33]","[47, 72, 3]","[171, 81, 82]","[20, 19, 110]","[0, 29, 28]","[53, 51, 161]"
3792,"[47, 84, 49]","[130, 113, 125]","[151, 3, 157]","[87, 88, 86]","[171, 157, 170]","[143, 142, 141]","[107, 79, 151]","[41, 43, 42]","[68, 48, 133]","[150, 152, 16]","[1, 20, 0]","[62, 63, 66]"
3793,"[72, 12, 73]","[148, 143, 157]","[162, 106, 163]","[120, 50, 119]","[6, 16, 5]","[32, 60, 154]","[135, 80, 38]","[178, 177, 180]","[3, 11, 28]","[158, 114, 159]","[30, 36, 29]","[65, 66, 67]"
3794,"[32, 86, 142]","[75, 146, 157]","[104, 20, 126]","[75, 74, 73]","[105, 85, 155]","[52, 53, 54]","[3, 10, 0]","[166, 167, 148]","[105, 85, 29]","[6, 1, 10]","[16, 10, 11]","[154, 177, 46]"
3795,"[19, 2, 8]","[164, 163, 35]","[90, 35, 89]","[168, 170, 169]","[111, 26, 112]","[176, 88, 175]","[114, 152, 112]","[4, 2, 177]","[13, 50, 166]","[180, 179, 136]","[97, 46, 134]","[176, 158, 175]"
3796,"[144, 177, 142]","[23, 106, 97]","[2, 25, 26]","[87, 114, 119]","[28, 150, 27]","[57, 53, 104]","[180, 36, 146]","[63, 68, 67]","[137, 177, 164]","[170, 46, 48]","[5, 14, 4]","[111, 112, 113]"
3797,"[179, 89, 178]","[70, 71, 107]","[52, 106, 105]","[149, 47, 46]","[23, 29, 30]","[133, 132, 136]","[127, 15, 12]","[164, 165, 163]","[34, 155, 70]","[40, 42, 159]","[0, 9, 1]","[172, 168, 169]"
3798,"[114, 22, 116]","[136, 99, 131]","[141, 59, 139]","[128, 40, 121]","[60, 13, 59]","[38, 29, 39]","[103, 8, 5]","[121, 28, 122]","[13, 60, 59]","[38, 29, 144]","[7, 175, 6]","[138, 137, 95]"
3799,"[138, 24, 67]","[103, 52, 51]","[79, 7, 141]","[53, 54, 33]","[37, 115, 114]","[101, 102, 107]","[19, 142, 21]","[156, 58, 4]","[69, 176, 67]","[78, 51, 1]","[10, 16, 15]","[177, 176, 175]"
3800,"[54, 98, 53]","[153, 150, 152]","[153, 9, 154]","[0, 38, 1]","[60, 163, 40]","[64, 120, 121]","[150, 77, 74]","[121, 120, 119]","[108, 166, 29]","[64, 20, 19]","[55, 62, 61]","[94, 95, 99]"
3801,"[18, 159, 19]","[54, 55, 93]","[9, 15, 14]","[34, 35, 92]","[163, 62, 162]","[35, 126, 34]","[95, 6, 5]","[153, 123, 150]","[160, 59, 62]","[179, 178, 119]","[134, 37, 133]","[0, 1, 2]"
3802,"[67, 33, 68]","[124, 122, 123]","[160, 16, 163]","[120, 38, 39]","[164, 9, 163]","[131, 71, 27]","[178, 170, 179]","[82, 83, 81]","[127, 169, 85]","[26, 27, 29]","[57, 51, 55]","[45, 131, 130]"
3803,"[47, 9, 48]","[173, 83, 147]","[18, 162, 164]","[147, 149, 85]","[178, 37, 177]","[8, 152, 153]","[75, 51, 152]","[0, 172, 1]","[171, 46, 23]","[70, 69, 71]","[174, 168, 167]","[140, 139, 40]"
3804,"[18, 40, 17]","[122, 116, 123]","[2, 176, 1]","[159, 12, 160]","[64, 166, 165]","[146, 101, 82]","[23, 10, 31]","[117, 116, 115]","[165, 64, 63]","[101, 97, 103]","[22, 16, 169]","[153, 152, 154]"
3805,"[22, 6, 28]","[177, 111, 68]","[91, 12, 97]","[117, 32, 30]","[94, 56, 116]","[35, 143, 140]","[140, 120, 139]","[65, 66, 67]","[177, 78, 121]","[35, 159, 81]","[112, 80, 0]","[141, 142, 139]"
3806,"[161, 93, 112]","[37, 28, 32]","[109, 121, 110]","[139, 11, 137]","[31, 174, 26]","[125, 127, 12]","[72, 18, 148]","[162, 129, 131]","[170, 162, 26]","[19, 125, 17]","[127, 133, 134]","[57, 103, 102]"
3807,"[12, 41, 11]","[77, 100, 88]","[152, 110, 141]","[34, 121, 41]","[97, 21, 147]","[31, 123, 122]","[153, 112, 136]","[73, 76, 72]","[90, 161, 13]","[31, 160, 77]","[21, 13, 0]","[55, 56, 53]"
3808,"[166, 135, 165]","[63, 39, 43]","[56, 174, 54]","[32, 33, 34]","[3, 137, 2]","[112, 114, 110]","[26, 122, 127]","[39, 42, 41]","[3, 137, 2]","[116, 26, 115]","[166, 160, 164]","[76, 78, 77]"
3809,"[40, 155, 30]","[152, 151, 147]","[51, 10, 52]","[98, 99, 63]","[0, 28, 1]","[141, 124, 125]","[85, 158, 159]","[45, 41, 42]","[1, 7, 0]","[144, 145, 143]","[16, 10, 9]","[61, 62, 63]"
3810,"[87, 162, 86]","[44, 43, 112]","[48, 15, 49]","[103, 101, 98]","[104, 174, 105]","[111, 116, 115]","[53, 93, 175]","[58, 0, 102]","[43, 142, 140]","[15, 16, 112]","[73, 79, 74]","[56, 130, 134]"
3811,"[31, 106, 77]","[11, 10, 132]","[137, 47, 136]","[117, 118, 119]","[137, 176, 141]","[119, 120, 161]","[130, 58, 60]","[95, 94, 97]","[178, 141, 180]","[47, 48, 46]","[0, 13, 12]","[130, 131, 129]"
3812,"[114, 125, 111]","[31, 5, 32]","[180, 70, 69]","[136, 135, 134]","[20, 158, 26]","[33, 97, 32]","[152, 8, 153]","[31, 30, 48]","[26, 119, 150]","[46, 44, 45]","[39, 24, 25]","[71, 52, 51]"
3813,"[49, 75, 72]","[21, 13, 14]","[147, 58, 146]","[112, 167, 166]","[159, 37, 160]","[148, 149, 147]","[23, 79, 47]","[111, 112, 110]","[61, 125, 98]","[80, 135, 81]","[43, 13, 37]","[160, 161, 159]"
3814,"[28, 152, 156]","[114, 36, 35]","[65, 177, 64]","[38, 99, 97]","[70, 120, 39]","[28, 51, 78]","[166, 9, 167]","[137, 100, 121]","[180, 62, 89]","[170, 165, 169]","[24, 37, 25]","[131, 130, 129]"
3815,"[65, 152, 66]","[149, 150, 147]","[103, 66, 67]","[91, 90, 151]","[147, 13, 12]","[170, 98, 69]","[171, 122, 170]","[6, 134, 1]","[130, 77, 79]","[123, 98, 149]","[173, 179, 178]","[157, 142, 149]"
3816,"[127, 20, 59]","[143, 132, 138]","[170, 23, 15]","[72, 96, 95]","[161, 147, 18]","[90, 63, 91]","[26, 152, 25]","[86, 85, 84]","[180, 87, 85]","[64, 65, 66]","[2, 160, 1]","[156, 51, 49]"
3817,"[15, 6, 9]","[83, 89, 88]","[18, 7, 0]","[171, 103, 105]","[65, 98, 64]","[145, 144, 178]","[23, 80, 79]","[17, 73, 145]","[65, 98, 99]","[154, 145, 155]","[20, 14, 21]","[56, 54, 53]"
3818,"[27, 169, 28]","[131, 103, 151]","[11, 170, 13]","[95, 96, 103]","[14, 8, 9]","[133, 68, 90]","[137, 56, 57]","[115, 167, 166]","[172, 50, 19]","[135, 134, 133]","[40, 50, 9]","[120, 113, 112]"
3819,"[153, 142, 152]","[64, 62, 60]","[129, 176, 177]","[76, 24, 23]","[21, 147, 153]","[44, 46, 45]","[136, 87, 135]","[120, 123, 122]","[36, 87, 129]","[160, 51, 146]","[0, 7, 6]","[33, 74, 75]"
3820,"[8, 152, 7]","[92, 91, 90]","[4, 125, 5]","[102, 103, 71]","[161, 28, 157]","[18, 12, 63]","[159, 48, 138]","[40, 4, 172]","[178, 35, 157]","[58, 88, 59]","[18, 43, 15]","[129, 128, 124]"
3821,"[140, 26, 139]","[118, 121, 51]","[32, 93, 94]","[77, 78, 112]","[141, 94, 93]","[62, 76, 74]","[77, 147, 78]","[111, 37, 109]","[95, 6, 142]","[64, 65, 179]","[32, 179, 180]","[62, 7, 63]"
3822,"[138, 71, 69]","[119, 29, 178]","[104, 133, 41]","[169, 148, 109]","[40, 151, 152]","[128, 129, 126]","[91, 108, 48]","[19, 133, 21]","[166, 105, 100]","[178, 179, 176]","[180, 174, 77]","[83, 27, 28]"
3823,"[19, 85, 86]","[8, 48, 106]","[51, 111, 89]","[19, 56, 118]","[127, 142, 37]","[47, 46, 70]","[1, 55, 159]","[87, 92, 45]","[37, 77, 78]","[123, 46, 47]","[153, 169, 170]","[63, 62, 61]"
3824,"[172, 146, 145]","[129, 126, 128]","[112, 143, 144]","[61, 60, 70]","[54, 167, 55]","[104, 174, 173]","[107, 125, 108]","[48, 49, 8]","[167, 54, 55]","[178, 174, 177]","[66, 79, 80]","[52, 131, 169]"
3825,"[145, 24, 144]","[75, 76, 77]","[75, 46, 72]","[17, 1, 19]","[145, 34, 85]","[167, 166, 119]","[123, 164, 121]","[3, 2, 4]","[1, 52, 47]","[125, 123, 165]","[22, 16, 11]","[111, 103, 112]"
3826,"[19, 11, 27]","[122, 114, 142]","[34, 124, 125]","[71, 80, 79]","[175, 9, 10]","[91, 124, 75]","[50, 103, 104]","[16, 18, 19]","[31, 179, 113]","[91, 121, 90]","[79, 85, 77]","[129, 130, 110]"
3827,"[94, 48, 95]","[169, 104, 144]","[58, 73, 74]","[126, 29, 1]","[6, 150, 149]","[129, 135, 98]","[45, 38, 36]","[133, 26, 166]","[147, 126, 146]","[132, 131, 130]","[2, 20, 1]","[126, 134, 153]"
3828,"[89, 75, 88]","[109, 111, 104]","[56, 119, 57]","[2, 90, 154]","[172, 5, 177]","[62, 19, 61]","[122, 73, 43]","[9, 13, 12]","[161, 34, 35]","[20, 19, 62]","[21, 1, 20]","[85, 104, 84]"
3829,"[65, 9, 64]","[165, 166, 110]","[63, 21, 65]","[101, 100, 163]","[172, 28, 152]","[113, 112, 50]","[158, 14, 157]","[125, 145, 124]","[100, 48, 101]","[4, 0, 180]","[0, 6, 1]","[178, 79, 179]"
3830,"[121, 63, 64]","[27, 150, 148]","[145, 4, 3]","[113, 112, 33]","[168, 24, 31]","[103, 105, 104]","[113, 158, 112]","[40, 26, 130]","[7, 149, 5]","[25, 103, 28]","[16, 4, 17]","[26, 27, 28]"
3831,"[136, 153, 150]","[3, 4, 74]","[57, 115, 58]","[168, 70, 170]","[14, 151, 39]","[170, 176, 169]","[49, 9, 135]","[77, 76, 75]","[42, 10, 14]","[64, 77, 67]","[0, 140, 18]","[105, 100, 108]"
3832,"[92, 151, 2]","[157, 165, 155]","[71, 16, 151]","[4, 6, 5]","[0, 139, 138]","[85, 94, 157]","[54, 130, 56]","[21, 22, 140]","[142, 56, 143]","[94, 95, 121]","[52, 14, 13]","[107, 108, 152]"
3833,"[31, 156, 100]","[39, 127, 128]","[115, 165, 166]","[36, 37, 35]","[3, 161, 160]","[121, 127, 122]","[37, 16, 39]","[172, 171, 179]","[152, 131, 178]","[52, 83, 50]","[14, 8, 7]","[120, 119, 95]"
3834,"[177, 37, 178]","[51, 63, 61]","[91, 16, 17]","[76, 126, 146]","[22, 13, 23]","[45, 126, 128]","[53, 14, 13]","[29, 107, 28]","[23, 14, 22]","[4, 3, 2]","[0, 9, 1]","[68, 69, 70]"
3835,"[91, 14, 15]","[59, 27, 35]","[108, 38, 26]","[80, 86, 81]","[126, 23, 24]","[164, 163, 68]","[153, 9, 8]","[64, 67, 148]","[135, 101, 23]","[164, 68, 162]","[170, 176, 169]","[83, 86, 82]"
3836,"[83, 6, 84]","[106, 67, 113]","[101, 164, 32]","[150, 132, 149]","[90, 144, 34]","[175, 14, 161]","[29, 173, 89]","[147, 23, 148]","[16, 178, 17]","[175, 176, 54]","[160, 154, 153]","[115, 108, 80]"
3837,"[178, 153, 180]","[57, 6, 49]","[48, 124, 40]","[169, 177, 176]","[122, 110, 77]","[10, 12, 88]","[32, 62, 35]","[140, 139, 142]","[49, 125, 127]","[89, 90, 88]","[0, 9, 8]","[45, 44, 46]"
3838,"[144, 46, 146]","[54, 55, 56]","[11, 5, 149]","[93, 91, 22]","[163, 113, 55]","[25, 24, 104]","[13, 39, 40]","[2, 3, 0]","[16, 55, 53]","[104, 103, 133]","[9, 3, 8]","[131, 94, 103]"
3839,"[140, 8, 141]","[36, 40, 41]","[0, 51, 1]","[151, 149, 150]","[136, 175, 176]","[76, 122, 75]","[72, 52, 75]","[104, 103, 105]","[136, 175, 103]","[114, 75, 121]","[23, 163, 161]","[40, 100, 39]"
3840,"[172, 28, 171]","[42, 43, 114]","[90, 176, 177]","[39, 42, 82]","[26, 96, 27]","[61, 59, 60]","[0, 128, 130]","[119, 120, 118]","[180, 169, 179]","[60, 59, 64]","[80, 115, 106]","[46, 152, 153]"
3841,"[6, 41, 2]","[76, 74, 75]","[174, 4, 175]","[151, 150, 123]","[127, 171, 128]","[49, 46, 45]","[156, 104, 157]","[84, 25, 17]","[173, 18, 172]","[113, 114, 58]","[116, 122, 180]","[56, 154, 71]"
3842,"[1, 7, 8]","[46, 158, 28]","[155, 170, 154]","[87, 130, 86]","[17, 11, 16]","[29, 30, 31]","[2, 113, 65]","[29, 101, 133]","[59, 169, 61]","[129, 128, 127]","[164, 26, 163]","[29, 47, 30]"
3843,"[155, 16, 156]","[47, 100, 48]","[65, 94, 64]","[111, 3, 2]","[26, 174, 9]","[46, 45, 128]","[141, 29, 28]","[97, 91, 1]","[176, 28, 81]","[51, 128, 61]","[0, 6, 1]","[9, 123, 102]"
3844,"[104, 119, 134]","[80, 49, 81]","[66, 122, 123]","[21, 22, 23]","[153, 9, 152]","[73, 32, 109]","[139, 107, 90]","[14, 13, 21]","[165, 21, 166]","[66, 110, 65]","[50, 40, 53]","[80, 107, 108]"
3845,"[33, 105, 107]","[139, 69, 113]","[60, 124, 2]","[106, 107, 158]","[39, 8, 40]","[166, 168, 80]","[34, 117, 98]","[110, 108, 25]","[52, 10, 122]","[92, 113, 116]","[30, 18, 26]","[77, 177, 76]"
3846,"[56, 68, 67]","[162, 161, 131]","[148, 18, 23]","[50, 171, 61]","[74, 25, 179]","[20, 19, 119]","[0, 28, 4]","[130, 132, 13]","[53, 126, 52]","[73, 117, 93]","[8, 1, 7]","[141, 142, 140]"
3847,"[77, 128, 5]","[50, 41, 52]","[151, 55, 105]","[47, 128, 127]","[168, 93, 92]","[147, 144, 131]","[70, 101, 69]","[54, 53, 26]","[128, 19, 20]","[63, 135, 153]","[0, 6, 7]","[138, 102, 54]"
3848,"[9, 112, 90]","[179, 180, 178]","[47, 40, 106]","[67, 69, 87]","[32, 86, 96]","[128, 14, 172]","[180, 43, 42]","[32, 36, 86]","[90, 115, 66]","[171, 163, 164]","[130, 46, 129]","[169, 83, 158]"
3849,"[96, 48, 97]","[156, 155, 154]","[39, 171, 38]","[33, 87, 34]","[56, 65, 146]","[47, 50, 51]","[164, 133, 37]","[12, 111, 110]","[99, 28, 100]","[157, 156, 71]","[143, 6, 144]","[32, 135, 17]"
3850,"[94, 153, 0]","[98, 100, 101]","[87, 166, 92]","[131, 79, 68]","[89, 59, 180]","[36, 35, 79]","[131, 6, 106]","[169, 168, 172]","[128, 99, 124]","[35, 36, 52]","[105, 44, 43]","[70, 65, 69]"
3851,"[144, 19, 101]","[69, 1, 68]","[32, 167, 33]","[69, 70, 71]","[160, 174, 177]","[146, 147, 85]","[25, 173, 27]","[54, 55, 56]","[85, 176, 123]","[118, 117, 92]","[129, 135, 136]","[50, 51, 53]"
3852,"[114, 69, 166]","[17, 31, 25]","[0, 53, 1]","[27, 25, 32]","[2, 62, 3]","[111, 30, 28]","[50, 31, 49]","[71, 74, 75]","[18, 101, 39]","[139, 147, 146]","[20, 14, 19]","[131, 91, 92]"
3853,"[146, 28, 27]","[178, 177, 176]","[44, 106, 151]","[55, 54, 56]","[31, 11, 24]","[148, 166, 103]","[34, 124, 33]","[112, 92, 66]","[31, 11, 24]","[150, 148, 149]","[87, 122, 89]","[52, 51, 53]"
3854,"[0, 143, 1]","[29, 60, 70]","[165, 122, 154]","[65, 66, 64]","[5, 161, 111]","[62, 61, 63]","[146, 119, 118]","[13, 14, 15]","[161, 110, 35]","[63, 91, 132]","[137, 131, 138]","[70, 69, 71]"
3855,"[26, 14, 15]","[138, 139, 137]","[149, 175, 177]","[114, 115, 116]","[143, 125, 127]","[29, 75, 20]","[128, 22, 127]","[117, 5, 46]","[179, 27, 33]","[63, 66, 62]","[16, 7, 8]","[115, 116, 40]"
3856,"[22, 139, 34]","[77, 71, 72]","[141, 173, 2]","[39, 40, 38]","[126, 38, 123]","[46, 45, 44]","[7, 151, 75]","[17, 19, 45]","[157, 120, 38]","[74, 77, 20]","[45, 39, 165]","[114, 115, 37]"
3857,"[0, 153, 60]","[158, 88, 159]","[94, 23, 22]","[125, 169, 122]","[140, 148, 58]","[173, 174, 68]","[10, 18, 11]","[45, 43, 63]","[106, 87, 86]","[160, 159, 158]","[159, 165, 160]","[139, 101, 97]"
3858,"[108, 62, 61]","[3, 74, 158]","[33, 179, 56]","[48, 47, 46]","[24, 118, 117]","[63, 64, 78]","[21, 70, 56]","[100, 0, 97]","[154, 29, 164]","[104, 103, 105]","[20, 14, 25]","[68, 69, 99]"
3859,"[174, 13, 173]","[112, 154, 114]","[2, 19, 1]","[109, 63, 110]","[116, 158, 157]","[98, 86, 85]","[33, 158, 32]","[13, 15, 12]","[157, 115, 113]","[86, 85, 93]","[18, 5, 4]","[45, 46, 47]"
3860,"[13, 5, 15]","[178, 177, 155]","[111, 84, 89]","[50, 51, 12]","[159, 15, 158]","[176, 148, 144]","[171, 179, 178]","[62, 54, 55]","[160, 16, 159]","[144, 143, 145]","[3, 13, 113]","[19, 152, 32]"
3861,"[131, 31, 32]","[124, 122, 123]","[60, 51, 50]","[81, 82, 43]","[143, 150, 144]","[138, 137, 139]","[67, 170, 86]","[118, 117, 123]","[88, 155, 10]","[138, 134, 61]","[5, 18, 19]","[148, 151, 176]"
3862,"[83, 161, 175]","[21, 132, 2]","[66, 104, 102]","[153, 154, 136]","[70, 47, 32]","[20, 19, 18]","[8, 140, 43]","[155, 37, 150]","[70, 47, 32]","[19, 20, 18]","[152, 110, 109]","[88, 40, 87]"
3863,"[49, 14, 48]","[169, 24, 93]","[149, 29, 148]","[56, 154, 77]","[53, 29, 54]","[71, 33, 157]","[4, 157, 144]","[68, 67, 111]","[29, 53, 54]","[70, 71, 116]","[5, 14, 6]","[48, 71, 70]"
3864,"[180, 174, 173]","[108, 80, 105]","[164, 125, 124]","[59, 60, 61]","[84, 46, 44]","[136, 57, 53]","[88, 63, 15]","[2, 57, 1]","[86, 125, 85]","[29, 39, 41]","[0, 8, 7]","[101, 163, 164]"
3865,"[22, 12, 123]","[101, 100, 102]","[152, 8, 153]","[42, 100, 101]","[173, 63, 122]","[94, 150, 95]","[62, 171, 63]","[157, 156, 155]","[63, 129, 130]","[110, 109, 108]","[0, 1, 2]","[39, 3, 4]"
3866,"[147, 76, 96]","[174, 62, 64]","[101, 145, 99]","[114, 115, 116]","[145, 6, 144]","[31, 34, 38]","[97, 142, 98]","[22, 116, 153]","[63, 135, 106]","[145, 37, 3]","[66, 56, 67]","[158, 173, 172]"
3867,"[47, 75, 88]","[52, 127, 56]","[94, 122, 95]","[128, 137, 130]","[3, 132, 131]","[84, 82, 96]","[107, 3, 8]","[143, 142, 144]","[171, 100, 101]","[80, 14, 16]","[26, 33, 27]","[94, 126, 95]"
3868,"[120, 164, 119]","[14, 142, 15]","[99, 13, 98]","[78, 79, 77]","[61, 25, 147]","[40, 123, 126]","[79, 14, 80]","[67, 178, 68]","[107, 162, 153]","[38, 40, 39]","[0, 6, 1]","[173, 174, 172]"
3869,"[0, 121, 1]","[33, 23, 32]","[155, 11, 154]","[65, 64, 121]","[113, 39, 112]","[90, 89, 87]","[67, 115, 113]","[48, 105, 103]","[58, 125, 113]","[87, 89, 90]","[130, 5, 116]","[17, 18, 179]"
3870,"[17, 168, 18]","[102, 122, 121]","[1, 170, 0]","[109, 108, 58]","[176, 36, 0]","[115, 116, 114]","[180, 152, 151]","[89, 59, 103]","[37, 143, 0]","[103, 116, 73]","[18, 11, 10]","[62, 100, 99]"
3871,"[88, 33, 87]","[45, 60, 48]","[1, 59, 0]","[179, 43, 44]","[150, 7, 6]","[101, 102, 98]","[59, 26, 39]","[119, 120, 151]","[1, 175, 0]","[106, 82, 107]","[141, 147, 146]","[44, 45, 43]"
3872,"[142, 161, 140]","[95, 119, 120]","[136, 106, 107]","[78, 77, 76]","[100, 170, 145]","[137, 136, 135]","[48, 109, 108]","[17, 18, 14]","[46, 172, 47]","[137, 136, 143]","[132, 49, 133]","[19, 20, 21]"
3873,"[99, 34, 100]","[84, 127, 85]","[177, 7, 8]","[120, 138, 119]","[40, 172, 171]","[99, 102, 108]","[0, 84, 1]","[176, 178, 177]","[24, 168, 169]","[107, 108, 131]","[146, 140, 147]","[55, 53, 54]"
3874,"[34, 169, 171]","[116, 117, 180]","[133, 167, 168]","[144, 108, 107]","[54, 145, 67]","[156, 100, 97]","[40, 60, 61]","[171, 169, 170]","[54, 176, 52]","[156, 157, 102]","[174, 168, 175]","[2, 7, 8]"
3875,"[73, 125, 72]","[167, 32, 154]","[113, 2, 131]","[34, 46, 40]","[56, 156, 86]","[9, 106, 161]","[2, 114, 4]","[28, 27, 26]","[88, 120, 130]","[32, 43, 33]","[2, 115, 180]","[29, 81, 28]"
3876,"[164, 170, 168]","[62, 56, 6]","[38, 130, 27]","[119, 171, 154]","[156, 68, 70]","[20, 19, 81]","[158, 86, 87]","[72, 73, 102]","[68, 156, 69]","[132, 130, 135]","[157, 151, 150]","[88, 89, 4]"
3877,"[21, 158, 178]","[133, 132, 130]","[180, 143, 95]","[88, 87, 174]","[104, 157, 155]","[70, 69, 64]","[106, 156, 176]","[100, 7, 167]","[18, 120, 104]","[113, 70, 67]","[180, 128, 127]","[42, 43, 77]"
3878,"[110, 175, 109]","[18, 16, 17]","[10, 160, 161]","[87, 57, 42]","[71, 95, 70]","[100, 108, 107]","[131, 32, 31]","[48, 49, 47]","[72, 99, 89]","[160, 166, 159]","[137, 131, 136]","[91, 157, 139]"
3879,"[44, 169, 120]","[104, 105, 37]","[25, 169, 26]","[151, 54, 130]","[6, 109, 5]","[54, 96, 12]","[123, 66, 177]","[170, 171, 172]","[7, 110, 109]","[54, 87, 163]","[53, 59, 50]","[71, 70, 69]"
3880,"[151, 4, 147]","[31, 34, 32]","[43, 2, 4]","[54, 161, 86]","[4, 30, 3]","[50, 51, 138]","[0, 26, 2]","[156, 44, 157]","[4, 30, 3]","[115, 49, 48]","[57, 63, 61]","[160, 161, 126]"
3881,"[150, 4, 14]","[31, 70, 30]","[10, 36, 35]","[49, 164, 52]","[35, 156, 157]","[147, 144, 135]","[152, 6, 7]","[118, 117, 75]","[173, 94, 172]","[131, 110, 67]","[3, 9, 8]","[158, 157, 159]"
3882,"[47, 36, 46]","[101, 64, 93]","[131, 173, 160]","[30, 126, 49]","[91, 29, 90]","[172, 85, 68]","[90, 155, 154]","[2, 10, 3]","[160, 10, 159]","[86, 69, 85]","[127, 9, 10]","[51, 50, 76]"
3883,"[79, 12, 76]","[135, 137, 139]","[110, 25, 24]","[14, 12, 13]","[56, 121, 120]","[164, 93, 163]","[153, 60, 143]","[82, 83, 85]","[175, 51, 30]","[113, 158, 132]","[25, 31, 33]","[177, 176, 175]"
3884,"[0, 88, 176]","[1, 2, 122]","[106, 132, 47]","[31, 32, 24]","[33, 122, 32]","[152, 151, 12]","[153, 9, 160]","[171, 147, 170]","[33, 122, 57]","[12, 153, 133]","[38, 32, 7]","[69, 95, 71]"
3885,"[50, 140, 139]","[122, 123, 26]","[1, 68, 2]","[114, 144, 113]","[90, 161, 117]","[34, 36, 35]","[5, 127, 81]","[38, 37, 25]","[90, 161, 117]","[36, 35, 34]","[168, 179, 180]","[129, 109, 134]"
3886,"[21, 7, 6]","[48, 41, 154]","[150, 12, 176]","[50, 121, 122]","[59, 4, 16]","[75, 170, 83]","[9, 166, 15]","[149, 150, 151]","[110, 66, 65]","[73, 74, 21]","[23, 17, 22]","[77, 78, 80]"
3887,"[34, 21, 33]","[98, 52, 99]","[49, 172, 55]","[119, 177, 120]","[3, 35, 2]","[55, 48, 47]","[21, 108, 139]","[176, 177, 175]","[87, 38, 39]","[23, 50, 166]","[3, 20, 2]","[118, 119, 174]"
3888,"[87, 20, 19]","[56, 110, 111]","[34, 132, 138]","[180, 179, 178]","[86, 62, 63]","[151, 149, 150]","[8, 110, 11]","[178, 179, 177]","[52, 75, 74]","[130, 148, 149]","[0, 6, 1]","[86, 33, 35]"
3889,"[14, 103, 104]","[177, 125, 147]","[159, 170, 158]","[99, 127, 124]","[56, 43, 57]","[86, 82, 85]","[50, 78, 51]","[110, 112, 109]","[52, 39, 56]","[86, 87, 81]","[180, 171, 172]","[143, 145, 141]"
3890,"[42, 147, 148]","[3, 136, 167]","[78, 46, 77]","[105, 29, 87]","[26, 6, 25]","[54, 93, 94]","[35, 22, 34]","[13, 12, 14]","[20, 28, 21]","[147, 148, 2]","[115, 62, 114]","[31, 156, 155]"
3891,"[180, 111, 178]","[7, 8, 5]","[82, 121, 83]","[127, 128, 98]","[102, 179, 178]","[27, 29, 128]","[110, 133, 45]","[165, 166, 168]","[121, 98, 120]","[139, 140, 137]","[153, 36, 155]","[86, 93, 13]"
3892,"[57, 139, 140]","[14, 31, 13]","[94, 51, 75]","[4, 1, 3]","[15, 131, 16]","[58, 13, 125]","[169, 19, 18]","[5, 4, 0]","[131, 93, 94]","[127, 128, 36]","[103, 113, 104]","[0, 1, 2]"
3893,"[16, 160, 161]","[118, 114, 106]","[1, 117, 0]","[90, 98, 150]","[172, 28, 27]","[121, 35, 120]","[59, 167, 12]","[144, 127, 128]","[3, 11, 12]","[94, 95, 91]","[179, 136, 180]","[83, 82, 84]"
3894,"[2, 55, 79]","[166, 37, 165]","[20, 100, 19]","[7, 66, 154]","[114, 171, 94]","[19, 159, 18]","[0, 51, 1]","[150, 149, 151]","[111, 91, 109]","[20, 19, 9]","[56, 135, 55]","[94, 28, 91]"
3895,"[42, 125, 43]","[131, 130, 25]","[118, 177, 179]","[162, 163, 161]","[102, 148, 118]","[6, 5, 0]","[53, 136, 52]","[112, 15, 18]","[149, 104, 107]","[127, 48, 14]","[1, 25, 21]","[97, 96, 95]"
3896,"[178, 138, 128]","[7, 6, 8]","[123, 100, 122]","[165, 69, 6]","[179, 59, 180]","[107, 108, 52]","[77, 93, 75]","[70, 69, 130]","[177, 85, 26]","[107, 108, 55]","[71, 65, 70]","[148, 150, 147]"
3897,"[98, 18, 13]","[8, 9, 7]","[150, 6, 96]","[39, 131, 133]","[107, 68, 79]","[16, 45, 9]","[0, 6, 51]","[107, 177, 108]","[69, 119, 70]","[13, 157, 10]","[109, 103, 110]","[167, 168, 125]"
3898,"[165, 88, 166]","[140, 80, 141]","[90, 179, 177]","[47, 44, 149]","[0, 124, 1]","[144, 146, 141]","[100, 20, 60]","[72, 71, 4]","[161, 48, 60]","[34, 33, 31]","[0, 17, 16]","[144, 145, 136]"
3899,"[33, 76, 34]","[127, 128, 39]","[74, 19, 17]","[38, 37, 110]","[180, 60, 177]","[12, 14, 15]","[139, 177, 143]","[17, 92, 129]","[180, 60, 179]","[8, 39, 131]","[0, 19, 18]","[43, 79, 154]"
3900,"[106, 26, 25]","[164, 139, 86]","[97, 81, 96]","[25, 166, 67]","[25, 70, 26]","[179, 178, 91]","[159, 106, 160]","[100, 99, 98]","[70, 25, 71]","[91, 16, 15]","[35, 29, 27]","[26, 25, 24]"
3901,"[81, 169, 74]","[151, 150, 20]","[50, 80, 77]","[124, 123, 36]","[37, 20, 174]","[103, 80, 73]","[0, 117, 25]","[92, 91, 34]","[170, 9, 171]","[0, 77, 162]","[10, 1, 2]","[89, 98, 88]"
3902,"[30, 165, 164]","[58, 59, 3]","[42, 83, 94]","[63, 64, 62]","[0, 27, 166]","[63, 65, 77]","[159, 30, 88]","[129, 130, 131]","[164, 32, 33]","[65, 98, 63]","[126, 133, 127]","[54, 77, 74]"
3903,"[127, 18, 126]","[4, 6, 178]","[0, 19, 30]","[123, 70, 67]","[29, 13, 14]","[180, 71, 133]","[79, 151, 32]","[98, 106, 99]","[28, 14, 1]","[114, 113, 77]","[27, 19, 26]","[162, 74, 104]"
3904,"[172, 28, 27]","[149, 43, 49]","[1, 31, 2]","[178, 136, 135]","[20, 164, 21]","[124, 125, 180]","[53, 105, 54]","[12, 155, 39]","[162, 18, 161]","[148, 122, 180]","[20, 9, 19]","[149, 23, 150]"
3905,"[93, 66, 41]","[33, 32, 31]","[157, 13, 16]","[165, 53, 118]","[97, 157, 156]","[169, 167, 166]","[146, 102, 94]","[39, 12, 38]","[108, 58, 107]","[170, 169, 168]","[0, 1, 2]","[90, 5, 117]"
3906,"[146, 101, 138]","[13, 21, 14]","[0, 109, 1]","[42, 38, 41]","[151, 69, 51]","[95, 113, 96]","[172, 122, 100]","[130, 127, 126]","[59, 140, 139]","[33, 32, 34]","[3, 163, 56]","[73, 69, 74]"
3907,"[136, 71, 135]","[170, 49, 50]","[159, 95, 158]","[117, 118, 119]","[22, 57, 110]","[130, 153, 17]","[178, 67, 65]","[0, 117, 129]","[110, 170, 172]","[46, 98, 99]","[142, 136, 141]","[91, 92, 90]"
3908,"[62, 101, 61]","[8, 4, 3]","[160, 174, 159]","[93, 92, 90]","[107, 140, 105]","[37, 36, 45]","[66, 116, 57]","[162, 10, 78]","[66, 25, 24]","[87, 95, 132]","[91, 130, 131]","[1, 2, 3]"
3909,"[180, 164, 163]","[48, 49, 108]","[6, 72, 71]","[158, 63, 157]","[50, 107, 51]","[163, 162, 19]","[152, 165, 153]","[32, 101, 54]","[60, 157, 57]","[161, 15, 160]","[11, 49, 48]","[119, 43, 69]"
3910,"[73, 14, 72]","[147, 146, 111]","[10, 16, 9]","[65, 61, 63]","[124, 27, 125]","[119, 117, 143]","[179, 66, 153]","[69, 111, 76]","[14, 64, 0]","[144, 146, 145]","[68, 176, 177]","[121, 122, 125]"
3911,"[156, 47, 20]","[142, 89, 145]","[46, 153, 45]","[12, 1, 13]","[70, 130, 112]","[137, 138, 85]","[131, 72, 130]","[53, 142, 52]","[130, 70, 129]","[8, 9, 176]","[70, 153, 69]","[57, 56, 42]"
3912,"[15, 122, 92]","[138, 137, 140]","[164, 20, 26]","[5, 6, 4]","[165, 7, 6]","[83, 173, 176]","[66, 93, 67]","[24, 23, 17]","[90, 58, 59]","[34, 35, 121]","[27, 8, 26]","[150, 87, 105]"
3913,"[160, 171, 157]","[123, 125, 0]","[179, 117, 118]","[99, 98, 100]","[41, 133, 43]","[56, 147, 179]","[47, 136, 48]","[75, 17, 76]","[120, 114, 41]","[56, 180, 179]","[136, 142, 137]","[75, 74, 76]"
3914,"[172, 12, 13]","[70, 71, 124]","[33, 14, 32]","[129, 166, 42]","[25, 15, 48]","[0, 1, 178]","[81, 28, 160]","[71, 72, 40]","[25, 15, 26]","[179, 86, 180]","[0, 11, 1]","[180, 179, 178]"
3915,"[80, 11, 46]","[48, 49, 101]","[75, 129, 74]","[17, 178, 18]","[108, 36, 107]","[136, 137, 138]","[179, 110, 178]","[108, 104, 107]","[41, 102, 42]","[111, 118, 87]","[110, 86, 157]","[71, 134, 72]"
3916,"[61, 178, 172]","[144, 94, 131]","[65, 176, 177]","[100, 102, 150]","[118, 14, 135]","[131, 132, 130]","[126, 148, 95]","[154, 45, 155]","[180, 151, 179]","[0, 1, 2]","[117, 157, 116]","[33, 29, 36]"
3917,"[39, 155, 148]","[114, 135, 137]","[26, 132, 17]","[67, 86, 91]","[180, 166, 170]","[88, 78, 84]","[177, 46, 178]","[6, 7, 140]","[147, 39, 38]","[11, 26, 25]","[9, 2, 3]","[51, 144, 52]"
3918,"[180, 97, 47]","[135, 136, 134]","[4, 157, 158]","[35, 34, 75]","[141, 22, 110]","[54, 57, 56]","[4, 162, 31]","[129, 128, 154]","[141, 22, 49]","[160, 71, 72]","[166, 174, 155]","[31, 141, 134]"
3919,"[126, 169, 171]","[46, 47, 10]","[2, 34, 1]","[91, 25, 70]","[0, 35, 164]","[69, 70, 68]","[81, 46, 82]","[73, 74, 117]","[148, 3, 2]","[67, 106, 107]","[31, 18, 16]","[95, 37, 79]"
3920,"[41, 92, 100]","[13, 144, 12]","[36, 74, 72]","[28, 54, 27]","[67, 156, 62]","[116, 115, 110]","[101, 127, 98]","[31, 29, 38]","[70, 159, 69]","[44, 45, 43]","[2, 16, 15]","[54, 137, 136]"
3921,"[34, 81, 78]","[96, 94, 164]","[15, 3, 107]","[125, 126, 118]","[180, 116, 115]","[33, 158, 34]","[95, 157, 175]","[137, 122, 124]","[180, 116, 179]","[157, 156, 31]","[142, 4, 0]","[128, 90, 83]"
3922,"[180, 119, 118]","[18, 17, 94]","[159, 65, 3]","[114, 84, 89]","[39, 135, 38]","[99, 85, 83]","[109, 141, 178]","[63, 76, 16]","[18, 172, 17]","[83, 87, 95]","[60, 67, 61]","[81, 80, 78]"
3923,"[114, 163, 132]","[83, 86, 81]","[72, 24, 23]","[94, 96, 180]","[121, 79, 2]","[164, 48, 49]","[34, 167, 33]","[24, 83, 86]","[153, 169, 154]","[50, 49, 60]","[35, 28, 27]","[37, 38, 36]"
3924,"[146, 5, 29]","[34, 35, 36]","[75, 116, 131]","[33, 55, 34]","[60, 141, 13]","[3, 155, 73]","[49, 86, 29]","[142, 143, 179]","[141, 60, 140]","[3, 73, 155]","[141, 22, 140]","[15, 16, 127]"
3925,"[4, 55, 3]","[130, 168, 132]","[80, 142, 17]","[158, 159, 156]","[5, 38, 138]","[127, 162, 174]","[53, 44, 52]","[142, 139, 143]","[147, 88, 87]","[126, 89, 125]","[36, 30, 29]","[149, 148, 147]"
3926,"[137, 70, 107]","[168, 113, 171]","[42, 175, 43]","[86, 85, 82]","[96, 11, 94]","[158, 157, 155]","[19, 57, 20]","[3, 43, 4]","[17, 101, 18]","[48, 168, 47]","[124, 115, 166]","[94, 97, 66]"
3927,"[123, 143, 122]","[47, 46, 48]","[81, 113, 115]","[176, 175, 174]","[6, 39, 7]","[28, 84, 101]","[161, 17, 160]","[127, 104, 105]","[2, 35, 3]","[26, 128, 86]","[180, 5, 179]","[130, 141, 107]"
3928,"[153, 9, 152]","[84, 33, 128]","[65, 23, 148]","[52, 54, 53]","[155, 109, 110]","[5, 101, 73]","[120, 179, 138]","[161, 18, 158]","[155, 109, 110]","[30, 75, 31]","[127, 133, 126]","[88, 83, 87]"
3929,"[24, 135, 76]","[180, 155, 116]","[48, 10, 1]","[172, 173, 174]","[173, 89, 172]","[110, 52, 154]","[50, 109, 7]","[82, 83, 81]","[172, 88, 173]","[154, 38, 37]","[170, 176, 169]","[110, 146, 145]"
3930,"[24, 138, 135]","[175, 55, 81]","[160, 109, 161]","[49, 48, 53]","[17, 115, 114]","[102, 101, 104]","[123, 9, 122]","[65, 45, 61]","[51, 80, 174]","[8, 104, 105]","[128, 7, 127]","[11, 12, 13]"
3931,"[1, 113, 0]","[82, 85, 86]","[7, 151, 158]","[44, 45, 122]","[150, 6, 151]","[123, 129, 120]","[158, 166, 3]","[78, 103, 134]","[148, 4, 5]","[76, 79, 123]","[108, 114, 115]","[117, 118, 48]"
3932,"[9, 74, 115]","[86, 119, 122]","[100, 8, 103]","[78, 83, 80]","[180, 170, 173]","[95, 88, 96]","[72, 26, 73]","[94, 123, 91]","[176, 164, 155]","[111, 112, 110]","[111, 177, 178]","[155, 92, 91]"
3933,"[136, 160, 130]","[46, 150, 120]","[171, 15, 172]","[163, 161, 162]","[133, 36, 137]","[56, 70, 57]","[25, 52, 5]","[21, 23, 81]","[36, 133, 37]","[69, 73, 72]","[6, 52, 5]","[132, 134, 133]"
3934,"[21, 86, 136]","[45, 6, 44]","[19, 163, 20]","[36, 35, 38]","[152, 113, 116]","[67, 50, 168]","[21, 102, 104]","[65, 66, 123]","[131, 175, 129]","[67, 68, 33]","[9, 27, 6]","[137, 138, 144]"
3935,"[126, 19, 67]","[32, 88, 89]","[80, 168, 81]","[152, 151, 98]","[16, 172, 80]","[38, 39, 131]","[87, 155, 86]","[32, 180, 33]","[57, 14, 177]","[34, 35, 38]","[40, 162, 39]","[68, 143, 67]"
3936,"[30, 174, 27]","[93, 140, 139]","[88, 73, 87]","[20, 19, 40]","[86, 12, 133]","[154, 101, 155]","[76, 175, 40]","[60, 61, 1]","[180, 119, 178]","[100, 99, 48]","[40, 34, 39]","[138, 135, 151]"
3937,"[151, 7, 153]","[83, 119, 135]","[97, 108, 98]","[69, 68, 71]","[32, 88, 89]","[0, 84, 122]","[167, 126, 127]","[73, 74, 75]","[34, 101, 97]","[78, 63, 133]","[150, 156, 157]","[126, 58, 129]"
3938,"[168, 24, 169]","[146, 147, 80]","[123, 140, 141]","[94, 95, 89]","[98, 30, 2]","[77, 79, 78]","[179, 173, 174]","[131, 154, 132]","[57, 120, 119]","[82, 79, 78]","[1, 8, 0]","[94, 95, 96]"
3939,"[136, 162, 129]","[45, 48, 46]","[107, 59, 56]","[152, 71, 151]","[77, 54, 110]","[18, 85, 157]","[60, 156, 81]","[131, 167, 168]","[37, 110, 36]","[148, 149, 157]","[87, 160, 159]","[75, 30, 27]"
3940,"[45, 6, 44]","[36, 104, 50]","[90, 4, 5]","[19, 20, 73]","[180, 98, 97]","[46, 45, 0]","[102, 52, 83]","[24, 25, 23]","[127, 7, 126]","[54, 53, 46]","[68, 94, 69]","[2, 154, 155]"
3941,"[22, 146, 163]","[110, 107, 108]","[150, 2, 0]","[85, 115, 179]","[39, 13, 40]","[90, 176, 91]","[60, 16, 59]","[179, 172, 165]","[172, 149, 39]","[97, 57, 48]","[180, 5, 179]","[177, 176, 64]"
3942,"[21, 134, 49]","[147, 146, 145]","[30, 8, 101]","[53, 62, 52]","[90, 119, 85]","[34, 33, 37]","[101, 144, 100]","[59, 57, 58]","[136, 125, 124]","[33, 32, 34]","[2, 10, 9]","[61, 63, 62]"
3943,"[70, 168, 33]","[13, 0, 147]","[155, 40, 156]","[111, 122, 110]","[177, 49, 175]","[127, 96, 126]","[55, 173, 56]","[10, 11, 15]","[63, 145, 43]","[173, 172, 168]","[7, 151, 142]","[101, 86, 82]"
3944,"[132, 84, 83]","[6, 7, 5]","[45, 39, 46]","[89, 29, 85]","[51, 84, 82]","[93, 100, 92]","[98, 15, 99]","[27, 25, 162]","[157, 13, 159]","[95, 94, 130]","[105, 111, 110]","[58, 85, 86]"
3945,"[180, 147, 146]","[134, 117, 119]","[171, 98, 99]","[134, 80, 47]","[144, 114, 115]","[146, 38, 31]","[138, 100, 101]","[34, 35, 30]","[5, 75, 4]","[112, 128, 134]","[97, 6, 96]","[168, 169, 167]"
3946,"[55, 104, 114]","[144, 148, 81]","[56, 145, 147]","[128, 132, 67]","[113, 30, 112]","[43, 39, 44]","[158, 26, 160]","[84, 152, 147]","[17, 79, 16]","[153, 137, 179]","[12, 19, 8]","[80, 107, 108]"
3947,"[120, 173, 117]","[30, 29, 31]","[12, 54, 11]","[31, 39, 154]","[167, 173, 171]","[81, 30, 179]","[70, 123, 124]","[131, 30, 161]","[58, 166, 115]","[178, 180, 177]","[7, 145, 144]","[43, 46, 81]"
3948,"[76, 45, 42]","[119, 116, 117]","[126, 4, 5]","[96, 162, 103]","[0, 90, 5]","[155, 113, 99]","[83, 23, 84]","[1, 3, 6]","[109, 8, 52]","[80, 74, 96]","[97, 91, 95]","[69, 156, 157]"
3949,"[30, 137, 29]","[67, 66, 68]","[16, 175, 174]","[42, 48, 139]","[13, 163, 162]","[125, 124, 68]","[147, 169, 165]","[53, 54, 125]","[171, 100, 170]","[51, 57, 63]","[0, 14, 13]","[124, 89, 88]"
3950,"[10, 179, 180]","[41, 110, 166]","[13, 37, 12]","[74, 162, 163]","[0, 41, 141]","[116, 121, 66]","[41, 111, 147]","[99, 103, 104]","[148, 114, 86]","[13, 124, 14]","[0, 20, 21]","[87, 83, 98]"
3951,"[161, 41, 40]","[145, 143, 142]","[27, 78, 23]","[90, 95, 137]","[66, 147, 129]","[164, 7, 165]","[164, 173, 165]","[73, 100, 78]","[64, 21, 65]","[7, 4, 5]","[0, 29, 28]","[90, 91, 68]"
3952,"[27, 125, 119]","[99, 106, 94]","[129, 161, 130]","[176, 175, 114]","[143, 58, 123]","[65, 68, 66]","[55, 136, 93]","[171, 109, 8]","[120, 156, 119]","[7, 108, 6]","[89, 83, 82]","[41, 128, 52]"
3953,"[92, 47, 91]","[171, 144, 143]","[176, 10, 172]","[161, 106, 105]","[172, 28, 63]","[178, 175, 176]","[3, 57, 2]","[151, 149, 150]","[63, 87, 164]","[130, 29, 123]","[4, 10, 5]","[171, 172, 1]"
3954,"[177, 108, 37]","[141, 140, 133]","[178, 7, 179]","[172, 76, 67]","[114, 3, 4]","[62, 64, 58]","[114, 31, 47]","[97, 145, 96]","[158, 92, 155]","[128, 129, 75]","[4, 11, 0]","[90, 138, 89]"
3955,"[43, 121, 120]","[110, 111, 109]","[67, 109, 110]","[100, 103, 105]","[53, 124, 54]","[163, 164, 166]","[97, 20, 19]","[41, 72, 3]","[38, 108, 37]","[179, 180, 161]","[56, 62, 55]","[30, 64, 29]"
3956,"[172, 74, 171]","[65, 14, 64]","[15, 151, 150]","[50, 49, 72]","[75, 164, 86]","[10, 145, 8]","[146, 128, 155]","[92, 94, 10]","[70, 107, 72]","[144, 145, 146]","[94, 100, 101]","[66, 64, 54]"
3957,"[180, 52, 3]","[130, 134, 131]","[8, 179, 41]","[74, 137, 75]","[133, 44, 45]","[154, 155, 103]","[85, 25, 86]","[65, 117, 119]","[152, 115, 45]","[20, 18, 21]","[0, 12, 38]","[111, 74, 143]"
3958,"[99, 39, 48]","[106, 133, 132]","[22, 14, 12]","[175, 123, 172]","[25, 96, 24]","[165, 121, 166]","[107, 44, 42]","[62, 168, 63]","[93, 22, 21]","[137, 38, 121]","[0, 26, 1]","[175, 176, 174]"
3959,"[1, 60, 2]","[27, 26, 30]","[128, 169, 93]","[52, 69, 68]","[88, 65, 87]","[138, 116, 124]","[79, 4, 3]","[154, 146, 64]","[66, 153, 154]","[138, 63, 89]","[16, 42, 7]","[35, 31, 30]"
3960,"[143, 35, 165]","[51, 110, 41]","[53, 30, 157]","[77, 21, 80]","[15, 36, 35]","[161, 163, 162]","[175, 105, 23]","[158, 159, 153]","[31, 10, 32]","[6, 5, 163]","[178, 8, 21]","[169, 60, 168]"
3961,"[2, 116, 4]","[147, 146, 145]","[6, 74, 5]","[167, 60, 121]","[84, 157, 156]","[152, 153, 29]","[50, 98, 102]","[145, 146, 154]","[111, 67, 110]","[154, 39, 38]","[0, 8, 1]","[69, 70, 71]"
3962,"[55, 150, 53]","[113, 114, 116]","[132, 169, 131]","[11, 146, 148]","[23, 167, 164]","[96, 106, 117]","[49, 121, 122]","[105, 100, 102]","[32, 50, 35]","[146, 106, 176]","[3, 13, 0]","[113, 104, 69]"
3963,"[41, 78, 79]","[137, 123, 138]","[167, 125, 168]","[98, 95, 99]","[40, 164, 41]","[159, 158, 132]","[24, 111, 92]","[18, 16, 15]","[89, 44, 90]","[155, 105, 154]","[25, 17, 180]","[89, 90, 88]"
3964,"[166, 16, 169]","[37, 139, 157]","[32, 69, 33]","[84, 89, 142]","[0, 26, 1]","[156, 155, 98]","[118, 74, 119]","[127, 84, 85]","[143, 4, 142]","[93, 94, 95]","[4, 18, 19]","[157, 158, 71]"
3965,"[59, 147, 149]","[88, 32, 89]","[180, 169, 168]","[139, 57, 58]","[0, 117, 1]","[51, 50, 48]","[135, 149, 134]","[118, 116, 117]","[159, 114, 91]","[45, 51, 48]","[56, 62, 55]","[177, 75, 76]"
3966,"[10, 34, 33]","[83, 77, 85]","[178, 158, 179]","[49, 50, 83]","[13, 158, 14]","[65, 64, 28]","[176, 78, 180]","[4, 3, 2]","[158, 13, 14]","[65, 64, 26]","[80, 155, 85]","[42, 43, 44]"
3967,"[162, 121, 161]","[100, 99, 142]","[109, 70, 90]","[133, 16, 35]","[41, 157, 134]","[16, 153, 15]","[126, 109, 127]","[151, 150, 146]","[157, 41, 134]","[16, 15, 10]","[173, 179, 99]","[141, 142, 154]"
3968,"[5, 17, 3]","[103, 76, 178]","[119, 69, 68]","[39, 38, 40]","[35, 24, 154]","[1, 85, 6]","[37, 122, 81]","[65, 16, 15]","[105, 92, 165]","[38, 41, 42]","[38, 32, 31]","[79, 39, 86]"
3969,"[2, 115, 114]","[60, 59, 58]","[141, 147, 177]","[53, 52, 55]","[99, 6, 7]","[112, 151, 111]","[38, 100, 97]","[171, 172, 173]","[100, 166, 101]","[12, 11, 17]","[10, 154, 155]","[92, 63, 61]"
3970,"[58, 159, 59]","[4, 3, 105]","[178, 92, 175]","[18, 21, 44]","[57, 14, 55]","[32, 21, 76]","[41, 96, 39]","[169, 37, 88]","[122, 3, 123]","[156, 141, 139]","[3, 157, 2]","[24, 27, 25]"
3971,"[49, 144, 48]","[32, 34, 31]","[152, 126, 127]","[172, 173, 55]","[85, 6, 5]","[35, 33, 36]","[29, 7, 28]","[72, 71, 74]","[85, 51, 50]","[36, 53, 37]","[96, 102, 103]","[57, 58, 56]"
3972,"[165, 23, 130]","[38, 89, 90]","[21, 162, 171]","[137, 138, 79]","[177, 132, 53]","[108, 46, 87]","[1, 163, 0]","[49, 50, 54]","[177, 132, 178]","[7, 6, 11]","[17, 30, 32]","[85, 35, 83]"
3973,"[96, 129, 130]","[151, 150, 152]","[58, 130, 57]","[150, 0, 155]","[59, 13, 57]","[104, 2, 98]","[87, 62, 35]","[178, 177, 90]","[59, 13, 60]","[173, 89, 137]","[9, 2, 3]","[53, 67, 68]"
3974,"[22, 14, 15]","[102, 115, 116]","[66, 172, 67]","[20, 19, 17]","[116, 179, 114]","[65, 25, 18]","[57, 96, 134]","[167, 52, 85]","[116, 179, 178]","[4, 5, 16]","[0, 16, 17]","[145, 144, 143]"
3975,"[168, 24, 25]","[145, 144, 146]","[32, 137, 15]","[39, 12, 40]","[113, 66, 115]","[57, 56, 144]","[78, 144, 79]","[5, 160, 162]","[74, 122, 73]","[106, 48, 107]","[180, 174, 116]","[53, 61, 60]"
3976,"[110, 169, 132]","[140, 139, 138]","[0, 33, 32]","[97, 98, 140]","[152, 109, 153]","[82, 165, 81]","[43, 30, 28]","[103, 98, 102]","[152, 109, 151]","[82, 165, 81]","[0, 6, 1]","[164, 92, 93]"
3977,"[26, 155, 27]","[110, 107, 67]","[59, 29, 93]","[80, 82, 81]","[83, 23, 176]","[61, 165, 59]","[27, 113, 112]","[10, 47, 50]","[103, 37, 36]","[159, 6, 121]","[1, 18, 0]","[120, 118, 119]"
3978,"[122, 41, 98]","[9, 7, 8]","[89, 108, 88]","[128, 54, 55]","[41, 121, 36]","[55, 2, 4]","[79, 124, 123]","[56, 163, 39]","[41, 121, 120]","[2, 71, 3]","[175, 36, 37]","[30, 83, 134]"
3979,"[62, 174, 17]","[105, 169, 107]","[25, 89, 43]","[150, 157, 65]","[143, 13, 145]","[124, 125, 78]","[169, 56, 136]","[77, 152, 17]","[68, 139, 39]","[19, 18, 15]","[11, 20, 21]","[152, 153, 150]"
3980,"[87, 45, 88]","[166, 2, 157]","[85, 55, 54]","[175, 170, 177]","[22, 128, 4]","[7, 146, 142]","[139, 85, 140]","[4, 31, 32]","[166, 9, 8]","[102, 103, 33]","[0, 10, 9]","[180, 177, 51]"
3981,"[139, 15, 137]","[117, 116, 25]","[22, 129, 67]","[167, 0, 166]","[176, 69, 68]","[167, 166, 168]","[91, 153, 120]","[13, 12, 14]","[90, 11, 93]","[168, 143, 26]","[1, 8, 0]","[79, 77, 85]"
3982,"[116, 177, 112]","[37, 51, 36]","[14, 100, 101]","[88, 87, 89]","[78, 6, 77]","[63, 65, 66]","[89, 17, 18]","[164, 160, 163]","[83, 96, 95]","[62, 63, 64]","[16, 8, 9]","[64, 63, 112]"
3983,"[20, 26, 21]","[93, 94, 95]","[18, 134, 133]","[66, 73, 69]","[48, 3, 47]","[76, 141, 71]","[24, 133, 23]","[6, 173, 5]","[44, 4, 63]","[76, 162, 142]","[17, 5, 6]","[20, 47, 48]"
3984,"[79, 35, 32]","[106, 115, 140]","[88, 108, 44]","[93, 179, 49]","[175, 73, 174]","[64, 65, 66]","[59, 13, 60]","[169, 28, 29]","[146, 74, 147]","[104, 103, 105]","[1, 8, 2]","[55, 52, 81]"
3985,"[91, 164, 43]","[157, 19, 156]","[14, 45, 44]","[126, 155, 156]","[109, 60, 111]","[162, 140, 139]","[133, 142, 132]","[108, 80, 17]","[129, 64, 0]","[25, 26, 29]","[163, 169, 162]","[60, 62, 61]"
3986,"[19, 7, 89]","[150, 79, 58]","[99, 175, 174]","[36, 118, 38]","[98, 175, 99]","[136, 44, 135]","[113, 3, 1]","[98, 180, 97]","[138, 102, 130]","[11, 48, 10]","[0, 10, 18]","[120, 118, 117]"
3987,"[28, 16, 27]","[7, 8, 10]","[30, 117, 29]","[1, 102, 0]","[99, 42, 96]","[87, 89, 88]","[148, 103, 102]","[179, 180, 37]","[148, 107, 147]","[1, 3, 118]","[9, 3, 0]","[88, 73, 168]"
3988,"[13, 7, 6]","[88, 87, 85]","[82, 11, 84]","[113, 51, 153]","[1, 154, 0]","[130, 113, 120]","[83, 28, 30]","[109, 108, 111]","[168, 21, 171]","[49, 131, 132]","[0, 19, 18]","[164, 58, 57]"
3989,"[123, 46, 45]","[105, 106, 61]","[170, 26, 171]","[151, 150, 102]","[179, 64, 82]","[9, 156, 10]","[28, 159, 161]","[98, 19, 126]","[25, 141, 26]","[8, 7, 9]","[180, 117, 116]","[70, 94, 69]"
3990,"[8, 40, 177]","[122, 137, 133]","[1, 36, 4]","[87, 135, 137]","[19, 12, 24]","[88, 89, 87]","[90, 35, 86]","[50, 152, 47]","[19, 12, 1]","[34, 33, 45]","[17, 10, 60]","[180, 128, 71]"
3991,"[73, 143, 74]","[126, 106, 127]","[40, 143, 41]","[66, 131, 52]","[2, 164, 74]","[45, 44, 46]","[178, 33, 34]","[120, 114, 115]","[2, 164, 142]","[45, 44, 46]","[63, 29, 62]","[115, 112, 111]"
3992,"[110, 10, 109]","[30, 63, 103]","[110, 95, 145]","[125, 13, 14]","[151, 161, 155]","[8, 10, 14]","[145, 80, 82]","[4, 6, 5]","[151, 161, 172]","[23, 22, 32]","[18, 10, 11]","[41, 98, 42]"
3993,"[176, 5, 171]","[59, 84, 58]","[148, 122, 121]","[35, 7, 34]","[104, 50, 92]","[5, 10, 40]","[145, 95, 34]","[7, 9, 10]","[107, 53, 108]","[6, 7, 63]","[27, 11, 28]","[132, 73, 70]"
3994,"[133, 80, 79]","[95, 100, 94]","[176, 12, 175]","[109, 51, 104]","[131, 38, 37]","[158, 156, 159]","[52, 100, 99]","[35, 34, 36]","[131, 38, 130]","[158, 156, 85]","[177, 46, 45]","[130, 53, 54]"
3995,"[54, 149, 150]","[93, 95, 94]","[65, 43, 173]","[88, 84, 90]","[38, 13, 61]","[87, 79, 86]","[70, 138, 5]","[97, 95, 85]","[38, 15, 13]","[7, 93, 88]","[161, 155, 156]","[100, 141, 131]"
3996,"[0, 107, 70]","[115, 25, 139]","[36, 138, 37]","[11, 150, 10]","[117, 11, 26]","[80, 1, 37]","[48, 96, 49]","[122, 179, 180]","[4, 58, 2]","[80, 79, 37]","[17, 6, 16]","[41, 104, 40]"
3997,"[79, 24, 174]","[167, 137, 165]","[119, 154, 155]","[53, 51, 49]","[61, 98, 62]","[159, 155, 45]","[59, 4, 51]","[18, 17, 16]","[29, 82, 31]","[37, 50, 155]","[180, 106, 107]","[26, 17, 149]"
3998,"[103, 155, 154]","[61, 172, 124]","[16, 130, 149]","[79, 146, 77]","[52, 123, 53]","[156, 155, 10]","[55, 143, 142]","[118, 22, 117]","[123, 52, 53]","[10, 156, 21]","[32, 26, 31]","[119, 22, 142]"
3999,"[101, 16, 17]","[147, 122, 117]","[28, 172, 180]","[60, 58, 61]","[57, 23, 56]","[30, 35, 84]","[163, 100, 162]","[31, 59, 62]","[170, 12, 167]","[39, 97, 40]","[124, 130, 133]","[46, 66, 44]"
4000,"[3, 175, 176]","[99, 111, 106]","[35, 176, 177]","[54, 58, 17]","[146, 52, 145]","[102, 105, 117]","[104, 64, 125]","[77, 80, 112]","[146, 52, 51]","[33, 102, 99]","[0, 9, 8]","[119, 35, 36]"
4001,"[168, 130, 169]","[93, 88, 87]","[19, 60, 18]","[148, 170, 173]","[21, 8, 22]","[165, 166, 167]","[19, 135, 20]","[149, 150, 64]","[80, 148, 14]","[161, 160, 177]","[159, 165, 142]","[92, 91, 66]"
4002,"[143, 21, 20]","[102, 74, 104]","[176, 33, 177]","[79, 53, 76]","[172, 96, 175]","[23, 36, 128]","[103, 55, 54]","[157, 156, 158]","[138, 113, 139]","[69, 146, 37]","[1, 7, 0]","[46, 47, 48]"
4003,"[163, 69, 151]","[121, 120, 122]","[114, 18, 16]","[167, 37, 168]","[75, 9, 8]","[124, 141, 139]","[82, 137, 81]","[51, 50, 52]","[90, 170, 91]","[131, 129, 132]","[16, 163, 164]","[51, 50, 49]"
4004,"[16, 67, 50]","[10, 12, 9]","[130, 103, 160]","[145, 85, 178]","[91, 8, 20]","[59, 173, 58]","[93, 10, 90]","[56, 55, 54]","[180, 29, 102]","[144, 145, 148]","[82, 88, 83]","[150, 151, 149]"
4005,"[26, 131, 135]","[79, 78, 110]","[151, 119, 63]","[23, 32, 31]","[179, 40, 177]","[130, 126, 129]","[21, 144, 94]","[177, 178, 171]","[137, 71, 150]","[124, 125, 126]","[138, 144, 137]","[74, 73, 86]"
4006,"[5, 20, 19]","[152, 180, 110]","[134, 166, 165]","[100, 47, 46]","[31, 106, 147]","[99, 121, 98]","[173, 151, 172]","[101, 102, 94]","[31, 106, 162]","[92, 91, 89]","[171, 165, 166]","[104, 103, 102]"
4007,"[147, 19, 18]","[139, 64, 62]","[16, 50, 49]","[71, 167, 70]","[101, 18, 1]","[69, 175, 54]","[35, 20, 37]","[69, 68, 70]","[76, 167, 77]","[142, 11, 143]","[3, 11, 4]","[97, 95, 96]"
4008,"[78, 101, 79]","[129, 111, 130]","[110, 44, 111]","[8, 56, 137]","[3, 57, 173]","[107, 106, 125]","[105, 67, 65]","[8, 1, 9]","[10, 134, 131]","[5, 102, 99]","[24, 7, 32]","[47, 48, 49]"
4009,"[80, 159, 81]","[54, 132, 53]","[180, 73, 179]","[151, 150, 149]","[174, 72, 178]","[139, 135, 141]","[120, 15, 68]","[60, 97, 100]","[176, 151, 116]","[8, 143, 97]","[0, 9, 1]","[123, 32, 124]"
4010,"[142, 31, 143]","[154, 160, 161]","[117, 11, 121]","[73, 103, 74]","[0, 180, 179]","[158, 162, 160]","[55, 94, 28]","[113, 179, 151]","[0, 180, 25]","[103, 154, 155]","[8, 2, 1]","[54, 52, 104]"
4011,"[25, 7, 13]","[149, 147, 150]","[86, 32, 85]","[25, 104, 22]","[156, 12, 155]","[3, 83, 1]","[149, 92, 70]","[10, 5, 4]","[155, 11, 9]","[58, 63, 62]","[90, 91, 92]","[175, 176, 177]"
4012,"[70, 128, 67]","[175, 176, 75]","[120, 10, 9]","[165, 43, 153]","[126, 66, 77]","[92, 15, 91]","[52, 22, 54]","[156, 36, 37]","[139, 172, 98]","[56, 28, 134]","[179, 173, 178]","[70, 76, 77]"
4013,"[27, 171, 26]","[117, 116, 115]","[88, 171, 169]","[32, 107, 115]","[4, 157, 2]","[119, 118, 117]","[172, 24, 136]","[118, 116, 123]","[48, 165, 127]","[118, 119, 28]","[136, 142, 135]","[128, 173, 172]"
4014,"[34, 11, 20]","[153, 154, 155]","[115, 139, 78]","[69, 105, 107]","[130, 177, 133]","[59, 80, 86]","[178, 17, 86]","[42, 41, 72]","[130, 177, 159]","[43, 145, 146]","[4, 16, 17]","[35, 34, 130]"
4015,"[42, 170, 45]","[56, 58, 59]","[172, 47, 173]","[133, 130, 131]","[18, 162, 178]","[40, 38, 39]","[42, 170, 43]","[11, 102, 12]","[178, 34, 8]","[38, 39, 143]","[1, 8, 0]","[153, 152, 85]"
4016,"[160, 7, 159]","[140, 96, 97]","[52, 7, 53]","[66, 65, 67]","[130, 96, 135]","[164, 111, 76]","[54, 26, 84]","[117, 172, 174]","[146, 38, 8]","[108, 111, 160]","[171, 177, 172]","[165, 167, 164]"
4017,"[82, 33, 105]","[139, 84, 169]","[27, 11, 28]","[142, 143, 147]","[57, 143, 56]","[79, 86, 93]","[148, 88, 89]","[55, 61, 56]","[130, 12, 129]","[46, 43, 45]","[174, 153, 175]","[130, 129, 134]"
4018,"[28, 123, 86]","[113, 114, 112]","[21, 133, 22]","[34, 38, 39]","[32, 6, 7]","[98, 114, 161]","[58, 121, 57]","[40, 94, 172]","[32, 6, 7]","[146, 99, 145]","[0, 6, 1]","[134, 133, 132]"
4019,"[178, 153, 140]","[85, 18, 84]","[97, 110, 99]","[24, 25, 81]","[3, 52, 0]","[150, 116, 149]","[18, 58, 17]","[26, 39, 43]","[136, 50, 135]","[58, 121, 122]","[33, 39, 34]","[2, 1, 82]"
4020,"[126, 29, 145]","[38, 158, 120]","[63, 5, 62]","[23, 170, 22]","[119, 19, 117]","[86, 180, 137]","[89, 76, 24]","[131, 129, 94]","[170, 45, 171]","[52, 88, 141]","[15, 6, 16]","[122, 119, 121]"
4021,"[3, 79, 80]","[46, 47, 48]","[4, 108, 5]","[162, 157, 31]","[175, 73, 177]","[130, 131, 118]","[153, 9, 156]","[61, 109, 62]","[110, 58, 109]","[95, 134, 24]","[0, 23, 24]","[142, 43, 143]"
4022,"[48, 110, 46]","[8, 0, 1]","[90, 12, 15]","[119, 167, 77]","[115, 37, 114]","[125, 15, 14]","[42, 84, 44]","[13, 15, 12]","[106, 3, 139]","[14, 15, 157]","[8, 16, 9]","[69, 70, 67]"
4023,"[60, 161, 162]","[131, 116, 130]","[92, 68, 90]","[125, 165, 21]","[3, 109, 2]","[119, 118, 121]","[50, 11, 48]","[90, 30, 27]","[65, 10, 64]","[119, 35, 121]","[82, 76, 79]","[52, 53, 50]"
4024,"[13, 157, 14]","[100, 108, 154]","[0, 173, 138]","[100, 62, 101]","[70, 107, 71]","[141, 124, 158]","[9, 153, 29]","[108, 88, 89]","[56, 117, 76]","[95, 94, 96]","[70, 48, 69]","[172, 87, 165]"
4025,"[176, 156, 70]","[137, 138, 128]","[83, 108, 85]","[32, 33, 31]","[125, 82, 127]","[177, 107, 178]","[31, 175, 30]","[65, 50, 176]","[21, 127, 31]","[177, 180, 179]","[100, 15, 101]","[147, 36, 37]"
4026,"[78, 115, 97]","[157, 158, 156]","[42, 3, 57]","[158, 154, 163]","[40, 23, 37]","[1, 79, 71]","[180, 30, 29]","[104, 148, 105]","[22, 10, 11]","[161, 110, 61]","[37, 48, 17]","[73, 118, 178]"
4027,"[27, 171, 26]","[46, 60, 134]","[45, 57, 43]","[154, 155, 152]","[70, 16, 4]","[160, 108, 132]","[179, 173, 174]","[116, 53, 117]","[2, 10, 9]","[0, 48, 82]","[121, 127, 120]","[44, 43, 137]"
4028,"[86, 159, 60]","[110, 109, 111]","[137, 68, 48]","[85, 179, 21]","[30, 79, 78]","[140, 141, 150]","[64, 129, 37]","[122, 123, 8]","[151, 75, 79]","[140, 141, 12]","[168, 162, 161]","[63, 61, 67]"
4029,"[23, 164, 147]","[86, 84, 83]","[126, 3, 74]","[161, 162, 163]","[25, 13, 12]","[140, 125, 124]","[171, 35, 172]","[108, 117, 118]","[64, 152, 153]","[108, 107, 135]","[39, 33, 41]","[112, 104, 98]"
4030,"[70, 15, 71]","[156, 157, 134]","[170, 92, 169]","[51, 108, 43]","[84, 19, 178]","[110, 60, 108]","[36, 26, 177]","[144, 147, 149]","[60, 145, 29]","[3, 9, 10]","[0, 13, 26]","[104, 102, 101]"
4031,"[163, 116, 41]","[137, 155, 55]","[1, 40, 2]","[10, 11, 13]","[44, 6, 43]","[82, 113, 114]","[179, 154, 178]","[55, 54, 113]","[45, 6, 44]","[80, 82, 32]","[5, 16, 4]","[62, 63, 86]"
4032,"[70, 172, 173]","[102, 140, 141]","[77, 35, 60]","[133, 147, 146]","[10, 176, 4]","[144, 143, 140]","[52, 102, 103]","[20, 19, 21]","[10, 176, 4]","[149, 148, 139]","[23, 8, 9]","[117, 126, 122]"
4033,"[123, 136, 124]","[63, 59, 166]","[17, 7, 18]","[35, 36, 77]","[96, 23, 118]","[167, 31, 32]","[149, 9, 148]","[33, 34, 36]","[161, 139, 138]","[31, 30, 32]","[86, 139, 140]","[147, 148, 149]"
4034,"[0, 154, 1]","[61, 68, 78]","[157, 173, 152]","[113, 150, 114]","[124, 52, 123]","[139, 39, 37]","[117, 19, 118]","[93, 86, 87]","[52, 124, 108]","[139, 37, 39]","[131, 104, 103]","[19, 18, 17]"
4035,"[90, 169, 89]","[35, 27, 116]","[100, 55, 54]","[111, 116, 165]","[96, 50, 51]","[154, 155, 150]","[58, 159, 156]","[173, 172, 178]","[121, 109, 107]","[154, 153, 33]","[3, 83, 2]","[29, 119, 118]"
4036,"[62, 124, 158]","[61, 113, 114]","[45, 21, 41]","[137, 133, 134]","[150, 89, 149]","[50, 51, 103]","[111, 174, 108]","[43, 29, 30]","[150, 89, 88]","[28, 50, 33]","[1, 15, 0]","[32, 42, 41]"
4037,"[91, 111, 107]","[131, 50, 51]","[145, 80, 83]","[158, 46, 45]","[67, 10, 70]","[24, 106, 104]","[33, 148, 32]","[102, 134, 107]","[71, 14, 67]","[24, 104, 23]","[149, 7, 150]","[112, 110, 111]"
4038,"[19, 81, 103]","[178, 156, 179]","[90, 133, 89]","[111, 110, 44]","[53, 19, 18]","[73, 72, 130]","[152, 8, 151]","[64, 65, 66]","[89, 5, 6]","[128, 12, 131]","[161, 8, 163]","[114, 113, 86]"
4039,"[178, 55, 179]","[86, 73, 74]","[37, 115, 56]","[180, 15, 18]","[176, 18, 175]","[137, 156, 136]","[179, 52, 178]","[131, 130, 127]","[180, 116, 138]","[44, 84, 157]","[14, 8, 13]","[155, 153, 152]"
4040,"[25, 18, 21]","[110, 171, 172]","[21, 57, 11]","[93, 94, 154]","[28, 5, 47]","[121, 119, 120]","[4, 50, 51]","[159, 151, 156]","[15, 54, 52]","[155, 121, 120]","[15, 9, 8]","[124, 120, 116]"
4041,"[52, 42, 53]","[111, 112, 110]","[162, 66, 13]","[21, 82, 22]","[8, 1, 7]","[85, 86, 156]","[26, 107, 106]","[160, 161, 74]","[151, 7, 9]","[59, 93, 94]","[15, 9, 10]","[162, 73, 97]"
4042,"[17, 128, 129]","[51, 50, 60]","[0, 169, 104]","[73, 163, 36]","[50, 141, 51]","[90, 93, 94]","[76, 5, 165]","[37, 36, 97]","[50, 141, 51]","[10, 124, 93]","[178, 153, 152]","[76, 77, 112]"
4043,"[64, 8, 65]","[160, 121, 92]","[29, 151, 7]","[39, 65, 123]","[151, 5, 150]","[81, 75, 96]","[32, 142, 49]","[29, 179, 65]","[151, 4, 129]","[109, 81, 103]","[0, 15, 1]","[109, 130, 158]"
4044,"[20, 11, 18]","[43, 44, 42]","[151, 121, 153]","[95, 93, 97]","[70, 97, 8]","[43, 135, 42]","[180, 95, 50]","[145, 4, 20]","[69, 10, 68]","[24, 23, 127]","[4, 21, 5]","[42, 39, 38]"
4045,"[180, 168, 177]","[32, 13, 12]","[5, 145, 4]","[84, 85, 86]","[152, 36, 35]","[14, 64, 89]","[161, 31, 160]","[2, 1, 0]","[141, 13, 36]","[44, 45, 43]","[36, 30, 26]","[69, 130, 131]"
4046,"[98, 156, 100]","[66, 174, 65]","[98, 7, 105]","[46, 109, 166]","[80, 62, 61]","[131, 36, 25]","[60, 144, 46]","[107, 105, 99]","[71, 179, 98]","[135, 10, 134]","[170, 176, 171]","[127, 125, 126]"
4047,"[175, 163, 132]","[29, 93, 94]","[26, 124, 137]","[110, 109, 106]","[104, 144, 148]","[77, 27, 79]","[180, 133, 49]","[33, 101, 100]","[110, 150, 109]","[64, 122, 123]","[69, 1, 68]","[43, 165, 158]"
4048,"[173, 120, 104]","[64, 27, 24]","[48, 97, 47]","[150, 151, 149]","[132, 160, 26]","[179, 42, 178]","[34, 15, 35]","[113, 112, 178]","[142, 119, 120]","[8, 9, 13]","[7, 16, 8]","[150, 149, 144]"
4049,"[1, 168, 2]","[29, 107, 31]","[135, 33, 31]","[55, 51, 52]","[62, 172, 65]","[141, 140, 143]","[2, 83, 1]","[153, 154, 158]","[67, 28, 128]","[141, 4, 5]","[114, 108, 107]","[154, 153, 152]"
4050,"[156, 33, 157]","[145, 72, 146]","[162, 19, 141]","[126, 2, 4]","[56, 144, 18]","[62, 78, 121]","[135, 82, 170]","[101, 100, 99]","[149, 98, 82]","[62, 121, 9]","[21, 15, 22]","[157, 32, 35]"
4051,"[3, 48, 73]","[17, 27, 172]","[0, 129, 131]","[40, 46, 49]","[156, 70, 130]","[146, 147, 95]","[60, 164, 94]","[71, 75, 70]","[33, 159, 46]","[144, 93, 167]","[1, 13, 2]","[158, 164, 59]"
4052,"[34, 58, 35]","[126, 179, 103]","[50, 12, 52]","[85, 84, 82]","[27, 144, 26]","[97, 113, 99]","[179, 150, 178]","[113, 80, 22]","[70, 21, 71]","[114, 112, 113]","[0, 34, 1]","[170, 168, 172]"
4053,"[25, 169, 24]","[117, 116, 114]","[171, 163, 165]","[65, 80, 82]","[90, 167, 82]","[66, 62, 64]","[152, 8, 154]","[107, 109, 108]","[165, 89, 166]","[67, 37, 0]","[28, 11, 12]","[179, 120, 124]"
4054,"[164, 171, 0]","[98, 58, 66]","[161, 176, 179]","[126, 92, 127]","[0, 32, 31]","[168, 49, 50]","[52, 100, 159]","[178, 179, 180]","[0, 31, 87]","[23, 24, 18]","[32, 15, 28]","[103, 135, 79]"
4055,"[4, 12, 5]","[30, 31, 32]","[31, 126, 32]","[14, 13, 15]","[172, 26, 35]","[20, 117, 118]","[142, 38, 141]","[114, 115, 112]","[149, 12, 148]","[144, 143, 111]","[37, 20, 17]","[138, 141, 137]"
4056,"[129, 179, 128]","[115, 114, 173]","[132, 108, 136]","[30, 31, 153]","[0, 100, 49]","[159, 158, 161]","[92, 67, 70]","[65, 11, 63]","[0, 100, 38]","[157, 125, 161]","[3, 15, 16]","[79, 62, 57]"
4057,"[7, 172, 34]","[0, 47, 48]","[87, 107, 84]","[65, 69, 66]","[78, 16, 173]","[83, 82, 35]","[113, 65, 66]","[170, 169, 171]","[150, 4, 151]","[177, 180, 176]","[20, 8, 0]","[138, 132, 133]"
4058,"[3, 73, 4]","[107, 109, 108]","[52, 98, 53]","[153, 152, 151]","[86, 117, 118]","[35, 69, 72]","[131, 43, 130]","[71, 92, 91]","[160, 16, 149]","[144, 143, 175]","[180, 174, 173]","[126, 127, 163]"
4059,"[167, 91, 166]","[151, 150, 146]","[102, 146, 2]","[81, 30, 164]","[108, 126, 107]","[150, 6, 149]","[172, 28, 171]","[111, 112, 37]","[80, 105, 81]","[147, 145, 146]","[131, 125, 126]","[179, 178, 141]"
4060,"[3, 67, 66]","[122, 135, 123]","[177, 135, 178]","[10, 71, 140]","[11, 27, 28]","[45, 46, 47]","[90, 9, 3]","[40, 38, 152]","[30, 23, 7]","[53, 48, 52]","[143, 149, 144]","[73, 74, 175]"
4061,"[54, 78, 94]","[172, 174, 175]","[66, 41, 53]","[142, 143, 128]","[47, 75, 74]","[106, 172, 54]","[100, 72, 73]","[39, 168, 40]","[158, 13, 157]","[89, 88, 68]","[1, 23, 24]","[162, 161, 140]"
4062,"[35, 66, 69]","[147, 146, 98]","[89, 160, 88]","[104, 122, 170]","[171, 70, 172]","[177, 175, 19]","[52, 19, 51]","[83, 106, 41]","[107, 34, 87]","[101, 3, 2]","[14, 8, 7]","[58, 15, 95]"
4063,"[7, 21, 23]","[4, 3, 82]","[129, 15, 123]","[60, 170, 90]","[178, 16, 176]","[109, 150, 108]","[146, 31, 32]","[49, 46, 50]","[37, 172, 68]","[58, 59, 110]","[158, 164, 159]","[23, 22, 21]"
4064,"[44, 162, 163]","[50, 63, 135]","[86, 135, 28]","[22, 108, 107]","[180, 123, 179]","[29, 28, 43]","[118, 150, 114]","[62, 11, 3]","[180, 86, 179]","[91, 13, 162]","[20, 9, 19]","[95, 96, 138]"
4065,"[154, 20, 87]","[105, 103, 106]","[179, 134, 180]","[154, 89, 113]","[7, 167, 147]","[83, 16, 26]","[32, 176, 175]","[7, 6, 9]","[32, 43, 30]","[122, 26, 27]","[76, 82, 77]","[112, 113, 175]"
4066,"[150, 77, 151]","[31, 157, 32]","[74, 130, 124]","[162, 163, 159]","[156, 61, 62]","[42, 102, 146]","[35, 127, 34]","[87, 178, 177]","[60, 15, 64]","[139, 145, 146]","[0, 28, 1]","[84, 164, 118]"
4067,"[108, 149, 107]","[64, 71, 8]","[121, 86, 122]","[169, 176, 170]","[46, 115, 31]","[94, 55, 93]","[173, 160, 90]","[9, 10, 67]","[126, 77, 96]","[70, 69, 72]","[0, 8, 1]","[126, 145, 144]"
4068,"[178, 129, 66]","[5, 6, 7]","[143, 105, 106]","[66, 123, 42]","[33, 139, 142]","[14, 12, 13]","[82, 124, 111]","[40, 39, 44]","[91, 164, 92]","[140, 141, 122]","[34, 17, 35]","[153, 152, 154]"
4069,"[160, 66, 161]","[115, 116, 112]","[32, 142, 31]","[123, 3, 124]","[140, 72, 68]","[118, 113, 116]","[134, 60, 61]","[16, 15, 157]","[37, 161, 38]","[105, 115, 114]","[0, 8, 1]","[127, 124, 126]"
4070,"[20, 48, 24]","[69, 68, 99]","[104, 54, 103]","[80, 40, 145]","[150, 6, 5]","[107, 105, 109]","[115, 44, 117]","[2, 3, 1]","[53, 85, 51]","[132, 29, 133]","[9, 3, 8]","[153, 152, 155]"
4071,"[52, 112, 53]","[8, 9, 1]","[17, 137, 74]","[160, 157, 41]","[113, 94, 81]","[15, 39, 155]","[0, 40, 154]","[109, 110, 1]","[178, 136, 94]","[62, 58, 60]","[141, 135, 139]","[106, 1, 2]"
4072,"[41, 132, 131]","[62, 20, 22]","[114, 171, 80]","[145, 146, 151]","[154, 10, 16]","[93, 0, 147]","[119, 175, 3]","[134, 135, 136]","[104, 71, 173]","[149, 143, 82]","[8, 14, 9]","[66, 106, 107]"
4073,"[5, 24, 4]","[141, 140, 142]","[32, 5, 127]","[60, 1, 0]","[180, 32, 179]","[36, 140, 139]","[73, 120, 55]","[13, 17, 126]","[166, 4, 5]","[102, 38, 15]","[31, 15, 35]","[118, 122, 68]"
4074,"[16, 125, 15]","[152, 153, 146]","[49, 74, 48]","[164, 163, 149]","[53, 66, 62]","[175, 174, 176]","[96, 71, 99]","[176, 174, 173]","[75, 4, 60]","[174, 173, 175]","[7, 13, 6]","[180, 160, 51]"
4075,"[9, 87, 12]","[20, 21, 155]","[139, 4, 5]","[39, 36, 37]","[123, 11, 124]","[42, 41, 0]","[30, 79, 31]","[40, 39, 169]","[132, 122, 157]","[12, 42, 13]","[163, 92, 177]","[168, 77, 59]"
4076,"[160, 171, 172]","[131, 129, 132]","[105, 15, 48]","[80, 27, 81]","[139, 119, 140]","[27, 25, 26]","[168, 142, 143]","[41, 40, 28]","[93, 115, 114]","[81, 151, 80]","[180, 174, 173]","[93, 92, 94]"
4077,"[69, 11, 70]","[5, 175, 30]","[97, 124, 96]","[179, 178, 177]","[143, 18, 144]","[168, 34, 124]","[149, 122, 145]","[147, 28, 27]","[18, 143, 144]","[103, 42, 39]","[60, 54, 59]","[121, 163, 167]"
4078,"[78, 33, 77]","[20, 18, 19]","[159, 15, 17]","[90, 86, 44]","[37, 115, 38]","[131, 132, 137]","[86, 35, 85]","[127, 98, 128]","[38, 116, 39]","[131, 132, 130]","[37, 43, 36]","[86, 85, 99]"
4079,"[168, 157, 170]","[132, 102, 134]","[111, 159, 110]","[49, 20, 47]","[164, 171, 172]","[96, 95, 41]","[101, 5, 102]","[0, 91, 41]","[148, 71, 3]","[42, 84, 135]","[180, 101, 179]","[0, 53, 3]"
4080,"[26, 19, 23]","[82, 126, 56]","[132, 9, 133]","[163, 68, 164]","[90, 62, 42]","[147, 177, 164]","[63, 121, 122]","[140, 25, 10]","[47, 129, 24]","[162, 174, 166]","[69, 75, 68]","[150, 149, 151]"
4081,"[129, 157, 158]","[119, 103, 67]","[180, 77, 78]","[166, 4, 3]","[163, 141, 66]","[61, 97, 110]","[20, 159, 21]","[118, 74, 71]","[44, 131, 90]","[110, 95, 96]","[63, 27, 42]","[132, 88, 134]"
4082,"[162, 127, 161]","[147, 146, 121]","[95, 17, 99]","[138, 139, 140]","[172, 137, 136]","[39, 90, 42]","[130, 87, 46]","[168, 169, 51]","[172, 137, 136]","[39, 149, 153]","[24, 4, 1]","[89, 103, 88]"
4083,"[85, 9, 143]","[96, 95, 152]","[174, 142, 173]","[57, 56, 49]","[46, 9, 47]","[68, 69, 147]","[156, 35, 142]","[20, 18, 19]","[152, 105, 26]","[68, 149, 134]","[91, 127, 128]","[7, 8, 6]"
4084,"[149, 10, 8]","[157, 109, 64]","[136, 96, 137]","[108, 53, 52]","[15, 159, 158]","[73, 71, 69]","[29, 106, 50]","[61, 12, 62]","[22, 166, 20]","[73, 68, 67]","[10, 3, 4]","[160, 54, 153]"
4085,"[85, 161, 84]","[29, 30, 170]","[63, 125, 124]","[165, 91, 166]","[52, 91, 55]","[73, 72, 74]","[114, 94, 128]","[28, 29, 3]","[52, 91, 92]","[73, 72, 79]","[28, 34, 24]","[73, 72, 71]"
4086,"[52, 99, 53]","[153, 151, 125]","[138, 167, 139]","[16, 68, 4]","[158, 35, 25]","[50, 53, 51]","[178, 159, 179]","[61, 64, 62]","[64, 89, 66]","[134, 133, 43]","[1, 12, 0]","[135, 137, 136]"
4087,"[165, 173, 10]","[46, 70, 103]","[143, 35, 144]","[83, 171, 170]","[174, 167, 166]","[88, 86, 87]","[7, 70, 6]","[46, 29, 43]","[17, 174, 171]","[157, 155, 156]","[145, 151, 16]","[134, 135, 88]"
4088,"[149, 39, 90]","[75, 74, 72]","[31, 83, 72]","[50, 161, 49]","[109, 65, 110]","[81, 89, 136]","[33, 172, 171]","[108, 134, 99]","[1, 92, 90]","[159, 160, 38]","[35, 20, 34]","[119, 120, 121]"
4089,"[168, 155, 167]","[38, 37, 112]","[0, 22, 1]","[40, 41, 157]","[49, 68, 116]","[175, 85, 87]","[48, 21, 103]","[166, 162, 164]","[138, 117, 116]","[87, 11, 17]","[0, 8, 2]","[130, 131, 165]"
4090,"[137, 58, 145]","[101, 100, 29]","[153, 9, 8]","[176, 177, 85]","[121, 3, 94]","[83, 74, 82]","[178, 81, 52]","[132, 13, 130]","[125, 7, 3]","[19, 80, 16]","[122, 27, 28]","[59, 60, 63]"
4091,"[4, 121, 0]","[168, 170, 70]","[30, 117, 29]","[89, 124, 170]","[92, 140, 0]","[94, 75, 74]","[52, 101, 53]","[125, 8, 167]","[91, 139, 140]","[33, 94, 99]","[43, 63, 39]","[174, 175, 176]"
4092,"[65, 17, 101]","[74, 75, 120]","[112, 49, 48]","[81, 88, 80]","[161, 29, 28]","[147, 146, 148]","[39, 136, 178]","[129, 131, 130]","[25, 157, 160]","[19, 14, 147]","[0, 16, 3]","[54, 75, 165]"
4093,"[0, 117, 148]","[164, 75, 168]","[78, 137, 79]","[166, 102, 172]","[169, 25, 26]","[110, 67, 101]","[50, 91, 90]","[164, 161, 165]","[141, 64, 26]","[2, 97, 96]","[4, 30, 7]","[34, 35, 36]"
4094,"[69, 24, 21]","[161, 179, 178]","[48, 161, 49]","[79, 171, 80]","[26, 15, 25]","[123, 120, 122]","[172, 103, 171]","[134, 132, 133]","[5, 23, 22]","[53, 50, 54]","[167, 159, 165]","[120, 121, 122]"
4095,"[44, 12, 45]","[112, 172, 174]","[147, 7, 149]","[115, 61, 114]","[149, 26, 150]","[66, 65, 139]","[163, 99, 162]","[17, 18, 58]","[142, 106, 141]","[75, 74, 160]","[24, 2, 19]","[73, 78, 56]"
4096,"[159, 57, 56]","[30, 34, 32]","[14, 170, 11]","[41, 35, 49]","[93, 100, 23]","[145, 146, 148]","[156, 175, 174]","[55, 62, 21]","[41, 123, 91]","[161, 160, 162]","[82, 88, 87]","[149, 154, 148]"
4097,"[172, 82, 58]","[155, 154, 153]","[40, 94, 161]","[74, 72, 73]","[166, 17, 167]","[65, 0, 107]","[34, 119, 64]","[153, 6, 7]","[98, 23, 97]","[108, 4, 45]","[30, 47, 33]","[167, 169, 166]"
4098,"[179, 173, 178]","[26, 28, 86]","[24, 69, 68]","[90, 5, 4]","[180, 34, 177]","[102, 141, 142]","[18, 162, 22]","[104, 103, 101]","[33, 116, 180]","[87, 86, 72]","[24, 33, 25]","[74, 138, 73]"
4099,"[26, 32, 25]","[0, 1, 157]","[148, 170, 172]","[157, 179, 178]","[73, 14, 53]","[100, 141, 145]","[117, 36, 35]","[95, 11, 14]","[81, 8, 80]","[60, 98, 100]","[5, 16, 4]","[161, 111, 178]"
4100,"[161, 17, 18]","[124, 125, 140]","[159, 15, 16]","[2, 3, 51]","[86, 30, 85]","[176, 175, 65]","[34, 101, 35]","[90, 43, 112]","[20, 100, 101]","[177, 176, 121]","[0, 8, 20]","[145, 144, 59]"
4101,"[163, 116, 1]","[39, 40, 3]","[177, 12, 176]","[21, 98, 22]","[177, 8, 176]","[122, 121, 111]","[142, 65, 143]","[122, 51, 114]","[177, 9, 8]","[142, 144, 143]","[118, 112, 113]","[57, 84, 83]"
4102,"[162, 152, 157]","[93, 96, 132]","[14, 110, 13]","[157, 156, 47]","[83, 177, 94]","[34, 72, 73]","[151, 176, 17]","[160, 159, 158]","[89, 133, 177]","[74, 73, 29]","[17, 7, 18]","[137, 136, 157]"
4103,"[1, 145, 6]","[44, 78, 46]","[127, 151, 150]","[7, 0, 8]","[140, 66, 159]","[44, 0, 45]","[85, 159, 157]","[116, 115, 117]","[103, 79, 87]","[44, 39, 124]","[180, 67, 66]","[107, 26, 25]"
4104,"[28, 172, 36]","[69, 70, 134]","[156, 7, 155]","[37, 86, 88]","[11, 35, 36]","[47, 15, 38]","[154, 24, 53]","[8, 9, 1]","[0, 24, 1]","[47, 84, 16]","[19, 9, 20]","[76, 74, 56]"
4105,"[48, 28, 47]","[168, 103, 139]","[0, 140, 8]","[67, 60, 61]","[150, 43, 146]","[123, 134, 62]","[28, 172, 27]","[95, 96, 62]","[40, 5, 177]","[124, 63, 61]","[19, 31, 30]","[60, 59, 40]"
4106,"[37, 3, 38]","[147, 148, 146]","[86, 19, 160]","[73, 75, 130]","[56, 117, 49]","[167, 99, 98]","[82, 177, 79]","[107, 104, 154]","[142, 128, 132]","[28, 21, 154]","[11, 35, 34]","[133, 134, 129]"
4107,"[10, 17, 9]","[161, 162, 138]","[148, 128, 127]","[53, 26, 137]","[99, 128, 98]","[164, 179, 180]","[178, 141, 177]","[13, 84, 83]","[2, 92, 0]","[174, 164, 173]","[0, 18, 1]","[130, 131, 129]"
4108,"[0, 89, 55]","[98, 174, 16]","[36, 7, 90]","[145, 144, 148]","[89, 2, 4]","[53, 52, 124]","[93, 7, 95]","[13, 12, 11]","[89, 2, 108]","[118, 175, 117]","[142, 106, 157]","[79, 77, 78]"
4109,"[83, 56, 80]","[17, 15, 28]","[67, 168, 68]","[42, 105, 43]","[50, 76, 51]","[171, 172, 179]","[47, 95, 52]","[172, 169, 13]","[75, 49, 74]","[37, 36, 40]","[92, 86, 93]","[148, 83, 84]"
4110,"[177, 44, 43]","[64, 98, 107]","[3, 161, 160]","[107, 111, 82]","[26, 152, 3]","[122, 128, 125]","[34, 60, 136]","[163, 167, 94]","[0, 83, 1]","[124, 125, 123]","[45, 171, 172]","[117, 116, 113]"
4111,"[23, 172, 24]","[14, 13, 124]","[33, 73, 74]","[26, 132, 17]","[5, 149, 70]","[129, 177, 135]","[72, 25, 73]","[126, 155, 17]","[64, 124, 123]","[160, 159, 161]","[30, 20, 21]","[128, 55, 121]"
4112,"[176, 49, 51]","[138, 147, 6]","[107, 93, 106]","[159, 79, 71]","[0, 82, 2]","[145, 146, 147]","[9, 100, 164]","[39, 38, 40]","[0, 82, 1]","[147, 145, 146]","[21, 12, 0]","[100, 99, 101]"
4113,"[33, 64, 32]","[6, 4, 105]","[140, 94, 58]","[150, 67, 78]","[18, 50, 46]","[172, 84, 175]","[157, 127, 149]","[68, 67, 69]","[49, 151, 150]","[68, 31, 86]","[28, 17, 4]","[149, 90, 150]"
4114,"[177, 67, 180]","[81, 84, 82]","[27, 52, 28]","[66, 64, 138]","[102, 157, 1]","[60, 125, 63]","[71, 93, 60]","[62, 125, 115]","[1, 144, 3]","[60, 125, 51]","[27, 7, 8]","[58, 112, 60]"
4115,"[4, 150, 128]","[26, 33, 32]","[3, 13, 4]","[127, 57, 58]","[153, 135, 133]","[17, 58, 16]","[141, 13, 142]","[90, 93, 161]","[51, 156, 53]","[105, 101, 106]","[123, 133, 132]","[158, 15, 52]"
4116,"[169, 42, 168]","[146, 143, 144]","[102, 16, 101]","[120, 54, 88]","[43, 170, 40]","[176, 177, 16]","[23, 167, 72]","[57, 55, 56]","[43, 170, 44]","[176, 87, 155]","[177, 171, 178]","[117, 114, 116]"
4117,"[55, 154, 74]","[171, 169, 33]","[157, 87, 132]","[117, 118, 16]","[180, 158, 179]","[97, 99, 130]","[157, 7, 158]","[111, 115, 0]","[4, 104, 123]","[169, 129, 170]","[5, 18, 3]","[50, 51, 48]"
4118,"[136, 8, 7]","[30, 39, 49]","[180, 86, 160]","[164, 42, 63]","[113, 9, 84]","[45, 43, 159]","[89, 116, 90]","[45, 40, 46]","[84, 12, 83]","[41, 43, 42]","[168, 162, 1]","[35, 79, 34]"
4119,"[8, 30, 32]","[35, 166, 70]","[180, 15, 54]","[107, 138, 140]","[32, 7, 33]","[13, 109, 108]","[39, 158, 157]","[65, 68, 67]","[177, 25, 52]","[92, 91, 97]","[180, 16, 179]","[163, 65, 162]"
4120,"[64, 26, 27]","[92, 93, 96]","[159, 4, 2]","[89, 86, 68]","[97, 163, 33]","[176, 177, 175]","[156, 29, 179]","[115, 114, 116]","[35, 79, 124]","[60, 173, 171]","[0, 6, 1]","[96, 51, 57]"
4121,"[121, 170, 122]","[145, 75, 144]","[90, 112, 155]","[75, 96, 94]","[162, 18, 161]","[139, 140, 95]","[152, 8, 153]","[100, 99, 98]","[75, 149, 39]","[102, 89, 103]","[121, 115, 116]","[52, 161, 162]"
4122,"[120, 16, 85]","[34, 62, 33]","[149, 84, 150]","[13, 51, 26]","[129, 168, 169]","[60, 11, 98]","[70, 13, 11]","[37, 35, 36]","[129, 168, 130]","[11, 18, 60]","[164, 170, 163]","[63, 49, 52]"
4123,"[180, 19, 3]","[179, 51, 52]","[22, 151, 150]","[168, 166, 52]","[165, 26, 27]","[43, 42, 41]","[157, 19, 158]","[3, 14, 5]","[69, 132, 26]","[156, 2, 8]","[3, 17, 5]","[129, 130, 46]"
4124,"[54, 94, 55]","[79, 33, 113]","[43, 10, 123]","[115, 117, 119]","[38, 110, 37]","[180, 80, 145]","[51, 118, 52]","[31, 33, 82]","[51, 89, 53]","[81, 161, 180]","[0, 6, 138]","[29, 45, 72]"
4125,"[43, 58, 44]","[178, 179, 180]","[6, 88, 87]","[52, 51, 148]","[22, 69, 21]","[37, 109, 38]","[55, 29, 30]","[107, 108, 106]","[111, 80, 79]","[117, 118, 180]","[27, 21, 20]","[169, 170, 114]"
4126,"[94, 54, 97]","[11, 66, 9]","[29, 163, 30]","[71, 70, 69]","[81, 29, 91]","[152, 178, 153]","[158, 27, 157]","[103, 106, 14]","[91, 164, 88]","[7, 129, 8]","[123, 117, 125]","[62, 27, 63]"
4127,"[48, 146, 76]","[141, 179, 178]","[79, 137, 43]","[63, 89, 60]","[82, 135, 103]","[179, 175, 176]","[154, 14, 108]","[145, 146, 147]","[103, 138, 82]","[175, 176, 174]","[171, 177, 170]","[94, 95, 97]"
4128,"[2, 91, 84]","[172, 173, 124]","[115, 22, 23]","[67, 70, 45]","[28, 107, 105]","[41, 40, 17]","[154, 18, 153]","[32, 180, 179]","[28, 107, 29]","[114, 124, 142]","[0, 14, 13]","[47, 44, 45]"
4129,"[19, 70, 171]","[143, 99, 100]","[63, 41, 62]","[6, 55, 9]","[172, 100, 173]","[78, 79, 127]","[9, 87, 11]","[5, 62, 61]","[84, 74, 109]","[146, 138, 147]","[151, 103, 174]","[62, 131, 130]"
4130,"[118, 70, 135]","[110, 109, 149]","[105, 147, 106]","[95, 156, 7]","[45, 89, 168]","[176, 178, 172]","[17, 148, 147]","[175, 176, 177]","[10, 39, 0]","[176, 29, 157]","[4, 15, 5]","[151, 86, 90]"
4131,"[1, 26, 16]","[112, 132, 116]","[10, 35, 36]","[169, 168, 66]","[33, 4, 3]","[91, 176, 177]","[28, 3, 4]","[43, 69, 45]","[24, 4, 21]","[45, 140, 139]","[11, 35, 36]","[96, 141, 98]"
4132,"[114, 6, 115]","[176, 135, 86]","[44, 30, 45]","[22, 123, 124]","[4, 41, 105]","[123, 129, 156]","[154, 173, 57]","[77, 137, 24]","[16, 48, 49]","[180, 179, 151]","[4, 19, 18]","[139, 149, 138]"
4133,"[179, 80, 178]","[159, 146, 145]","[28, 172, 27]","[63, 62, 60]","[180, 4, 22]","[86, 141, 143]","[59, 128, 129]","[158, 111, 112]","[70, 14, 72]","[86, 161, 128]","[66, 72, 71]","[74, 141, 140]"
4134,"[22, 162, 161]","[112, 113, 1]","[33, 12, 104]","[126, 144, 47]","[0, 154, 121]","[62, 158, 72]","[39, 60, 133]","[146, 159, 160]","[0, 154, 30]","[158, 62, 124]","[157, 151, 158]","[62, 63, 64]"
4135,"[178, 77, 177]","[131, 130, 129]","[0, 122, 179]","[58, 57, 59]","[95, 14, 96]","[163, 129, 169]","[144, 175, 160]","[83, 165, 81]","[65, 158, 159]","[179, 163, 178]","[38, 30, 31]","[129, 81, 79]"
4136,"[168, 179, 178]","[0, 4, 1]","[92, 119, 176]","[130, 62, 58]","[153, 91, 90]","[112, 70, 71]","[154, 10, 9]","[137, 96, 100]","[91, 153, 90]","[135, 40, 112]","[60, 66, 65]","[178, 179, 49]"
4137,"[169, 73, 168]","[97, 31, 2]","[44, 64, 65]","[97, 161, 162]","[47, 139, 46]","[25, 24, 23]","[178, 172, 177]","[99, 101, 113]","[180, 54, 149]","[103, 107, 108]","[0, 6, 41]","[110, 116, 100]"
4138,"[38, 12, 39]","[98, 138, 99]","[172, 16, 127]","[64, 101, 109]","[93, 13, 92]","[136, 83, 147]","[180, 174, 103]","[110, 109, 159]","[157, 6, 35]","[100, 117, 51]","[25, 17, 26]","[95, 96, 149]"
4139,"[162, 9, 163]","[20, 83, 84]","[160, 23, 159]","[76, 83, 74]","[155, 101, 62]","[94, 60, 59]","[66, 105, 140]","[177, 180, 5]","[101, 155, 100]","[59, 39, 38]","[113, 129, 112]","[48, 0, 47]"
4140,"[163, 130, 63]","[8, 7, 9]","[43, 7, 8]","[130, 34, 38]","[148, 42, 149]","[35, 140, 34]","[177, 86, 178]","[2, 180, 12]","[149, 43, 64]","[11, 4, 140]","[170, 164, 174]","[65, 64, 91]"
4141,"[45, 177, 46]","[149, 151, 148]","[166, 142, 158]","[75, 81, 83]","[11, 47, 10]","[171, 132, 131]","[19, 145, 73]","[114, 171, 108]","[106, 75, 124]","[100, 99, 98]","[146, 152, 142]","[99, 53, 162]"
4142,"[42, 152, 153]","[0, 177, 24]","[68, 105, 69]","[53, 57, 54]","[34, 174, 173]","[82, 81, 85]","[159, 97, 155]","[68, 67, 63]","[177, 37, 174]","[83, 51, 84]","[170, 176, 175]","[29, 99, 30]"
4143,"[116, 42, 117]","[125, 60, 154]","[126, 132, 133]","[90, 14, 91]","[176, 73, 105]","[33, 38, 34]","[119, 35, 37]","[136, 140, 141]","[135, 91, 136]","[84, 17, 38]","[2, 20, 3]","[66, 164, 150]"
4144,"[95, 53, 54]","[19, 20, 21]","[73, 167, 168]","[85, 87, 80]","[146, 44, 79]","[128, 107, 121]","[117, 74, 100]","[16, 84, 11]","[85, 166, 44]","[123, 101, 122]","[170, 176, 177]","[60, 107, 56]"
4145,"[166, 131, 167]","[79, 80, 78]","[0, 75, 1]","[97, 29, 30]","[120, 150, 123]","[67, 55, 51]","[122, 10, 179]","[39, 84, 38]","[71, 120, 70]","[10, 7, 9]","[2, 8, 3]","[69, 70, 75]"
4146,"[18, 12, 13]","[32, 179, 139]","[135, 12, 144]","[73, 74, 51]","[166, 39, 164]","[116, 127, 105]","[90, 24, 113]","[53, 56, 23]","[102, 167, 101]","[11, 26, 25]","[0, 24, 23]","[80, 82, 84]"
4147,"[54, 128, 153]","[35, 150, 30]","[90, 37, 54]","[146, 75, 148]","[178, 7, 146]","[168, 79, 80]","[98, 133, 101]","[86, 46, 45]","[146, 14, 15]","[92, 65, 167]","[176, 170, 177]","[88, 89, 87]"
4148,"[65, 8, 64]","[116, 117, 123]","[16, 10, 27]","[58, 59, 57]","[55, 74, 90]","[180, 95, 139]","[95, 21, 35]","[54, 122, 53]","[130, 75, 129]","[33, 31, 94]","[13, 7, 6]","[117, 116, 95]"
4149,"[42, 136, 135]","[92, 121, 109]","[81, 53, 80]","[46, 47, 106]","[164, 42, 43]","[70, 124, 67]","[117, 49, 98]","[4, 9, 8]","[90, 46, 176]","[76, 27, 74]","[128, 115, 129]","[69, 71, 72]"
4150,"[70, 16, 19]","[43, 92, 88]","[121, 168, 122]","[171, 83, 84]","[116, 25, 117]","[90, 92, 91]","[32, 121, 120]","[45, 44, 62]","[116, 25, 117]","[90, 91, 92]","[179, 61, 180]","[140, 138, 4]"
4151,"[93, 28, 6]","[36, 37, 152]","[17, 46, 16]","[174, 178, 93]","[20, 153, 154]","[62, 85, 16]","[180, 174, 79]","[143, 144, 160]","[83, 102, 86]","[60, 59, 57]","[0, 6, 1]","[114, 128, 113]"
4152,"[90, 148, 89]","[118, 122, 115]","[180, 7, 126]","[93, 91, 96]","[157, 16, 161]","[115, 112, 111]","[60, 31, 30]","[120, 119, 146]","[19, 83, 3]","[53, 89, 90]","[168, 162, 167]","[70, 71, 23]"
4153,"[37, 29, 115]","[134, 135, 150]","[71, 116, 22]","[5, 134, 52]","[173, 115, 175]","[69, 144, 140]","[40, 113, 39]","[96, 19, 95]","[175, 111, 107]","[146, 69, 145]","[10, 24, 11]","[165, 164, 111]"
4154,"[145, 5, 6]","[64, 113, 65]","[76, 154, 155]","[170, 164, 167]","[17, 161, 160]","[143, 81, 66]","[29, 126, 121]","[169, 170, 175]","[18, 179, 178]","[1, 63, 2]","[2, 8, 9]","[84, 81, 83]"
4155,"[176, 13, 175]","[51, 163, 164]","[23, 7, 22]","[109, 108, 111]","[29, 166, 167]","[103, 105, 102]","[167, 97, 122]","[60, 56, 58]","[166, 155, 22]","[143, 137, 72]","[23, 16, 22]","[27, 115, 116]"
4156,"[71, 132, 72]","[40, 82, 76]","[76, 152, 148]","[79, 80, 179]","[158, 115, 161]","[175, 173, 176]","[29, 142, 143]","[102, 101, 19]","[163, 43, 180]","[0, 1, 2]","[26, 6, 27]","[95, 45, 92]"
4157,"[161, 154, 153]","[42, 44, 43]","[127, 49, 48]","[118, 117, 119]","[159, 170, 158]","[1, 0, 140]","[66, 142, 124]","[119, 118, 114]","[156, 167, 157]","[1, 0, 5]","[175, 168, 154]","[75, 74, 22]"
4158,"[122, 155, 172]","[132, 131, 38]","[165, 21, 166]","[112, 174, 180]","[180, 47, 50]","[72, 74, 125]","[76, 174, 135]","[155, 119, 5]","[26, 45, 27]","[65, 64, 148]","[2, 10, 3]","[116, 115, 151]"
4159,"[80, 152, 79]","[124, 126, 173]","[50, 111, 49]","[72, 71, 70]","[101, 8, 102]","[32, 30, 169]","[129, 99, 98]","[76, 77, 78]","[42, 5, 164]","[137, 133, 140]","[133, 17, 132]","[36, 37, 104]"
4160,"[90, 178, 179]","[84, 53, 54]","[84, 179, 155]","[147, 144, 148]","[106, 8, 107]","[85, 127, 128]","[154, 38, 40]","[105, 27, 106]","[110, 6, 136]","[85, 151, 84]","[4, 10, 2]","[91, 90, 92]"
4161,"[149, 84, 142]","[43, 139, 128]","[37, 132, 35]","[3, 100, 82]","[81, 24, 131]","[149, 148, 27]","[103, 147, 67]","[28, 121, 27]","[86, 177, 178]","[8, 7, 136]","[18, 50, 17]","[102, 75, 100]"
4162,"[159, 15, 16]","[147, 146, 141]","[6, 158, 150]","[49, 50, 72]","[158, 29, 157]","[134, 128, 127]","[81, 141, 143]","[23, 22, 172]","[148, 16, 147]","[52, 168, 167]","[180, 174, 173]","[133, 54, 50]"
4163,"[175, 19, 20]","[87, 93, 90]","[61, 165, 62]","[43, 179, 44]","[124, 11, 16]","[25, 136, 26]","[108, 135, 109]","[179, 177, 155]","[17, 62, 16]","[175, 108, 109]","[127, 136, 128]","[91, 126, 73]"
4164,"[136, 15, 16]","[57, 115, 74]","[145, 170, 167]","[23, 22, 21]","[180, 148, 147]","[60, 59, 57]","[142, 6, 5]","[130, 168, 172]","[127, 150, 149]","[176, 166, 178]","[36, 30, 37]","[162, 59, 60]"
4165,"[162, 172, 171]","[109, 110, 106]","[91, 8, 92]","[23, 140, 141]","[154, 173, 174]","[1, 42, 4]","[96, 53, 95]","[149, 120, 121]","[45, 113, 47]","[4, 41, 5]","[117, 125, 116]","[44, 52, 55]"
4166,"[78, 150, 81]","[169, 173, 180]","[59, 175, 177]","[19, 147, 21]","[99, 149, 155]","[66, 118, 117]","[93, 157, 131]","[144, 114, 143]","[0, 73, 64]","[24, 22, 159]","[11, 22, 10]","[86, 88, 87]"
4167,"[167, 79, 166]","[175, 140, 109]","[27, 6, 10]","[36, 37, 152]","[74, 15, 75]","[30, 164, 163]","[87, 169, 168]","[140, 136, 59]","[16, 127, 17]","[0, 1, 2]","[1, 9, 2]","[63, 64, 34]"
4168,"[153, 79, 50]","[34, 33, 26]","[51, 166, 52]","[42, 132, 43]","[171, 159, 152]","[11, 10, 8]","[102, 64, 63]","[26, 172, 42]","[164, 158, 166]","[24, 23, 22]","[86, 168, 87]","[33, 36, 41]"
4169,"[153, 74, 73]","[31, 32, 22]","[2, 131, 1]","[66, 71, 9]","[153, 99, 164]","[106, 109, 107]","[114, 80, 81]","[12, 13, 25]","[99, 153, 118]","[143, 142, 61]","[0, 21, 30]","[172, 62, 31]"
4170,"[64, 130, 132]","[34, 155, 10]","[99, 55, 0]","[159, 34, 158]","[0, 76, 1]","[143, 138, 101]","[76, 38, 75]","[153, 154, 10]","[26, 53, 163]","[82, 83, 176]","[0, 8, 18]","[147, 129, 146]"
4171,"[54, 17, 53]","[114, 76, 121]","[108, 35, 109]","[84, 114, 85]","[0, 44, 142]","[57, 156, 113]","[112, 33, 32]","[44, 140, 138]","[140, 10, 139]","[171, 57, 172]","[5, 23, 24]","[112, 111, 86]"
4172,"[180, 50, 48]","[134, 27, 130]","[158, 64, 157]","[51, 44, 96]","[90, 4, 91]","[55, 56, 60]","[1, 144, 129]","[51, 50, 176]","[113, 6, 9]","[60, 59, 50]","[5, 14, 9]","[175, 174, 176]"
4173,"[163, 153, 161]","[33, 19, 34]","[46, 115, 105]","[153, 152, 160]","[101, 38, 102]","[77, 75, 126]","[137, 110, 133]","[85, 84, 87]","[101, 13, 48]","[75, 149, 153]","[47, 41, 46]","[98, 107, 108]"
4174,"[23, 81, 82]","[50, 107, 130]","[109, 30, 8]","[60, 66, 58]","[110, 162, 163]","[50, 51, 49]","[38, 15, 14]","[42, 41, 140]","[161, 175, 162]","[60, 59, 58]","[134, 140, 133]","[122, 121, 120]"
4175,"[47, 132, 48]","[86, 85, 82]","[71, 7, 48]","[93, 176, 65]","[13, 73, 72]","[126, 125, 123]","[44, 108, 41]","[171, 87, 177]","[78, 18, 109]","[120, 4, 119]","[0, 38, 13]","[117, 116, 115]"
4176,"[176, 89, 77]","[119, 116, 0]","[29, 175, 24]","[146, 87, 38]","[93, 116, 92]","[112, 147, 148]","[26, 117, 24]","[134, 71, 133]","[87, 33, 91]","[169, 164, 163]","[151, 157, 158]","[74, 49, 51]"
4177,"[121, 140, 150]","[133, 73, 72]","[171, 48, 49]","[37, 58, 38]","[96, 113, 180]","[27, 165, 171]","[153, 32, 31]","[129, 128, 0]","[34, 80, 35]","[173, 171, 132]","[1, 13, 21]","[115, 73, 72]"
4178,"[43, 60, 71]","[24, 139, 138]","[166, 79, 123]","[48, 49, 45]","[128, 67, 50]","[35, 89, 34]","[141, 166, 93]","[20, 17, 21]","[71, 13, 70]","[64, 136, 89]","[0, 1, 7]","[110, 5, 124]"
4179,"[77, 19, 18]","[161, 159, 136]","[70, 45, 69]","[94, 92, 91]","[80, 7, 81]","[158, 160, 159]","[23, 7, 6]","[48, 49, 112]","[0, 101, 21]","[15, 14, 64]","[134, 166, 133]","[3, 4, 75]"
4180,"[107, 77, 76]","[147, 63, 33]","[108, 85, 107]","[70, 69, 72]","[122, 2, 1]","[84, 105, 107]","[35, 135, 168]","[2, 4, 3]","[72, 168, 76]","[134, 135, 137]","[18, 11, 12]","[55, 54, 56]"
4181,"[32, 162, 163]","[114, 177, 148]","[176, 26, 12]","[46, 47, 139]","[134, 26, 133]","[179, 180, 177]","[65, 32, 159]","[113, 2, 1]","[9, 58, 57]","[178, 179, 153]","[25, 31, 24]","[35, 113, 36]"
4182,"[65, 119, 64]","[19, 20, 54]","[4, 144, 145]","[25, 23, 180]","[176, 12, 177]","[148, 2, 1]","[104, 14, 0]","[115, 114, 116]","[176, 12, 177]","[148, 1, 147]","[0, 20, 19]","[84, 83, 81]"
4183,"[175, 131, 180]","[163, 168, 101]","[80, 131, 6]","[104, 105, 118]","[137, 156, 103]","[38, 73, 74]","[66, 125, 124]","[15, 139, 98]","[95, 153, 59]","[2, 1, 9]","[0, 6, 1]","[55, 57, 56]"
4184,"[27, 59, 58]","[44, 42, 45]","[18, 24, 23]","[33, 106, 109]","[103, 52, 104]","[8, 9, 10]","[180, 44, 171]","[39, 40, 38]","[61, 111, 132]","[9, 10, 0]","[1, 7, 41]","[95, 96, 139]"
4185,"[38, 155, 154]","[61, 50, 88]","[49, 170, 50]","[136, 73, 115]","[174, 147, 175]","[79, 9, 16]","[97, 166, 96]","[120, 75, 76]","[156, 97, 147]","[12, 16, 10]","[2, 8, 9]","[109, 110, 108]"
4186,"[26, 177, 79]","[51, 52, 53]","[85, 126, 84]","[173, 172, 174]","[68, 17, 77]","[173, 109, 110]","[68, 110, 70]","[30, 28, 29]","[17, 68, 102]","[108, 110, 109]","[0, 9, 1]","[108, 107, 32]"
4187,"[156, 22, 42]","[46, 50, 70]","[147, 164, 50]","[72, 73, 74]","[18, 10, 137]","[152, 150, 151]","[28, 49, 30]","[139, 161, 140]","[46, 84, 45]","[117, 115, 56]","[177, 171, 178]","[96, 98, 99]"
4188,"[132, 81, 133]","[30, 121, 118]","[38, 121, 37]","[89, 43, 177]","[56, 167, 57]","[178, 179, 142]","[59, 97, 101]","[168, 58, 56]","[166, 135, 167]","[7, 178, 179]","[178, 21, 179]","[84, 92, 87]"
4189,"[15, 4, 8]","[36, 37, 38]","[100, 43, 102]","[39, 13, 20]","[128, 99, 106]","[4, 25, 175]","[33, 91, 11]","[166, 67, 62]","[108, 128, 106]","[4, 9, 52]","[27, 16, 28]","[121, 56, 62]"
4190,"[23, 167, 164]","[120, 124, 144]","[33, 137, 163]","[63, 64, 83]","[70, 5, 72]","[54, 62, 98]","[112, 44, 46]","[35, 3, 88]","[70, 5, 69]","[62, 54, 58]","[31, 20, 32]","[36, 86, 85]"
4191,"[56, 168, 6]","[162, 107, 154]","[18, 1, 20]","[144, 143, 165]","[148, 168, 152]","[53, 54, 52]","[148, 8, 54]","[97, 100, 98]","[75, 132, 133]","[52, 55, 53]","[90, 84, 85]","[122, 123, 121]"
4192,"[17, 80, 16]","[55, 117, 54]","[30, 115, 29]","[86, 87, 0]","[147, 17, 148]","[48, 119, 175]","[82, 40, 42]","[31, 32, 30]","[18, 148, 17]","[119, 48, 118]","[3, 13, 7]","[49, 48, 47]"
4193,"[112, 21, 113]","[161, 59, 58]","[144, 9, 145]","[123, 129, 128]","[174, 75, 1]","[147, 67, 68]","[171, 151, 174]","[74, 78, 76]","[71, 162, 161]","[69, 143, 153]","[17, 6, 8]","[63, 91, 64]"
4194,"[76, 4, 28]","[103, 154, 101]","[65, 10, 11]","[114, 115, 117]","[162, 124, 136]","[96, 95, 97]","[54, 174, 175]","[123, 101, 18]","[91, 143, 84]","[173, 169, 170]","[41, 25, 23]","[116, 115, 98]"
4195,"[141, 60, 142]","[91, 90, 89]","[180, 39, 140]","[14, 86, 18]","[137, 27, 136]","[89, 86, 88]","[52, 24, 51]","[90, 88, 14]","[171, 133, 132]","[94, 91, 96]","[131, 137, 132]","[99, 100, 101]"
4196,"[169, 179, 178]","[155, 22, 9]","[155, 101, 156]","[63, 110, 37]","[84, 20, 19]","[132, 169, 170]","[61, 153, 64]","[9, 126, 2]","[97, 135, 26]","[132, 11, 65]","[0, 55, 56]","[124, 22, 120]"
4197,"[75, 100, 101]","[136, 46, 137]","[51, 89, 49]","[151, 146, 150]","[76, 50, 52]","[119, 120, 124]","[152, 162, 153]","[68, 66, 67]","[72, 165, 50]","[123, 124, 19]","[0, 29, 30]","[153, 152, 154]"
4198,"[8, 152, 153]","[179, 178, 142]","[153, 33, 154]","[113, 112, 66]","[168, 114, 169]","[36, 37, 140]","[15, 95, 17]","[76, 75, 88]","[145, 54, 144]","[156, 10, 68]","[0, 6, 7]","[122, 160, 120]"
4199,"[155, 50, 52]","[71, 171, 10]","[20, 164, 167]","[45, 46, 39]","[28, 172, 29]","[16, 66, 17]","[75, 131, 132]","[8, 41, 9]","[97, 175, 176]","[57, 56, 79]","[24, 18, 25]","[99, 98, 100]"
4200,"[162, 45, 65]","[126, 127, 87]","[21, 92, 22]","[134, 136, 137]","[168, 24, 17]","[136, 64, 133]","[138, 39, 6]","[84, 85, 159]","[7, 149, 148]","[113, 118, 112]","[0, 6, 1]","[142, 146, 140]"
4201,"[88, 6, 87]","[149, 152, 141]","[104, 82, 124]","[57, 22, 54]","[111, 147, 109]","[77, 126, 78]","[57, 2, 0]","[144, 145, 146]","[7, 130, 129]","[14, 116, 119]","[88, 175, 89]","[41, 39, 40]"
4202,"[25, 50, 49]","[81, 166, 38]","[22, 33, 34]","[107, 108, 110]","[174, 56, 175]","[69, 66, 75]","[41, 79, 40]","[169, 92, 150]","[56, 175, 55]","[151, 75, 69]","[126, 120, 121]","[81, 82, 76]"
4203,"[41, 179, 43]","[129, 128, 127]","[177, 81, 131]","[39, 40, 62]","[2, 25, 24]","[70, 166, 167]","[65, 124, 100]","[126, 127, 159]","[2, 25, 1]","[121, 71, 134]","[28, 35, 29]","[175, 61, 59]"
4204,"[74, 174, 73]","[2, 1, 144]","[99, 130, 100]","[156, 152, 153]","[111, 44, 34]","[16, 21, 100]","[36, 78, 77]","[115, 114, 101]","[87, 171, 108]","[16, 17, 4]","[19, 10, 9]","[117, 109, 108]"
4205,"[152, 8, 153]","[53, 110, 162]","[105, 51, 50]","[146, 148, 147]","[42, 33, 32]","[135, 136, 125]","[89, 39, 62]","[135, 136, 137]","[118, 29, 119]","[176, 19, 46]","[2, 15, 3]","[111, 87, 112]"
4206,"[151, 175, 177]","[2, 1, 0]","[172, 163, 14]","[30, 31, 145]","[8, 17, 7]","[178, 176, 177]","[133, 96, 61]","[106, 149, 7]","[19, 12, 20]","[34, 36, 103]","[18, 157, 19]","[86, 58, 59]"
4207,"[88, 107, 87]","[48, 47, 161]","[42, 119, 41]","[142, 132, 95]","[21, 135, 117]","[155, 140, 45]","[65, 160, 159]","[44, 45, 46]","[88, 13, 11]","[73, 138, 137]","[23, 17, 129]","[64, 65, 25]"
4208,"[44, 156, 45]","[93, 0, 25]","[159, 15, 158]","[128, 129, 44]","[88, 145, 87]","[156, 157, 108]","[70, 145, 146]","[28, 27, 29]","[177, 45, 46]","[66, 65, 4]","[29, 21, 28]","[115, 120, 172]"
4209,"[143, 65, 104]","[44, 50, 4]","[87, 113, 85]","[34, 105, 118]","[73, 29, 72]","[120, 45, 50]","[168, 15, 147]","[53, 90, 52]","[73, 29, 28]","[85, 156, 42]","[0, 20, 1]","[58, 57, 59]"
4210,"[180, 16, 15]","[50, 87, 86]","[31, 160, 152]","[122, 121, 105]","[26, 151, 27]","[167, 114, 78]","[27, 121, 130]","[81, 114, 164]","[71, 158, 159]","[114, 51, 57]","[56, 36, 33]","[71, 72, 70]"
4211,"[172, 165, 171]","[157, 156, 137]","[4, 148, 5]","[34, 91, 90]","[55, 98, 56]","[163, 160, 164]","[72, 12, 27]","[84, 85, 83]","[19, 99, 98]","[117, 115, 157]","[0, 18, 162]","[47, 59, 46]"
4212,"[63, 156, 160]","[123, 81, 82]","[48, 105, 178]","[59, 87, 60]","[31, 175, 30]","[136, 106, 137]","[134, 8, 80]","[42, 145, 169]","[29, 173, 30]","[137, 138, 132]","[13, 4, 3]","[155, 14, 116]"
4213,"[91, 153, 175]","[144, 81, 36]","[177, 69, 67]","[26, 23, 24]","[16, 99, 17]","[120, 122, 121]","[17, 9, 8]","[159, 161, 160]","[35, 83, 139]","[75, 70, 127]","[14, 78, 77]","[52, 51, 177]"
4214,"[43, 9, 44]","[151, 138, 174]","[169, 25, 28]","[59, 2, 35]","[48, 33, 57]","[77, 119, 78]","[84, 142, 177]","[8, 5, 27]","[123, 139, 124]","[36, 74, 52]","[8, 26, 9]","[102, 105, 103]"
4215,"[124, 141, 122]","[76, 25, 67]","[38, 24, 37]","[104, 106, 108]","[163, 9, 11]","[177, 178, 24]","[42, 160, 161]","[23, 32, 31]","[6, 160, 41]","[21, 25, 18]","[5, 46, 6]","[126, 99, 125]"
4216,"[6, 53, 52]","[72, 173, 73]","[98, 7, 99]","[152, 149, 153]","[109, 81, 110]","[23, 164, 166]","[50, 12, 164]","[149, 173, 172]","[122, 81, 124]","[142, 25, 117]","[0, 7, 1]","[48, 72, 68]"
4217,"[62, 34, 63]","[94, 116, 115]","[133, 21, 131]","[97, 13, 14]","[4, 161, 3]","[80, 79, 81]","[54, 132, 55]","[121, 122, 123]","[141, 45, 44]","[15, 80, 75]","[0, 24, 23]","[104, 103, 102]"
4218,"[1, 63, 0]","[120, 119, 164]","[50, 143, 173]","[153, 154, 155]","[37, 9, 126]","[27, 75, 99]","[175, 2, 108]","[75, 157, 76]","[36, 8, 61]","[136, 138, 132]","[34, 43, 35]","[136, 137, 135]"
4219,"[132, 176, 175]","[151, 152, 153]","[60, 170, 61]","[159, 160, 161]","[149, 14, 150]","[91, 90, 114]","[175, 100, 126]","[80, 152, 81]","[89, 102, 20]","[144, 0, 124]","[180, 9, 10]","[90, 92, 93]"
4220,"[155, 54, 41]","[131, 174, 175]","[17, 117, 166]","[55, 56, 49]","[142, 10, 143]","[53, 82, 76]","[180, 143, 173]","[65, 58, 56]","[112, 10, 142]","[16, 77, 93]","[79, 85, 83]","[180, 179, 168]"
4221,"[138, 26, 137]","[85, 87, 93]","[143, 96, 133]","[71, 72, 52]","[57, 117, 59]","[73, 74, 160]","[105, 24, 104]","[90, 96, 77]","[1, 67, 7]","[159, 158, 164]","[2, 21, 0]","[59, 161, 162]"
4222,"[5, 29, 35]","[175, 170, 67]","[164, 17, 165]","[89, 82, 93]","[1, 26, 0]","[58, 57, 132]","[65, 43, 44]","[165, 166, 168]","[176, 44, 177]","[58, 57, 61]","[0, 33, 1]","[88, 90, 80]"
4223,"[127, 84, 124]","[106, 144, 114]","[147, 65, 146]","[108, 105, 8]","[138, 79, 136]","[97, 94, 99]","[123, 71, 122]","[159, 160, 158]","[138, 79, 136]","[94, 56, 97]","[148, 142, 143]","[46, 45, 44]"
4224,"[117, 167, 42]","[6, 73, 69]","[22, 97, 23]","[61, 60, 0]","[0, 20, 1]","[66, 65, 77]","[57, 134, 108]","[67, 77, 74]","[101, 28, 102]","[179, 160, 178]","[137, 131, 9]","[67, 68, 31]"
4225,"[176, 106, 174]","[39, 156, 33]","[22, 108, 107]","[140, 139, 141]","[175, 94, 4]","[84, 149, 122]","[131, 14, 32]","[140, 139, 141]","[153, 170, 154]","[97, 147, 144]","[156, 150, 157]","[20, 23, 21]"
4226,"[148, 22, 21]","[102, 38, 99]","[79, 127, 78]","[10, 27, 66]","[61, 10, 9]","[122, 125, 21]","[91, 9, 90]","[28, 55, 23]","[62, 11, 61]","[153, 150, 172]","[150, 19, 149]","[39, 4, 110]"
4227,"[149, 133, 65]","[43, 159, 42]","[139, 62, 140]","[123, 106, 124]","[65, 21, 89]","[164, 165, 4]","[127, 11, 165]","[35, 174, 32]","[90, 125, 89]","[28, 70, 29]","[164, 158, 157]","[71, 72, 70]"
4228,"[52, 156, 55]","[2, 3, 38]","[176, 32, 177]","[2, 3, 4]","[33, 138, 60]","[178, 176, 15]","[6, 29, 28]","[138, 151, 20]","[138, 33, 32]","[177, 100, 179]","[26, 9, 8]","[86, 163, 161]"
4229,"[106, 26, 25]","[161, 162, 63]","[37, 96, 38]","[0, 11, 10]","[39, 97, 58]","[24, 19, 20]","[99, 42, 128]","[52, 158, 159]","[39, 97, 40]","[19, 114, 20]","[29, 100, 28]","[121, 120, 45]"
4230,"[46, 158, 47]","[138, 137, 141]","[125, 135, 136]","[104, 89, 105]","[159, 19, 20]","[142, 66, 52]","[40, 120, 39]","[129, 132, 131]","[16, 55, 19]","[145, 144, 45]","[0, 12, 17]","[152, 143, 153]"
4231,"[45, 84, 50]","[119, 121, 120]","[79, 61, 98]","[156, 157, 158]","[3, 93, 109]","[129, 68, 67]","[105, 162, 90]","[180, 123, 125]","[3, 93, 94]","[130, 131, 69]","[169, 85, 84]","[3, 4, 136]"
4232,"[127, 33, 128]","[27, 26, 79]","[23, 10, 24]","[129, 128, 127]","[2, 8, 3]","[61, 63, 141]","[158, 174, 176]","[25, 24, 46]","[24, 9, 10]","[47, 65, 79]","[0, 157, 156]","[69, 121, 68]"
4233,"[154, 31, 32]","[159, 158, 150]","[90, 5, 4]","[38, 33, 32]","[2, 144, 1]","[136, 68, 67]","[12, 119, 11]","[50, 169, 168]","[166, 122, 164]","[97, 96, 95]","[2, 35, 1]","[97, 125, 157]"
4234,"[41, 101, 42]","[76, 75, 73]","[58, 152, 151]","[117, 114, 118]","[152, 8, 153]","[124, 176, 177]","[173, 107, 174]","[145, 144, 140]","[33, 7, 6]","[149, 150, 134]","[180, 11, 10]","[124, 161, 128]"
4235,"[3, 24, 2]","[122, 136, 121]","[96, 172, 99]","[107, 40, 64]","[40, 98, 99]","[148, 146, 145]","[104, 169, 164]","[30, 29, 2]","[34, 101, 33]","[151, 137, 152]","[76, 70, 69]","[119, 118, 117]"
4236,"[48, 169, 49]","[25, 131, 132]","[72, 9, 178]","[134, 132, 28]","[20, 12, 19]","[30, 134, 133]","[72, 19, 70]","[84, 126, 85]","[20, 12, 126]","[177, 96, 144]","[0, 7, 3]","[19, 20, 95]"
4237,"[132, 167, 133]","[51, 47, 50]","[92, 32, 34]","[13, 14, 103]","[31, 134, 32]","[139, 63, 61]","[70, 178, 69]","[101, 100, 99]","[134, 31, 32]","[139, 61, 63]","[162, 168, 180]","[9, 8, 11]"
4238,"[0, 26, 38]","[89, 41, 59]","[8, 152, 151]","[47, 134, 135]","[15, 141, 86]","[31, 72, 33]","[154, 160, 155]","[138, 139, 144]","[95, 3, 176]","[67, 69, 68]","[180, 174, 179]","[109, 110, 152]"
4239,"[123, 154, 155]","[54, 107, 68]","[171, 27, 23]","[111, 110, 148]","[148, 179, 0]","[104, 106, 103]","[27, 9, 28]","[154, 153, 155]","[94, 6, 0]","[159, 100, 101]","[0, 7, 5]","[131, 132, 31]"
4240,"[18, 9, 16]","[70, 87, 86]","[8, 119, 4]","[163, 105, 53]","[0, 117, 22]","[38, 59, 58]","[119, 158, 118]","[25, 76, 83]","[63, 179, 22]","[97, 99, 100]","[4, 174, 179]","[104, 103, 105]"
4241,"[132, 53, 54]","[96, 97, 102]","[155, 11, 156]","[104, 103, 92]","[175, 81, 154]","[100, 101, 24]","[50, 80, 49]","[180, 179, 0]","[81, 175, 85]","[97, 98, 99]","[128, 149, 129]","[114, 84, 87]"
4242,"[88, 12, 49]","[163, 164, 162]","[174, 157, 14]","[106, 107, 108]","[54, 64, 88]","[19, 167, 18]","[33, 162, 34]","[5, 6, 10]","[54, 64, 26]","[19, 167, 168]","[180, 58, 179]","[59, 60, 164]"
4243,"[37, 96, 36]","[176, 164, 132]","[166, 129, 93]","[55, 54, 88]","[142, 45, 143]","[86, 96, 85]","[142, 27, 143]","[66, 72, 73]","[46, 143, 144]","[24, 23, 158]","[166, 172, 167]","[140, 53, 130]"
4244,"[170, 176, 171]","[37, 36, 38]","[57, 8, 56]","[99, 141, 100]","[0, 98, 178]","[154, 153, 54]","[119, 78, 114]","[25, 26, 30]","[32, 113, 138]","[126, 60, 152]","[1, 16, 2]","[64, 65, 63]"
4245,"[148, 115, 147]","[71, 70, 21]","[58, 106, 107]","[76, 77, 73]","[93, 132, 115]","[39, 38, 43]","[151, 142, 154]","[20, 83, 21]","[118, 80, 119]","[54, 55, 66]","[19, 7, 20]","[166, 150, 159]"
4246,"[31, 163, 104]","[76, 3, 4]","[92, 69, 70]","[180, 179, 129]","[6, 46, 47]","[153, 152, 29]","[51, 89, 61]","[3, 2, 6]","[59, 94, 142]","[151, 150, 152]","[0, 7, 6]","[131, 129, 90]"
4247,"[167, 23, 166]","[131, 50, 130]","[65, 4, 173]","[84, 120, 79]","[54, 173, 53]","[37, 46, 41]","[168, 42, 169]","[140, 143, 142]","[150, 27, 151]","[94, 37, 46]","[144, 138, 143]","[81, 80, 79]"
4248,"[58, 17, 59]","[8, 137, 138]","[126, 8, 57]","[178, 148, 180]","[169, 25, 168]","[121, 99, 118]","[133, 173, 139]","[46, 45, 98]","[19, 163, 24]","[119, 118, 120]","[0, 11, 10]","[138, 50, 129]"
4249,"[152, 8, 154]","[97, 98, 99]","[177, 113, 178]","[84, 140, 139]","[76, 152, 78]","[105, 106, 102]","[167, 152, 28]","[91, 93, 64]","[131, 38, 132]","[92, 91, 90]","[41, 20, 19]","[178, 79, 149]"
4250,"[180, 47, 179]","[126, 130, 128]","[180, 146, 85]","[165, 161, 79]","[140, 18, 141]","[61, 60, 112]","[45, 37, 180]","[94, 91, 92]","[140, 18, 19]","[61, 112, 60]","[40, 25, 41]","[179, 135, 127]"
4251,"[127, 36, 35]","[139, 108, 109]","[113, 75, 48]","[134, 132, 68]","[28, 172, 171]","[69, 68, 148]","[22, 72, 73]","[65, 64, 14]","[105, 166, 29]","[114, 154, 140]","[6, 22, 5]","[50, 175, 49]"
4252,"[134, 34, 117]","[53, 59, 161]","[94, 164, 95]","[138, 176, 142]","[120, 62, 121]","[126, 125, 159]","[84, 137, 17]","[95, 0, 67]","[62, 120, 63]","[126, 130, 73]","[180, 169, 168]","[121, 148, 147]"
4253,"[158, 35, 34]","[89, 151, 87]","[51, 60, 52]","[152, 153, 155]","[88, 18, 9]","[99, 100, 96]","[38, 149, 39]","[131, 132, 130]","[88, 18, 19]","[1, 79, 37]","[59, 65, 61]","[55, 23, 22]"
4254,"[62, 35, 58]","[141, 75, 146]","[86, 121, 23]","[65, 66, 69]","[7, 88, 8]","[109, 135, 139]","[62, 13, 63]","[114, 138, 134]","[86, 5, 4]","[72, 109, 55]","[3, 21, 4]","[97, 95, 96]"
4255,"[16, 126, 128]","[87, 88, 89]","[41, 133, 158]","[83, 85, 26]","[45, 8, 44]","[138, 142, 141]","[114, 81, 41]","[60, 161, 159]","[105, 29, 27]","[180, 61, 60]","[0, 23, 1]","[66, 65, 64]"
4256,"[90, 162, 163]","[42, 39, 41]","[79, 163, 80]","[22, 19, 21]","[63, 162, 161]","[157, 158, 45]","[180, 174, 172]","[91, 117, 111]","[125, 22, 122]","[1, 49, 156]","[0, 179, 180]","[104, 105, 103]"
4257,"[20, 12, 1]","[82, 48, 81]","[0, 20, 177]","[61, 56, 60]","[84, 12, 180]","[132, 131, 71]","[14, 177, 15]","[81, 121, 119]","[38, 88, 87]","[132, 131, 66]","[148, 156, 160]","[62, 63, 64]"
4258,"[20, 11, 12]","[171, 172, 170]","[134, 68, 133]","[19, 18, 17]","[146, 50, 132]","[7, 8, 9]","[180, 151, 173]","[59, 60, 61]","[66, 132, 112]","[107, 98, 29]","[0, 115, 116]","[180, 66, 64]"
4259,"[73, 121, 74]","[30, 31, 29]","[119, 132, 133]","[52, 49, 54]","[116, 122, 123]","[19, 17, 18]","[111, 63, 114]","[42, 43, 40]","[116, 110, 133]","[17, 105, 16]","[180, 23, 179]","[87, 88, 89]"
4260,"[120, 72, 119]","[147, 149, 150]","[166, 160, 159]","[17, 61, 15]","[26, 38, 60]","[77, 76, 50]","[46, 74, 45]","[23, 25, 18]","[169, 178, 177]","[24, 33, 23]","[44, 50, 43]","[114, 96, 97]"
4261,"[70, 166, 165]","[28, 29, 23]","[0, 37, 38]","[112, 169, 140]","[180, 165, 164]","[22, 7, 23]","[56, 104, 57]","[168, 167, 166]","[160, 153, 161]","[10, 11, 19]","[68, 62, 67]","[96, 97, 98]"
4262,"[180, 164, 165]","[124, 62, 61]","[180, 171, 168]","[132, 131, 52]","[152, 163, 151]","[119, 62, 60]","[180, 174, 175]","[83, 99, 123]","[160, 151, 161]","[70, 65, 71]","[180, 177, 176]","[68, 67, 160]"
4263,"[54, 68, 53]","[172, 136, 135]","[62, 40, 63]","[178, 134, 143]","[59, 82, 83]","[77, 138, 140]","[47, 95, 96]","[86, 15, 11]","[60, 82, 81]","[130, 129, 179]","[86, 80, 79]","[135, 136, 93]"
4264,"[12, 29, 26]","[151, 152, 153]","[0, 16, 15]","[100, 99, 101]","[0, 15, 14]","[79, 76, 77]","[0, 18, 17]","[103, 112, 113]","[0, 15, 14]","[77, 76, 69]","[0, 14, 13]","[122, 117, 121]"
4265,"[29, 150, 28]","[68, 66, 70]","[126, 162, 125]","[93, 92, 47]","[77, 177, 86]","[12, 133, 122]","[161, 175, 162]","[92, 94, 125]","[177, 77, 38]","[16, 17, 15]","[0, 6, 1]","[139, 140, 138]"
4266,"[164, 153, 152]","[105, 107, 104]","[167, 174, 166]","[93, 91, 92]","[154, 58, 57]","[26, 27, 28]","[168, 174, 175]","[126, 97, 100]","[175, 163, 176]","[36, 18, 37]","[0, 6, 1]","[122, 123, 121]"
4267,"[68, 116, 71]","[34, 0, 4]","[129, 81, 82]","[168, 104, 100]","[84, 132, 83]","[180, 2, 3]","[67, 42, 162]","[5, 4, 6]","[80, 128, 127]","[177, 163, 164]","[180, 177, 176]","[88, 129, 89]"
4268,"[45, 93, 164]","[179, 180, 42]","[55, 47, 50]","[63, 132, 152]","[180, 154, 179]","[28, 25, 39]","[39, 31, 32]","[122, 124, 134]","[180, 169, 153]","[28, 27, 17]","[7, 13, 8]","[77, 78, 79]"
4269,"[168, 158, 160]","[177, 176, 178]","[69, 117, 97]","[141, 140, 8]","[96, 48, 95]","[16, 13, 31]","[98, 50, 97]","[132, 159, 160]","[117, 69, 97]","[31, 17, 16]","[68, 62, 67]","[123, 84, 124]"
4270,"[30, 63, 29]","[83, 84, 90]","[32, 126, 31]","[87, 88, 171]","[76, 28, 40]","[68, 69, 67]","[22, 30, 31]","[56, 57, 55]","[85, 37, 38]","[67, 66, 68]","[78, 35, 34]","[49, 48, 45]"
4271,"[0, 117, 116]","[139, 138, 137]","[0, 112, 113]","[43, 178, 179]","[148, 100, 147]","[86, 111, 51]","[0, 115, 114]","[119, 177, 120]","[95, 143, 142]","[89, 52, 51]","[0, 115, 116]","[44, 67, 42]"
4272,"[0, 27, 28]","[130, 129, 131]","[0, 27, 28]","[92, 91, 87]","[0, 27, 28]","[96, 159, 103]","[0, 27, 28]","[117, 50, 108]","[0, 27, 28]","[96, 158, 159]","[69, 75, 68]","[168, 167, 175]"
4273,"[18, 8, 28]","[76, 79, 75]","[151, 7, 152]","[138, 139, 89]","[0, 19, 17]","[171, 170, 164]","[0, 19, 18]","[159, 95, 160]","[14, 20, 13]","[103, 51, 96]","[0, 19, 18]","[101, 116, 124]"
4274,"[0, 22, 23]","[176, 174, 171]","[163, 67, 68]","[123, 113, 114]","[0, 22, 24]","[161, 92, 63]","[141, 93, 42]","[112, 113, 104]","[180, 82, 81]","[114, 115, 116]","[0, 22, 24]","[40, 41, 42]"
4275,"[142, 176, 180]","[171, 172, 173]","[4, 24, 54]","[141, 142, 127]","[114, 66, 115]","[41, 43, 44]","[60, 133, 134]","[180, 144, 179]","[30, 108, 107]","[127, 125, 126]","[147, 72, 20]","[180, 178, 179]"
4276,"[154, 169, 177]","[31, 36, 24]","[171, 160, 172]","[93, 46, 73]","[118, 132, 85]","[80, 83, 82]","[125, 118, 104]","[19, 81, 41]","[116, 61, 115]","[131, 180, 179]","[0, 10, 1]","[48, 47, 51]"
4277,"[0, 81, 167]","[33, 29, 89]","[0, 27, 28]","[131, 126, 137]","[156, 168, 154]","[7, 16, 63]","[0, 27, 28]","[131, 134, 94]","[165, 174, 175]","[9, 57, 10]","[0, 27, 28]","[138, 139, 137]"
4278,"[22, 12, 21]","[177, 153, 154]","[6, 20, 21]","[116, 115, 114]","[1, 103, 0]","[177, 175, 176]","[103, 141, 105]","[5, 6, 7]","[0, 103, 49]","[104, 35, 27]","[142, 148, 143]","[141, 123, 140]"
4279,"[54, 48, 55]","[165, 166, 164]","[54, 48, 49]","[37, 142, 143]","[54, 48, 92]","[133, 134, 132]","[48, 54, 93]","[160, 161, 23]","[48, 54, 55]","[2, 3, 4]","[145, 139, 143]","[163, 162, 148]"
4280,"[169, 159, 174]","[89, 112, 126]","[0, 23, 24]","[109, 129, 130]","[0, 23, 24]","[120, 57, 58]","[0, 23, 24]","[120, 119, 109]","[0, 23, 24]","[128, 129, 155]","[0, 142, 141]","[92, 110, 109]"
4281,"[5, 36, 6]","[152, 155, 154]","[180, 127, 128]","[51, 44, 45]","[16, 28, 26]","[122, 140, 121]","[180, 129, 130]","[85, 87, 83]","[28, 16, 23]","[118, 117, 179]","[180, 22, 179]","[62, 83, 64]"
4282,"[0, 21, 20]","[152, 119, 89]","[157, 109, 156]","[0, 1, 2]","[116, 164, 117]","[128, 129, 130]","[167, 161, 166]","[131, 132, 29]","[165, 117, 166]","[37, 133, 25]","[0, 115, 116]","[180, 66, 64]"
4283,"[0, 29, 30]","[52, 55, 87]","[180, 164, 118]","[158, 159, 142]","[0, 29, 30]","[147, 55, 148]","[0, 29, 30]","[179, 178, 177]","[0, 29, 30]","[52, 53, 54]","[0, 115, 116]","[180, 66, 64]"
4284,"[160, 16, 13]","[42, 40, 41]","[70, 30, 71]","[148, 41, 16]","[129, 16, 112]","[145, 96, 146]","[180, 122, 129]","[24, 146, 25]","[33, 9, 8]","[144, 145, 146]","[0, 170, 171]","[129, 148, 130]"
4285,"[26, 19, 21]","[62, 141, 142]","[180, 125, 126]","[113, 45, 85]","[14, 7, 13]","[130, 90, 131]","[114, 162, 0]","[58, 151, 152]","[0, 20, 23]","[131, 133, 134]","[0, 6, 1]","[92, 110, 109]"
4286,"[42, 169, 167]","[78, 77, 125]","[179, 50, 180]","[89, 90, 133]","[180, 174, 53]","[30, 142, 106]","[101, 33, 115]","[143, 59, 124]","[180, 174, 21]","[2, 107, 45]","[35, 41, 40]","[99, 83, 144]"
4287,"[0, 8, 7]","[31, 30, 34]","[0, 29, 28]","[127, 128, 129]","[57, 9, 58]","[36, 123, 122]","[0, 31, 30]","[64, 60, 61]","[8, 56, 9]","[23, 22, 24]","[0, 115, 116]","[35, 31, 69]"
4288,"[90, 37, 38]","[19, 18, 21]","[159, 165, 158]","[44, 43, 45]","[45, 74, 75]","[5, 99, 6]","[90, 54, 53]","[175, 166, 174]","[90, 36, 37]","[99, 7, 6]","[180, 160, 159]","[109, 100, 102]"
4289,"[0, 35, 37]","[75, 165, 74]","[70, 179, 71]","[148, 149, 44]","[0, 35, 36]","[116, 89, 158]","[0, 35, 36]","[140, 142, 149]","[0, 35, 36]","[90, 169, 157]","[0, 35, 36]","[180, 140, 141]"
4290,"[76, 97, 98]","[52, 51, 50]","[173, 163, 177]","[164, 22, 33]","[17, 23, 16]","[106, 40, 107]","[15, 7, 16]","[52, 54, 53]","[178, 97, 176]","[40, 43, 41]","[14, 8, 7]","[139, 140, 138]"
4291,"[147, 170, 74]","[173, 174, 175]","[0, 27, 28]","[106, 103, 104]","[144, 96, 145]","[33, 32, 31]","[0, 29, 30]","[82, 78, 131]","[148, 52, 147]","[33, 32, 31]","[174, 168, 175]","[134, 86, 85]"
4292,"[158, 6, 3]","[80, 168, 169]","[97, 65, 64]","[77, 76, 75]","[61, 94, 13]","[131, 142, 134]","[43, 91, 93]","[55, 61, 62]","[18, 96, 13]","[151, 155, 154]","[70, 64, 71]","[123, 180, 122]"
4293,"[51, 26, 12]","[123, 1, 122]","[108, 31, 104]","[179, 176, 175]","[39, 13, 12]","[161, 78, 81]","[164, 170, 169]","[136, 134, 135]","[39, 13, 38]","[9, 8, 78]","[0, 6, 1]","[112, 179, 62]"
4294,"[150, 11, 149]","[0, 65, 71]","[10, 119, 120]","[0, 1, 84]","[1, 12, 3]","[0, 62, 61]","[158, 174, 173]","[0, 97, 1]","[5, 12, 168]","[0, 62, 61]","[75, 69, 77]","[0, 89, 90]"
4295,"[180, 170, 169]","[103, 104, 105]","[28, 7, 27]","[112, 30, 113]","[5, 127, 26]","[142, 141, 42]","[180, 154, 153]","[120, 119, 62]","[90, 122, 91]","[65, 66, 11]","[180, 44, 43]","[67, 68, 100]"
4296,"[171, 160, 172]","[64, 63, 62]","[166, 173, 174]","[107, 20, 21]","[161, 175, 168]","[56, 57, 55]","[0, 17, 4]","[117, 140, 65]","[161, 175, 157]","[56, 55, 36]","[81, 160, 157]","[175, 56, 57]"
4297,"[180, 149, 148]","[10, 3, 4]","[62, 110, 109]","[91, 92, 90]","[105, 57, 106]","[29, 4, 3]","[180, 112, 113]","[140, 138, 139]","[59, 107, 105]","[12, 13, 9]","[180, 157, 156]","[39, 38, 2]"
4298,"[180, 135, 134]","[53, 114, 84]","[3, 27, 4]","[37, 39, 38]","[10, 2, 11]","[120, 121, 61]","[180, 28, 47]","[113, 114, 115]","[2, 11, 4]","[120, 119, 118]","[180, 160, 161]","[41, 83, 70]"
4299,"[24, 2, 3]","[129, 128, 102]","[180, 104, 105]","[175, 83, 46]","[180, 123, 121]","[175, 13, 18]","[27, 16, 26]","[97, 96, 95]","[180, 124, 123]","[18, 19, 167]","[0, 115, 116]","[180, 66, 64]"
4300,"[100, 106, 110]","[45, 66, 68]","[100, 106, 101]","[127, 46, 47]","[100, 106, 166]","[156, 146, 157]","[102, 100, 101]","[103, 105, 104]","[100, 106, 107]","[57, 58, 127]","[106, 100, 107]","[82, 81, 80]"
4301,"[158, 172, 157]","[14, 15, 12]","[136, 130, 137]","[154, 155, 158]","[152, 159, 153]","[33, 124, 122]","[130, 136, 131]","[55, 54, 107]","[152, 160, 151]","[24, 97, 26]","[141, 14, 13]","[119, 101, 168]"
4302,"[19, 13, 14]","[118, 117, 77]","[159, 173, 176]","[146, 147, 102]","[174, 78, 86]","[180, 178, 177]","[180, 157, 153]","[138, 54, 53]","[174, 78, 112]","[180, 176, 38]","[0, 115, 116]","[180, 66, 64]"
4303,"[178, 10, 11]","[160, 158, 159]","[0, 25, 26]","[68, 159, 167]","[54, 91, 68]","[35, 81, 146]","[0, 25, 26]","[84, 83, 86]","[179, 50, 126]","[21, 20, 19]","[0, 25, 26]","[90, 89, 100]"
4304,"[180, 152, 125]","[149, 46, 4]","[180, 168, 167]","[81, 18, 82]","[83, 35, 89]","[180, 179, 0]","[180, 122, 123]","[98, 97, 96]","[68, 116, 69]","[2, 1, 175]","[0, 115, 116]","[180, 66, 64]"
4305,"[0, 1, 2]","[5, 107, 50]","[180, 158, 152]","[27, 23, 24]","[177, 171, 152]","[1, 2, 3]","[0, 146, 145]","[5, 52, 159]","[146, 155, 152]","[3, 2, 1]","[96, 102, 101]","[111, 23, 22]"
4306,"[5, 11, 4]","[98, 109, 106]","[129, 81, 80]","[158, 157, 159]","[180, 179, 163]","[3, 2, 4]","[180, 179, 133]","[116, 115, 161]","[180, 179, 163]","[2, 3, 13]","[180, 153, 152]","[1, 2, 3]"
